DateTimeServer,DateTimeNY,Bid,Ask,Spread$,TickVolume_M1
2026.08.17 15:16,2026.08.17 08:16,4394.50,4394.74,0.24,222
2026.08.17 15:17,2026.08.17 08:17,4393.47,4393.69,0.22,202
2026.08.17 15:18,2026.08.17 08:18,4394.77,4395.00,0.23,180
2026.08.17 15:19,2026.08.17 08:19,4395.87,4396.10,0.23,162
2026.08.17 15:20,2026.08.17 08:20,4393.46,4393.69,0.23,371
2026.08.17 15:21,2026.08.17 08:21,4394.18,4394.42,0.24,256
2026.08.17 15:22,2026.08.17 08:22,4393.78,4394.00,0.22,198
2026.08.17 15:23,2026.08.17 08:23,4392.59,4392.82,0.23,202
2026.08.17 15:24,2026.08.17 08:24,4391.88,4392.11,0.23,243
2026.08.17 15:25,2026.08.17 08:25,4385.14,4385.36,0.22,246
2026.08.17 15:26,2026.08.17 08:26,4389.54,4389.77,0.23,433
2026.08.17 15:27,2026.08.17 08:27,4388.30,4388.53,0.23,451
2026.08.17 15:28,2026.08.17 08:28,4385.91,4386.15,0.24,282
2026.08.17 15:29,2026.08.17 08:29,4387.62,4387.84,0.22,300
2026.08.17 15:30,2026.08.17 08:30,4387.56,4387.79,0.23,384
2026.08.17 15:31,2026.08.17 08:31,4385.94,4386.16,0.22,319
2026.08.17 15:32,2026.08.17 08:32,4387.67,4387.91,0.24,271
2026.08.17 15:33,2026.08.17 08:33,4388.96,4389.19,0.23,315
2026.08.17 15:34,2026.08.17 08:34,4387.12,4387.34,0.22,306
2026.08.17 15:35,2026.08.17 08:35,4383.44,4383.67,0.23,242
2026.08.17 15:36,2026.08.17 08:36,4383.41,4383.65,0.24,309
2026.08.17 15:37,2026.08.17 08:37,4383.00,4383.21,0.21,309
2026.08.17 15:38,2026.08.17 08:38,4381.38,4381.60,0.22,286
2026.08.17 15:39,2026.08.17 08:39,4382.16,4382.38,0.22,280
2026.08.17 15:40,2026.08.17 08:40,4381.87,4382.09,0.22,304
2026.08.17 15:41,2026.08.17 08:41,4380.00,4380.24,0.24,212
2026.08.17 15:42,2026.08.17 08:42,4380.51,4380.75,0.24,324
2026.08.17 15:43,2026.08.17 08:43,4378.39,4378.63,0.24,287
2026.08.17 15:44,2026.08.17 08:44,4377.90,4378.12,0.22,275
2026.08.17 15:45,2026.08.17 08:45,4379.05,4379.28,0.23,287
2026.08.17 15:46,2026.08.17 08:46,4378.82,4379.04,0.22,236
2026.08.17 15:47,2026.08.17 08:47,4378.62,4378.84,0.22,258
2026.08.17 15:48,2026.08.17 08:48,4378.06,4378.28,0.22,235
2026.08.17 15:49,2026.08.17 08:49,4380.95,4381.18,0.23,274
2026.08.17 15:50,2026.08.17 08:50,4380.96,4381.19,0.23,259
2026.08.17 15:51,2026.08.17 08:51,4383.98,4384.20,0.22,325
2026.08.17 15:52,2026.08.17 08:52,4383.25,4383.47,0.22,269
2026.08.17 15:53,2026.08.17 08:53,4384.24,4384.47,0.23,231
2026.08.17 15:54,2026.08.17 08:54,4384.91,4385.14,0.23,243
2026.08.17 15:55,2026.08.17 08:55,4384.99,4385.23,0.24,233
2026.08.17 15:56,2026.08.17 08:56,4384.85,4385.08,0.23,240
2026.08.17 15:57,2026.08.17 08:57,4385.94,4386.17,0.23,188
2026.08.17 15:58,2026.08.17 08:58,4385.04,4385.26,0.22,233
2026.08.17 15:59,2026.08.17 08:59,4388.09,4388.32,0.23,288
2026.08.17 16:00,2026.08.17 09:00,4385.83,4386.06,0.23,449
2026.08.17 16:01,2026.08.17 09:01,4382.76,4382.98,0.22,361
2026.08.17 16:02,2026.08.17 09:02,4384.67,4384.89,0.22,368
2026.08.17 16:03,2026.08.17 09:03,4384.63,4384.87,0.24,388
2026.08.17 16:04,2026.08.17 09:04,4384.27,4384.51,0.24,302
2026.08.17 16:05,2026.08.17 09:05,4384.01,4384.24,0.23,325
2026.08.17 16:06,2026.08.17 09:06,4385.74,4385.98,0.24,263
2026.08.17 16:07,2026.08.17 09:07,4384.01,4384.23,0.22,320
2026.08.17 16:08,2026.08.17 09:08,4385.47,4385.70,0.23,287
2026.08.17 16:09,2026.08.17 09:09,4386.77,4386.99,0.22,238
2026.08.17 16:10,2026.08.17 09:10,4387.72,4387.95,0.23,320
2026.08.17 16:11,2026.08.17 09:11,4388.61,4388.83,0.22,263
2026.08.17 16:12,2026.08.17 09:12,4388.36,4388.59,0.23,328
2026.08.17 16:13,2026.08.17 09:13,4386.33,4386.56,0.23,325
2026.08.17 16:14,2026.08.17 09:14,4382.54,4382.77,0.23,274
2026.08.17 16:15,2026.08.17 09:15,4383.67,4383.91,0.24,302
2026.08.17 16:16,2026.08.17 09:16,4383.85,4384.07,0.22,319
2026.08.17 16:17,2026.08.17 09:17,4385.27,4385.50,0.23,266
2026.08.17 16:18,2026.08.17 09:18,4385.75,4385.98,0.23,232
2026.08.17 16:19,2026.08.17 09:19,4387.17,4387.39,0.22,286
2026.08.17 16:20,2026.08.17 09:20,4387.27,4387.50,0.23,310
2026.08.17 16:21,2026.08.17 09:21,4387.79,4388.02,0.23,254
2026.08.17 16:22,2026.08.17 09:22,4386.24,4386.47,0.23,226
2026.08.17 16:23,2026.08.17 09:23,4386.58,4386.81,0.23,272
2026.08.17 16:24,2026.08.17 09:24,4387.37,4387.61,0.24,239
2026.08.17 16:25,2026.08.17 09:25,4386.83,4387.06,0.23,317
2026.08.17 16:26,2026.08.17 09:26,4386.91,4387.15,0.24,247
2026.08.17 16:27,2026.08.17 09:27,4386.59,4386.82,0.23,271
2026.08.17 16:28,2026.08.17 09:28,4386.27,4386.50,0.23,255
2026.08.17 16:29,2026.08.17 09:29,4387.81,4388.03,0.22,231
2026.08.17 16:30,2026.08.17 09:30,4387.81,4388.05,0.24,523
2026.08.17 16:31,2026.08.17 09:31,4388.54,4388.77,0.23,400
2026.08.17 16:32,2026.08.17 09:32,4388.22,4388.44,0.22,417
2026.08.17 16:33,2026.08.17 09:33,4388.83,4389.06,0.23,376
2026.08.17 16:34,2026.08.17 09:34,4386.81,4387.03,0.22,382
2026.08.17 16:35,2026.08.17 09:35,4388.47,4388.70,0.23,412
2026.08.17 16:36,2026.08.17 09:36,4390.10,4390.33,0.23,401
2026.08.17 16:37,2026.08.17 09:37,4391.46,4391.70,0.24,360
2026.08.17 16:38,2026.08.17 09:38,4388.53,4388.75,0.22,418
2026.08.17 16:39,2026.08.17 09:39,4387.24,4387.45,0.21,372
2026.08.17 16:40,2026.08.17 09:40,4387.49,4387.72,0.23,439
2026.08.17 16:41,2026.08.17 09:41,4387.10,4387.34,0.24,423
2026.08.17 16:42,2026.08.17 09:42,4386.92,4387.16,0.24,362
2026.08.17 16:43,2026.08.17 09:43,4385.85,4386.07,0.22,396
2026.08.17 16:44,2026.08.17 09:44,4386.74,4386.98,0.24,337
2026.08.17 16:45,2026.08.17 09:45,4388.66,4388.89,0.23,412
2026.08.17 16:46,2026.08.17 09:46,4387.81,4388.04,0.23,458
2026.08.17 16:47,2026.08.17 09:47,4392.09,4392.31,0.22,402
2026.08.17 16:48,2026.08.17 09:48,4395.55,4395.78,0.23,400
2026.08.17 16:49,2026.08.17 09:49,4396.67,4396.90,0.23,388
2026.08.17 16:50,2026.08.17 09:50,4401.37,4401.59,0.22,434
2026.08.17 16:51,2026.08.17 09:51,4403.11,4403.34,0.23,402
2026.08.17 16:52,2026.08.17 09:52,4405.80,4406.03,0.23,478
2026.08.17 16:53,2026.08.17 09:53,4401.65,4401.88,0.23,502
2026.08.17 16:54,2026.08.17 09:54,4405.57,4405.81,0.24,406
2026.08.17 16:55,2026.08.17 09:55,4408.57,4408.79,0.22,511
2026.08.17 16:56,2026.08.17 09:56,4409.88,4410.11,0.23,478
2026.08.17 16:57,2026.08.17 09:57,4408.41,4408.65,0.24,538
2026.08.17 16:58,2026.08.17 09:58,4408.72,4408.94,0.22,389
2026.08.17 16:59,2026.08.17 09:59,4405.72,4405.95,0.23,356
2026.08.17 17:00,2026.08.17 10:00,4406.33,4406.56,0.23,449
2026.08.17 17:01,2026.08.17 10:01,4406.73,4406.95,0.22,454
2026.08.17 17:02,2026.08.17 10:02,4408.01,4408.24,0.23,473
2026.08.17 17:03,2026.08.17 10:03,4407.97,4408.21,0.24,379
2026.08.17 17:04,2026.08.17 10:04,4406.91,4407.15,0.24,372
2026.08.17 17:05,2026.08.17 10:05,4406.00,4406.22,0.22,459
2026.08.17 17:06,2026.08.17 10:06,4405.90,4406.13,0.23,412
2026.08.17 17:07,2026.08.17 10:07,4405.73,4405.96,0.23,360
2026.08.17 17:08,2026.08.17 10:08,4405.20,4405.43,0.23,336
2026.08.17 17:09,2026.08.17 10:09,4405.04,4405.26,0.22,328
2026.08.17 17:10,2026.08.17 10:10,4403.94,4404.16,0.22,301
2026.08.17 17:11,2026.08.17 10:11,4407.41,4407.63,0.22,274
2026.08.17 17:12,2026.08.17 10:12,4409.73,4409.96,0.23,336
2026.08.17 17:13,2026.08.17 10:13,4412.46,4412.69,0.23,370
2026.08.17 17:14,2026.08.17 10:14,4413.74,4413.97,0.23,355
2026.08.17 17:15,2026.08.17 10:15,4413.22,4413.46,0.24,424
2026.08.17 17:16,2026.08.17 10:16,4416.51,4416.75,0.24,458
2026.08.17 17:17,2026.08.17 10:17,4417.05,4417.28,0.23,453
2026.08.17 17:18,2026.08.17 10:18,4418.37,4418.60,0.23,502
2026.08.17 17:19,2026.08.17 10:19,4418.27,4418.49,0.22,406
2026.08.17 17:20,2026.08.17 10:20,4420.34,4420.58,0.24,420
2026.08.17 17:21,2026.08.17 10:21,4421.98,4422.21,0.23,414
2026.08.17 17:22,2026.08.17 10:22,4425.64,4425.86,0.22,435
2026.08.17 17:23,2026.08.17 10:23,4424.39,4424.62,0.23,463
2026.08.17 17:24,2026.08.17 10:24,4423.53,4423.76,0.23,482
2026.08.17 17:25,2026.08.17 10:25,4421.67,4421.91,0.24,452
2026.08.17 17:26,2026.08.17 10:26,4418.59,4418.81,0.22,380
2026.08.17 17:27,2026.08.17 10:27,4416.07,4416.30,0.23,396
2026.08.17 17:28,2026.08.17 10:28,4418.23,4418.46,0.23,368
2026.08.17 17:29,2026.08.17 10:29,4419.96,4420.20,0.24,369
2026.08.17 17:30,2026.08.17 10:30,4419.73,4419.96,0.23,428
2026.08.17 17:31,2026.08.17 10:31,4423.59,4423.82,0.23,321
2026.08.17 17:32,2026.08.17 10:32,4423.87,4424.10,0.23,322
2026.08.17 17:33,2026.08.17 10:33,4422.06,4422.28,0.22,357
2026.08.17 17:34,2026.08.17 10:34,4421.77,4422.00,0.23,347
2026.08.17 17:35,2026.08.17 10:35,4421.48,4421.71,0.23,371
2026.08.17 17:36,2026.08.17 10:36,4419.84,4420.07,0.23,342
2026.08.17 17:37,2026.08.17 10:37,4417.08,4417.31,0.23,351
2026.08.17 17:38,2026.08.17 10:38,4417.89,4418.11,0.22,335
2026.08.17 17:39,2026.08.17 10:39,4419.46,4419.69,0.23,287
2026.08.17 17:40,2026.08.17 10:40,4418.85,4419.09,0.24,352
2026.08.17 17:41,2026.08.17 10:41,4419.67,4419.90,0.23,349
2026.08.17 17:42,2026.08.17 10:42,4418.59,4418.81,0.22,260
2026.08.17 17:43,2026.08.17 10:43,4417.45,4417.67,0.22,315
2026.08.17 17:44,2026.08.17 10:44,4416.81,4417.03,0.22,316
2026.08.17 17:45,2026.08.17 10:45,4414.91,4415.14,0.23,339
2026.08.17 17:46,2026.08.17 10:46,4415.83,4416.07,0.24,314
2026.08.17 17:47,2026.08.17 10:47,4418.59,4418.81,0.22,299
2026.08.17 17:48,2026.08.17 10:48,4417.17,4417.40,0.23,369
2026.08.17 17:49,2026.08.17 10:49,4420.86,4421.08,0.22,283
2026.08.17 17:50,2026.08.17 10:50,4419.40,4419.63,0.23,359
2026.08.17 17:51,2026.08.17 10:51,4419.01,4419.24,0.23,375
2026.08.17 17:52,2026.08.17 10:52,4417.64,4417.86,0.22,343
2026.08.17 17:53,2026.08.17 10:53,4416.20,4416.42,0.22,376
2026.08.17 17:54,2026.08.17 10:54,4417.55,4417.79,0.24,319
2026.08.17 17:55,2026.08.17 10:55,4414.85,4415.09,0.24,302
2026.08.17 17:56,2026.08.17 10:56,4415.21,4415.44,0.23,310
2026.08.17 17:57,2026.08.17 10:57,4415.22,4415.44,0.22,312
2026.08.17 17:58,2026.08.17 10:58,4417.10,4417.32,0.22,245
2026.08.17 17:59,2026.08.17 10:59,4416.93,4417.16,0.23,288
2026.08.17 18:00,2026.08.17 11:00,4416.72,4416.95,0.23,356
2026.08.17 18:01,2026.08.17 11:01,4418.57,4418.80,0.23,328
2026.08.17 18:02,2026.08.17 11:02,4417.08,4417.30,0.22,378
2026.08.17 18:03,2026.08.17 11:03,4418.51,4418.74,0.23,293
2026.08.17 18:04,2026.08.17 11:04,4418.61,4418.84,0.23,302
2026.08.17 18:05,2026.08.17 11:05,4418.73,4418.96,0.23,315
2026.08.17 18:06,2026.08.17 11:06,4418.24,4418.46,0.22,282
2026.08.17 18:07,2026.08.17 11:07,4417.82,4418.04,0.22,291
2026.08.17 18:08,2026.08.17 11:08,4417.19,4417.42,0.23,290
2026.08.17 18:09,2026.08.17 11:09,4419.57,4419.80,0.23,252
2026.08.17 18:10,2026.08.17 11:10,4420.72,4420.95,0.23,329
2026.08.17 18:11,2026.08.17 11:11,4421.63,4421.85,0.22,273
2026.08.17 18:12,2026.08.17 11:12,4420.72,4420.95,0.23,329
2026.08.17 18:13,2026.08.17 11:13,4421.04,4421.27,0.23,244
2026.08.17 18:14,2026.08.17 11:14,4421.93,4422.16,0.23,262
2026.08.17 18:15,2026.08.17 11:15,4422.32,4422.54,0.22,306
2026.08.17 18:16,2026.08.17 11:16,4420.61,4420.84,0.23,269
2026.08.17 18:17,2026.08.17 11:17,4422.02,4422.24,0.22,314
2026.08.17 18:18,2026.08.17 11:18,4422.03,4422.27,0.24,326
2026.08.17 18:19,2026.08.17 11:19,4423.35,4423.59,0.24,272
2026.08.17 18:20,2026.08.17 11:20,4422.76,4423.00,0.24,303
2026.08.17 18:21,2026.08.17 11:21,4423.35,4423.59,0.24,329
2026.08.17 18:22,2026.08.17 11:22,4423.58,4423.82,0.24,317
2026.08.17 18:23,2026.08.17 11:23,4423.14,4423.36,0.22,301
2026.08.17 18:24,2026.08.17 11:24,4421.47,4421.69,0.22,264
2026.08.17 18:25,2026.08.17 11:25,4422.31,4422.54,0.23,308
2026.08.17 18:26,2026.08.17 11:26,4423.92,4424.14,0.22,349
2026.08.17 18:27,2026.08.17 11:27,4425.55,4425.78,0.23,298
2026.08.17 18:28,2026.08.17 11:28,4425.42,4425.64,0.22,340
2026.08.17 18:29,2026.08.17 11:29,4425.01,4425.25,0.24,270
2026.08.17 18:30,2026.08.17 11:30,4423.08,4423.32,0.24,324
2026.08.17 18:31,2026.08.17 11:31,4423.27,4423.51,0.24,317
2026.08.17 18:32,2026.08.17 11:32,4422.69,4422.92,0.23,289
2026.08.17 18:33,2026.08.17 11:33,4422.72,4422.95,0.23,291
2026.08.17 18:34,2026.08.17 11:34,4422.24,4422.47,0.23,257
2026.08.17 18:35,2026.08.17 11:35,4421.69,4421.93,0.24,278
2026.08.17 18:36,2026.08.17 11:36,4423.25,4423.49,0.24,306
2026.08.17 18:37,2026.08.17 11:37,4422.64,4422.88,0.24,212
2026.08.17 18:38,2026.08.17 11:38,4421.88,4422.10,0.22,236
2026.08.17 18:39,2026.08.17 11:39,4422.01,4422.24,0.23,245
2026.08.17 18:40,2026.08.17 11:40,4420.67,4420.91,0.24,275
2026.08.17 18:41,2026.08.17 11:41,4420.29,4420.52,0.23,328
2026.08.17 18:42,2026.08.17 11:42,4421.67,4421.89,0.22,246
2026.08.17 18:43,2026.08.17 11:43,4419.17,4419.40,0.23,280
2026.08.17 18:44,2026.08.17 11:44,4418.43,4418.65,0.22,279
2026.08.17 18:45,2026.08.17 11:45,4420.29,4420.51,0.22,277
2026.08.17 18:46,2026.08.17 11:46,4421.46,4421.69,0.23,245
2026.08.17 18:47,2026.08.17 11:47,4424.02,4424.24,0.22,203
2026.08.17 18:48,2026.08.17 11:48,4423.95,4424.18,0.23,267
2026.08.17 18:49,2026.08.17 11:49,4424.02,4424.25,0.23,329
2026.08.17 18:50,2026.08.17 11:50,4423.92,4424.15,0.23,266
2026.08.17 18:51,2026.08.17 11:51,4424.18,4424.40,0.22,188
2026.08.17 18:52,2026.08.17 11:52,4425.62,4425.84,0.22,228
2026.08.17 18:53,2026.08.17 11:53,4426.46,4426.68,0.22,253
2026.08.17 18:54,2026.08.17 11:54,4427.65,4427.87,0.22,262
2026.08.17 18:55,2026.08.17 11:55,4427.41,4427.65,0.24,258
2026.08.17 18:56,2026.08.17 11:56,4426.34,4426.58,0.24,270
2026.08.17 18:57,2026.08.17 11:57,4426.91,4427.13,0.22,258
2026.08.17 18:58,2026.08.17 11:58,4427.48,4427.71,0.23,207
2026.08.17 18:59,2026.08.17 11:59,4426.49,4426.71,0.22,232
2026.08.17 19:00,2026.08.17 12:00,4425.47,4425.71,0.24,279
2026.08.17 19:01,2026.08.17 12:01,4424.92,4425.15,0.23,295
2026.08.17 19:02,2026.08.17 12:02,4425.05,4425.27,0.22,228
2026.08.17 19:03,2026.08.17 12:03,4425.44,4425.68,0.24,239
2026.08.17 19:04,2026.08.17 12:04,4425.04,4425.27,0.23,214
2026.08.17 19:05,2026.08.17 12:05,4424.39,4424.62,0.23,223
2026.08.17 19:06,2026.08.17 12:06,4425.96,4426.20,0.24,238
2026.08.17 19:07,2026.08.17 12:07,4427.01,4427.24,0.23,194
2026.08.17 19:08,2026.08.17 12:08,4427.60,4427.83,0.23,245
2026.08.17 19:09,2026.08.17 12:09,4427.34,4427.56,0.22,234
2026.08.17 19:10,2026.08.17 12:10,4426.88,4427.11,0.23,274
2026.08.17 19:11,2026.08.17 12:11,4426.21,4426.44,0.23,205
2026.08.17 19:12,2026.08.17 12:12,4426.39,4426.62,0.23,223
2026.08.17 19:13,2026.08.17 12:13,4425.76,4425.98,0.22,229
2026.08.17 19:14,2026.08.17 12:14,4427.19,4427.43,0.24,191
2026.08.17 19:15,2026.08.17 12:15,4426.54,4426.76,0.22,241
2026.08.17 19:16,2026.08.17 12:16,4425.85,4426.08,0.23,262
2026.08.17 19:17,2026.08.17 12:17,4425.56,4425.79,0.23,219
2026.08.17 19:18,2026.08.17 12:18,4425.74,4425.96,0.22,192
2026.08.17 19:19,2026.08.17 12:19,4425.88,4426.11,0.23,212
2026.08.17 19:20,2026.08.17 12:20,4427.09,4427.32,0.23,269
2026.08.17 19:21,2026.08.17 12:21,4426.74,4426.97,0.23,242
2026.08.17 19:22,2026.08.17 12:22,4425.32,4425.56,0.24,211
2026.08.17 19:23,2026.08.17 12:23,4425.04,4425.28,0.24,240
2026.08.17 19:24,2026.08.17 12:24,4424.20,4424.44,0.24,223
2026.08.17 19:25,2026.08.17 12:25,4424.03,4424.26,0.23,214
2026.08.17 19:26,2026.08.17 12:26,4423.45,4423.68,0.23,222
2026.08.17 19:27,2026.08.17 12:27,4423.51,4423.74,0.23,224
2026.08.17 19:28,2026.08.17 12:28,4424.74,4424.97,0.23,201
2026.08.17 19:29,2026.08.17 12:29,4424.67,4424.90,0.23,248
2026.08.17 19:30,2026.08.17 12:30,4424.42,4424.65,0.23,317
2026.08.17 19:31,2026.08.17 12:31,4422.87,4423.08,0.21,232
2026.08.17 19:32,2026.08.17 12:32,4423.70,4423.93,0.23,164
2026.08.17 19:33,2026.08.17 12:33,4423.97,4424.19,0.22,230
2026.08.17 19:34,2026.08.17 12:34,4424.21,4424.43,0.22,173
2026.08.17 19:35,2026.08.17 12:35,4425.41,4425.64,0.23,214
2026.08.17 19:36,2026.08.17 12:36,4426.15,4426.38,0.23,206
2026.08.17 19:37,2026.08.17 12:37,4426.30,4426.54,0.24,203
2026.08.17 19:38,2026.08.17 12:38,4426.61,4426.83,0.22,204
2026.08.17 19:39,2026.08.17 12:39,4426.51,4426.74,0.23,164
2026.08.17 19:40,2026.08.17 12:40,4425.53,4425.75,0.22,196
2026.08.17 19:41,2026.08.17 12:41,4425.60,4425.83,0.23,185
2026.08.17 19:42,2026.08.17 12:42,4425.85,4426.08,0.23,170
2026.08.17 19:43,2026.08.17 12:43,4424.57,4424.79,0.22,156
2026.08.17 19:44,2026.08.17 12:44,4423.53,4423.76,0.23,171
2026.08.17 19:45,2026.08.17 12:45,4423.73,4423.96,0.23,188
2026.08.17 19:46,2026.08.17 12:46,4423.49,4423.72,0.23,173
2026.08.17 19:47,2026.08.17 12:47,4422.69,4422.92,0.23,163
2026.08.17 19:48,2026.08.17 12:48,4424.29,4424.52,0.23,208
2026.08.17 19:49,2026.08.17 12:49,4425.01,4425.24,0.23,196
2026.08.17 19:50,2026.08.17 12:50,4424.37,4424.59,0.22,169
2026.08.17 19:51,2026.08.17 12:51,4423.22,4423.45,0.23,147
2026.08.17 19:52,2026.08.17 12:52,4423.30,4423.54,0.24,198
2026.08.17 19:53,2026.08.17 12:53,4423.18,4423.40,0.22,144
2026.08.17 19:54,2026.08.17 12:54,4424.78,4425.00,0.22,175
2026.08.17 19:55,2026.08.17 12:55,4424.80,4425.02,0.22,181
2026.08.17 19:56,2026.08.17 12:56,4424.51,4424.73,0.22,147
2026.08.17 19:57,2026.08.17 12:57,4424.82,4425.05,0.23,171
2026.08.17 19:58,2026.08.17 12:58,4424.19,4424.40,0.21,181
2026.08.17 19:59,2026.08.17 12:59,4423.87,4424.09,0.22,185
2026.08.17 20:00,2026.08.17 13:00,4425.19,4425.42,0.23,249
2026.08.17 20:01,2026.08.17 13:01,4425.79,4426.03,0.24,190
2026.08.17 20:02,2026.08.17 13:02,4424.91,4425.14,0.23,183
2026.08.17 20:03,2026.08.17 13:03,4424.54,4424.76,0.22,225
2026.08.17 20:04,2026.08.17 13:04,4422.88,4423.10,0.22,211
2026.08.17 20:05,2026.08.17 13:05,4422.13,4422.34,0.21,300
2026.08.17 20:06,2026.08.17 13:06,4421.58,4421.81,0.23,237
2026.08.17 20:07,2026.08.17 13:07,4421.56,4421.79,0.23,279
2026.08.17 20:08,2026.08.17 13:08,4422.23,4422.46,0.23,219
2026.08.17 20:09,2026.08.17 13:09,4422.84,4423.07,0.23,222
2026.08.17 20:10,2026.08.17 13:10,4422.17,4422.40,0.23,258
2026.08.17 20:11,2026.08.17 13:11,4422.10,4422.34,0.24,251
2026.08.17 20:12,2026.08.17 13:12,4422.25,4422.49,0.24,238
2026.08.17 20:13,2026.08.17 13:13,4423.03,4423.27,0.24,229
2026.08.17 20:14,2026.08.17 13:14,4421.78,4422.01,0.23,229
2026.08.17 20:15,2026.08.17 13:15,4420.88,4421.10,0.22,286
2026.08.17 20:16,2026.08.17 13:16,4420.95,4421.17,0.22,211
2026.08.17 20:17,2026.08.17 13:17,4421.34,4421.57,0.23,246
2026.08.17 20:18,2026.08.17 13:18,4419.15,4419.37,0.22,318
2026.08.17 20:19,2026.08.17 13:19,4419.15,4419.38,0.23,290
2026.08.17 20:20,2026.08.17 13:20,4419.21,4419.44,0.23,275
2026.08.17 20:21,2026.08.17 13:21,4419.26,4419.49,0.23,256
2026.08.17 20:22,2026.08.17 13:22,4417.05,4417.28,0.23,261
2026.08.17 20:23,2026.08.17 13:23,4416.71,4416.93,0.22,315
2026.08.17 20:24,2026.08.17 13:24,4416.91,4417.14,0.23,339
2026.08.17 20:25,2026.08.17 13:25,4415.29,4415.52,0.23,264
2026.08.17 20:26,2026.08.17 13:26,4414.01,4414.23,0.22,309
2026.08.17 20:27,2026.08.17 13:27,4414.65,4414.89,0.24,314
2026.08.17 20:28,2026.08.17 13:28,4416.94,4417.18,0.24,288
2026.08.17 20:29,2026.08.17 13:29,4415.52,4415.74,0.22,375
2026.08.17 20:30,2026.08.17 13:30,4414.39,4414.63,0.24,341
2026.08.17 20:31,2026.08.17 13:31,4417.88,4418.11,0.23,302
2026.08.17 20:32,2026.08.17 13:32,4417.21,4417.44,0.23,296
2026.08.17 20:33,2026.08.17 13:33,4417.30,4417.53,0.23,233
2026.08.17 20:34,2026.08.17 13:34,4415.81,4416.04,0.23,214
2026.08.17 20:35,2026.08.17 13:35,4416.19,4416.42,0.23,249
2026.08.17 20:36,2026.08.17 13:36,4415.58,4415.81,0.23,237
2026.08.17 20:37,2026.08.17 13:37,4414.77,4415.00,0.23,234
2026.08.17 20:38,2026.08.17 13:38,4411.96,4412.19,0.23,227
2026.08.17 20:39,2026.08.17 13:39,4412.26,4412.49,0.23,335
2026.08.17 20:40,2026.08.17 13:40,4412.94,4413.17,0.23,262
2026.08.17 20:41,2026.08.17 13:41,4415.14,4415.38,0.24,253
2026.08.17 20:42,2026.08.17 13:42,4415.41,4415.65,0.24,246
2026.08.17 20:43,2026.08.17 13:43,4417.22,4417.44,0.22,267
2026.08.17 20:44,2026.08.17 13:44,4418.98,4419.21,0.23,270
2026.08.17 20:45,2026.08.17 13:45,4418.27,4418.50,0.23,267
2026.08.17 20:46,2026.08.17 13:46,4418.43,4418.66,0.23,270
2026.08.17 20:47,2026.08.17 13:47,4418.31,4418.54,0.23,220
2026.08.17 20:48,2026.08.17 13:48,4419.08,4419.31,0.23,183
2026.08.17 20:49,2026.08.17 13:49,4419.82,4420.05,0.23,171
2026.08.17 20:50,2026.08.17 13:50,4418.24,4418.48,0.24,211
2026.08.17 20:51,2026.08.17 13:51,4417.83,4418.05,0.22,190
2026.08.17 20:52,2026.08.17 13:52,4418.01,4418.23,0.22,132
2026.08.17 20:53,2026.08.17 13:53,4417.02,4417.26,0.24,160
2026.08.17 20:54,2026.08.17 13:54,4417.56,4417.79,0.23,166
2026.08.17 20:55,2026.08.17 13:55,4415.29,4415.52,0.23,170
2026.08.17 20:56,2026.08.17 13:56,4414.21,4414.43,0.22,219
2026.08.17 20:57,2026.08.17 13:57,4414.06,4414.29,0.23,260
2026.08.17 20:58,2026.08.17 13:58,4413.58,4413.81,0.23,203
2026.08.17 20:59,2026.08.17 13:59,4413.70,4413.92,0.22,207
2026.08.17 21:00,2026.08.17 14:00,4413.66,4413.89,0.23,293
2026.08.17 21:01,2026.08.17 14:01,4412.29,4412.51,0.22,290
2026.08.17 21:02,2026.08.17 14:02,4411.61,4411.84,0.23,272
2026.08.17 21:03,2026.08.17 14:03,4411.09,4411.32,0.23,269
2026.08.17 21:04,2026.08.17 14:04,4410.89,4411.12,0.23,249
2026.08.17 21:05,2026.08.17 14:05,4412.35,4412.59,0.24,224
2026.08.17 21:06,2026.08.17 14:06,4412.78,4413.01,0.23,275
2026.08.17 21:07,2026.08.17 14:07,4412.05,4412.28,0.23,243
2026.08.17 21:08,2026.08.17 14:08,4411.58,4411.81,0.23,245
2026.08.17 21:09,2026.08.17 14:09,4410.73,4410.95,0.22,202
2026.08.17 21:10,2026.08.17 14:10,4410.64,4410.87,0.23,225
2026.08.17 21:11,2026.08.17 14:11,4411.99,4412.22,0.23,207
2026.08.17 21:12,2026.08.17 14:12,4411.35,4411.58,0.23,235
2026.08.17 21:13,2026.08.17 14:13,4413.86,4414.08,0.22,208
2026.08.17 21:14,2026.08.17 14:14,4413.77,4414.01,0.24,195
2026.08.17 21:15,2026.08.17 14:15,4414.66,4414.89,0.23,277
2026.08.17 21:16,2026.08.17 14:16,4415.20,4415.43,0.23,197
2026.08.17 21:17,2026.08.17 14:17,4415.66,4415.89,0.23,158
2026.08.17 21:18,2026.08.17 14:18,4415.03,4415.26,0.23,212
2026.08.17 21:19,2026.08.17 14:19,4413.19,4413.43,0.24,181
2026.08.17 21:20,2026.08.17 14:20,4412.88,4413.11,0.23,223
2026.08.17 21:21,2026.08.17 14:21,4413.87,4414.09,0.22,205
2026.08.17 21:22,2026.08.17 14:22,4414.09,4414.32,0.23,227
2026.08.17 21:23,2026.08.17 14:23,4409.22,4409.46,0.24,238
2026.08.17 21:24,2026.08.17 14:24,4408.19,4408.42,0.23,343
2026.08.17 21:25,2026.08.17 14:25,4409.55,4409.78,0.23,289
2026.08.17 21:26,2026.08.17 14:26,4408.17,4408.41,0.24,214
2026.08.17 21:27,2026.08.17 14:27,4406.76,4406.99,0.23,261
2026.08.17 21:28,2026.08.17 14:28,4406.26,4406.49,0.23,307
2026.08.17 21:29,2026.08.17 14:29,4404.89,4405.11,0.22,316
2026.08.17 21:30,2026.08.17 14:30,4402.83,4403.06,0.23,314
2026.08.17 21:31,2026.08.17 14:31,4403.98,4404.22,0.24,324
2026.08.17 21:32,2026.08.17 14:32,4399.45,4399.69,0.24,386
2026.08.17 21:33,2026.08.17 14:33,4400.19,4400.42,0.23,312
2026.08.17 21:34,2026.08.17 14:34,4401.83,4402.06,0.23,327
2026.08.17 21:35,2026.08.17 14:35,4399.68,4399.91,0.23,255
2026.08.17 21:36,2026.08.17 14:36,4401.21,4401.44,0.23,216
2026.08.17 21:37,2026.08.17 14:37,4400.96,4401.19,0.23,257
2026.08.17 21:38,2026.08.17 14:38,4402.20,4402.43,0.23,235
2026.08.17 21:39,2026.08.17 14:39,4402.80,4403.02,0.22,232
2026.08.17 21:40,2026.08.17 14:40,4402.73,4402.96,0.23,197
2026.08.17 21:41,2026.08.17 14:41,4403.63,4403.87,0.24,232
2026.08.17 21:42,2026.08.17 14:42,4403.53,4403.77,0.24,212
2026.08.17 21:43,2026.08.17 14:43,4401.49,4401.72,0.23,198
2026.08.17 21:44,2026.08.17 14:44,4400.03,4400.27,0.24,189
2026.08.17 21:45,2026.08.17 14:45,4402.33,4402.55,0.22,262
2026.08.17 21:46,2026.08.17 14:46,4402.52,4402.76,0.24,205
2026.08.17 21:47,2026.08.17 14:47,4404.82,4405.04,0.22,178
2026.08.17 21:48,2026.08.17 14:48,4405.97,4406.21,0.24,202
2026.08.17 21:49,2026.08.17 14:49,4405.22,4405.46,0.24,157
2026.08.17 21:50,2026.08.17 14:50,4406.75,4406.97,0.22,208
2026.08.17 21:51,2026.08.17 14:51,4407.07,4407.29,0.22,238
2026.08.17 21:52,2026.08.17 14:52,4406.79,4407.03,0.24,192
2026.08.17 21:53,2026.08.17 14:53,4406.37,4406.60,0.23,212
2026.08.17 21:54,2026.08.17 14:54,4406.60,4406.82,0.22,197
2026.08.17 21:55,2026.08.17 14:55,4406.44,4406.67,0.23,141
2026.08.17 21:56,2026.08.17 14:56,4406.10,4406.33,0.23,186
2026.08.17 21:57,2026.08.17 14:57,4406.29,4406.53,0.24,152
2026.08.17 21:58,2026.08.17 14:58,4406.42,4406.66,0.24,153
2026.08.17 21:59,2026.08.17 14:59,4405.39,4405.61,0.22,158
2026.08.17 22:00,2026.08.17 15:00,4404.49,4404.73,0.24,281
2026.08.17 22:01,2026.08.17 15:01,4403.34,4403.58,0.24,177
2026.08.17 22:02,2026.08.17 15:02,4403.90,4404.12,0.22,267
2026.08.17 22:03,2026.08.17 15:03,4403.10,4403.33,0.23,154
2026.08.17 22:04,2026.08.17 15:04,4400.62,4400.84,0.22,195
2026.08.17 22:05,2026.08.17 15:05,4400.93,4401.16,0.23,217
2026.08.17 22:06,2026.08.17 15:06,4401.54,4401.77,0.23,234
2026.08.17 22:07,2026.08.17 15:07,4403.05,4403.29,0.24,198
2026.08.17 22:08,2026.08.17 15:08,4403.25,4403.49,0.24,202
2026.08.17 22:09,2026.08.17 15:09,4405.08,4405.31,0.23,174
2026.08.17 22:10,2026.08.17 15:10,4405.32,4405.55,0.23,212
2026.08.17 22:11,2026.08.17 15:11,4405.29,4405.52,0.23,179
2026.08.17 22:12,2026.08.17 15:12,4406.36,4406.58,0.22,172
2026.08.17 22:13,2026.08.17 15:13,4408.43,4408.65,0.22,186
2026.08.17 22:14,2026.08.17 15:14,4411.33,4411.56,0.23,273
2026.08.17 22:15,2026.08.17 15:15,4413.44,4413.68,0.24,362
2026.08.17 22:16,2026.08.17 15:16,4413.65,4413.89,0.24,230
2026.08.17 22:17,2026.08.17 15:17,4414.86,4415.10,0.24,232
2026.08.17 22:18,2026.08.17 15:18,4415.06,4415.29,0.23,249
2026.08.17 22:19,2026.08.17 15:19,4415.13,4415.35,0.22,271
2026.08.17 22:20,2026.08.17 15:20,4415.42,4415.65,0.23,278
2026.08.17 22:21,2026.08.17 15:21,4415.52,4415.76,0.24,211
2026.08.17 22:22,2026.08.17 15:22,4416.09,4416.32,0.23,223
2026.08.17 22:23,2026.08.17 15:23,4415.93,4416.16,0.23,202
2026.08.17 22:24,2026.08.17 15:24,4417.16,4417.39,0.23,194
2026.08.17 22:25,2026.08.17 15:25,4416.22,4416.45,0.23,248
2026.08.17 22:26,2026.08.17 15:26,4415.92,4416.15,0.23,182
2026.08.17 22:27,2026.08.17 15:27,4415.03,4415.26,0.23,178
2026.08.17 22:28,2026.08.17 15:28,4414.45,4414.68,0.23,166
2026.08.17 22:29,2026.08.17 15:29,4415.15,4415.38,0.23,129
2026.08.17 22:30,2026.08.17 15:30,4415.48,4415.72,0.24,203
2026.08.17 22:31,2026.08.17 15:31,4415.23,4415.45,0.22,207
2026.08.17 22:32,2026.08.17 15:32,4415.37,4415.60,0.23,172
2026.08.17 22:33,2026.08.17 15:33,4416.18,4416.42,0.24,140
2026.08.17 22:34,2026.08.17 15:34,4416.16,4416.39,0.23,160
2026.08.17 22:35,2026.08.17 15:35,4415.15,4415.37,0.22,175
2026.08.17 22:36,2026.08.17 15:36,4416.10,4416.32,0.22,195
2026.08.17 22:37,2026.08.17 15:37,4415.83,4416.05,0.22,170
2026.08.17 22:38,2026.08.17 15:38,4416.40,4416.64,0.24,154
2026.08.17 22:39,2026.08.17 15:39,4415.96,4416.20,0.24,187
2026.08.17 22:40,2026.08.17 15:40,4416.24,4416.49,0.25,209
2026.08.17 22:41,2026.08.17 15:41,4417.48,4417.73,0.25,199
2026.08.17 22:42,2026.08.17 15:42,4418.65,4418.90,0.25,184
2026.08.17 22:43,2026.08.17 15:43,4419.12,4419.36,0.24,244
2026.08.17 22:44,2026.08.17 15:44,4419.21,4419.45,0.24,292
2026.08.17 22:45,2026.08.17 15:45,4419.04,4419.28,0.24,209
2026.08.17 22:46,2026.08.17 15:46,4419.49,4419.74,0.25,203
2026.08.17 22:47,2026.08.17 15:47,4420.01,4420.25,0.24,228
2026.08.17 22:48,2026.08.17 15:48,4420.00,4420.26,0.26,204
2026.08.17 22:49,2026.08.17 15:49,4416.79,4417.05,0.26,255
2026.08.17 22:50,2026.08.17 15:50,4417.87,4418.13,0.26,264
2026.08.17 22:51,2026.08.17 15:51,4417.45,4417.70,0.25,190
2026.08.17 22:52,2026.08.17 15:52,4418.10,4418.35,0.25,212
2026.08.17 22:53,2026.08.17 15:53,4417.87,4418.11,0.24,241
2026.08.17 22:54,2026.08.17 15:54,4417.95,4418.19,0.24,239
2026.08.17 22:55,2026.08.17 15:55,4418.59,4418.84,0.25,268
2026.08.17 22:56,2026.08.17 15:56,4418.93,4419.18,0.25,213
2026.08.17 22:57,2026.08.17 15:57,4420.03,4420.27,0.24,237
2026.08.17 22:58,2026.08.17 15:58,4419.93,4420.18,0.25,241
2026.08.17 22:59,2026.08.17 15:59,4418.56,4418.80,0.24,312
2026.08.17 23:00,2026.08.17 16:00,4419.11,4419.35,0.24,216
2026.08.17 23:01,2026.08.17 16:01,4419.21,4419.46,0.25,113
2026.08.17 23:02,2026.08.17 16:02,4418.84,4419.08,0.24,95
2026.08.17 23:03,2026.08.17 16:03,4418.73,4418.98,0.25,83
2026.08.17 23:04,2026.08.17 16:04,4417.44,4417.69,0.25,63
2026.08.17 23:05,2026.08.17 16:05,4416.78,4417.02,0.24,91
2026.08.17 23:06,2026.08.17 16:06,4417.75,4418.00,0.25,80
2026.08.17 23:07,2026.08.17 16:07,4417.18,4417.44,0.26,44
2026.08.17 23:08,2026.08.17 16:08,4417.20,4417.45,0.25,65
2026.08.17 23:09,2026.08.17 16:09,4417.71,4417.96,0.25,63
2026.08.17 23:10,2026.08.17 16:10,4417.21,4417.45,0.24,56
2026.08.17 23:11,2026.08.17 16:11,4417.08,4417.33,0.25,56
2026.08.17 23:12,2026.08.17 16:12,4417.59,4417.84,0.25,52
2026.08.17 23:13,2026.08.17 16:13,4417.77,4418.02,0.25,47
2026.08.17 23:14,2026.08.17 16:14,4417.91,4418.17,0.26,40
2026.08.17 23:15,2026.08.17 16:15,4417.73,4417.99,0.26,56
2026.08.17 23:16,2026.08.17 16:16,4417.85,4418.09,0.24,27
2026.08.17 23:17,2026.08.17 16:17,4417.52,4417.78,0.26,75
2026.08.17 23:18,2026.08.17 16:18,4417.92,4418.16,0.24,44
2026.08.17 23:19,2026.08.17 16:19,4417.63,4417.88,0.25,38
2026.08.17 23:20,2026.08.17 16:20,4417.75,4418.01,0.26,23
2026.08.17 23:21,2026.08.17 16:21,4417.50,4417.76,0.26,50
2026.08.17 23:22,2026.08.17 16:22,4417.49,4417.73,0.24,56
2026.08.17 23:23,2026.08.17 16:23,4417.09,4417.35,0.26,25
2026.08.17 23:24,2026.08.17 16:24,4415.78,4416.03,0.25,45
2026.08.17 23:25,2026.08.17 16:25,4415.38,4415.64,0.26,65
2026.08.17 23:26,2026.08.17 16:26,4415.32,4415.57,0.25,59
2026.08.17 23:27,2026.08.17 16:27,4415.40,4415.65,0.25,44
2026.08.17 23:28,2026.08.17 16:28,4415.21,4415.46,0.25,41
2026.08.17 23:29,2026.08.17 16:29,4415.17,4415.42,0.25,39
2026.08.17 23:30,2026.08.17 16:30,4414.99,4415.24,0.25,79
2026.08.17 23:31,2026.08.17 16:31,4415.55,4415.81,0.26,33
2026.08.17 23:32,2026.08.17 16:32,4415.06,4415.30,0.24,49
2026.08.17 23:33,2026.08.17 16:33,4415.20,4415.45,0.25,51
2026.08.17 23:34,2026.08.17 16:34,4414.90,4415.15,0.25,60
2026.08.17 23:35,2026.08.17 16:35,4415.29,4415.54,0.25,35
2026.08.17 23:36,2026.08.17 16:36,4415.07,4415.32,0.25,51
2026.08.17 23:37,2026.08.17 16:37,4415.39,4415.64,0.25,50
2026.08.17 23:38,2026.08.17 16:38,4415.05,4415.29,0.24,53
2026.08.17 23:39,2026.08.17 16:39,4415.08,4415.33,0.25,68
2026.08.17 23:40,2026.08.17 16:40,4415.17,4415.42,0.25,89
2026.08.17 23:41,2026.08.17 16:41,4415.54,4415.80,0.26,79
2026.08.17 23:42,2026.08.17 16:42,4415.25,4415.50,0.25,70
2026.08.17 23:43,2026.08.17 16:43,4415.47,4415.73,0.26,32
2026.08.17 23:44,2026.08.17 16:44,4415.73,4415.98,0.25,66
2026.08.17 23:45,2026.08.17 16:45,4416.64,4416.89,0.25,91
2026.08.17 23:46,2026.08.17 16:46,4415.80,4416.06,0.26,65
2026.08.17 23:47,2026.08.17 16:47,4415.67,4415.91,0.24,104
2026.08.17 23:48,2026.08.17 16:48,4415.49,4415.75,0.26,63
2026.08.17 23:49,2026.08.17 16:49,4415.84,4416.09,0.25,58
2026.08.17 23:50,2026.08.17 16:50,4415.74,4416.00,0.26,65
2026.08.17 23:51,2026.08.17 16:51,4415.40,4415.64,0.24,50
2026.08.17 23:52,2026.08.17 16:52,4415.27,4415.51,0.24,57
2026.08.17 23:53,2026.08.17 16:53,4415.79,4416.05,0.26,50
2026.08.17 23:54,2026.08.17 16:54,4416.20,4416.46,0.26,70
2026.08.17 23:55,2026.08.17 16:55,4416.39,4416.64,0.25,53
2026.08.17 23:56,2026.08.17 16:56,4416.40,4416.66,0.26,57
2026.08.17 23:57,2026.08.17 16:57,4416.62,4416.86,0.24,84
2026.08.17 23:58,2026.08.17 16:58,4418.17,4418.49,0.32,73
2026.08.18 01:00,2026.08.17 18:00,4416.25,4416.72,0.47,179
2026.08.18 01:01,2026.08.17 18:01,4415.96,4416.19,0.23,59
2026.08.18 01:02,2026.08.17 18:02,4416.55,4416.78,0.23,65
2026.08.18 01:03,2026.08.17 18:03,4416.32,4416.56,0.24,61
2026.08.18 01:04,2026.08.17 18:04,4416.42,4416.67,0.25,50
2026.08.18 01:05,2026.08.17 18:05,4415.90,4416.15,0.25,43
2026.08.18 01:06,2026.08.17 18:06,4415.40,4415.64,0.24,36
2026.08.18 01:07,2026.08.17 18:07,4415.55,4415.79,0.24,87
2026.08.18 01:08,2026.08.17 18:08,4415.76,4416.01,0.25,66
2026.08.18 01:09,2026.08.17 18:09,4415.98,4416.24,0.26,53
2026.08.18 01:10,2026.08.17 18:10,4416.56,4416.81,0.25,72
2026.08.18 01:11,2026.08.17 18:11,4416.51,4416.77,0.26,78
2026.08.18 01:12,2026.08.17 18:12,4416.59,4416.84,0.25,76
2026.08.18 01:13,2026.08.17 18:13,4416.84,4417.09,0.25,93
2026.08.18 01:14,2026.08.17 18:14,4416.39,4416.64,0.25,78
2026.08.18 01:15,2026.08.17 18:15,4417.24,4417.49,0.25,103
2026.08.18 01:16,2026.08.17 18:16,4416.14,4416.39,0.25,92
2026.08.18 01:17,2026.08.17 18:17,4416.01,4416.25,0.24,115
2026.08.18 01:18,2026.08.17 18:18,4415.72,4415.97,0.25,99
2026.08.18 01:19,2026.08.17 18:19,4416.31,4416.56,0.25,48
2026.08.18 01:20,2026.08.17 18:20,4415.60,4415.84,0.24,86
2026.08.18 01:21,2026.08.17 18:21,4415.68,4415.94,0.26,73
2026.08.18 01:22,2026.08.17 18:22,4415.41,4415.65,0.24,76
2026.08.18 01:23,2026.08.17 18:23,4415.54,4415.80,0.26,74
2026.08.18 01:24,2026.08.17 18:24,4415.33,4415.58,0.25,53
2026.08.18 01:25,2026.08.17 18:25,4413.48,4413.74,0.26,90
2026.08.18 01:26,2026.08.17 18:26,4413.10,4413.36,0.26,114
2026.08.18 01:27,2026.08.17 18:27,4412.15,4412.46,0.31,120
2026.08.18 01:28,2026.08.17 18:28,4412.82,4413.08,0.26,111
2026.08.18 01:29,2026.08.17 18:29,4412.80,4413.04,0.24,94
2026.08.18 01:30,2026.08.17 18:30,4412.20,4412.44,0.24,150
2026.08.18 01:31,2026.08.17 18:31,4412.33,4412.57,0.24,95
2026.08.18 01:32,2026.08.17 18:32,4411.93,4412.17,0.24,84
2026.08.18 01:33,2026.08.17 18:33,4412.52,4412.76,0.24,114
2026.08.18 01:34,2026.08.17 18:34,4412.76,4412.99,0.23,153
2026.08.18 01:35,2026.08.17 18:35,4414.15,4414.39,0.24,120
2026.08.18 01:36,2026.08.17 18:36,4414.46,4414.70,0.24,115
2026.08.18 01:37,2026.08.17 18:37,4413.40,4413.63,0.23,66
2026.08.18 01:38,2026.08.17 18:38,4413.14,4413.38,0.24,88
2026.08.18 01:39,2026.08.17 18:39,4413.06,4413.29,0.23,61
2026.08.18 01:40,2026.08.17 18:40,4413.91,4414.13,0.22,68
2026.08.18 01:41,2026.08.17 18:41,4414.34,4414.57,0.23,82
2026.08.18 01:42,2026.08.17 18:42,4415.43,4415.67,0.24,76
2026.08.18 01:43,2026.08.17 18:43,4414.65,4414.88,0.23,66
2026.08.18 01:44,2026.08.17 18:44,4414.59,4414.83,0.24,85
2026.08.18 01:45,2026.08.17 18:45,4414.88,4415.11,0.23,53
2026.08.18 01:46,2026.08.17 18:46,4414.74,4414.96,0.22,66
2026.08.18 01:47,2026.08.17 18:47,4414.66,4414.89,0.23,75
2026.08.18 01:48,2026.08.17 18:48,4415.05,4415.35,0.30,59
2026.08.18 01:49,2026.08.17 18:49,4415.14,4415.37,0.23,73
2026.08.18 01:50,2026.08.17 18:50,4415.23,4415.46,0.23,71
2026.08.18 01:51,2026.08.17 18:51,4414.44,4414.66,0.22,55
2026.08.18 01:52,2026.08.17 18:52,4414.02,4414.25,0.23,86
2026.08.18 01:53,2026.08.17 18:53,4412.23,4412.45,0.22,79
2026.08.18 01:54,2026.08.17 18:54,4412.82,4413.05,0.23,102
2026.08.18 01:55,2026.08.17 18:55,4412.13,4412.37,0.24,124
2026.08.18 01:56,2026.08.17 18:56,4411.35,4411.58,0.23,71
2026.08.18 01:57,2026.08.17 18:57,4411.26,4411.48,0.22,164
2026.08.18 01:58,2026.08.17 18:58,4411.79,4412.02,0.23,131
2026.08.18 01:59,2026.08.17 18:59,4412.16,4412.38,0.22,110
2026.08.18 02:00,2026.08.17 19:00,4412.23,4412.47,0.24,186
2026.08.18 02:01,2026.08.17 19:01,4411.80,4412.02,0.22,136
2026.08.18 02:02,2026.08.17 19:02,4412.39,4412.62,0.23,106
2026.08.18 02:03,2026.08.17 19:03,4413.50,4413.74,0.24,105
2026.08.18 02:04,2026.08.17 19:04,4413.51,4413.74,0.23,146
2026.08.18 02:05,2026.08.17 19:05,4414.00,4414.24,0.24,93
2026.08.18 02:06,2026.08.17 19:06,4413.54,4413.78,0.24,96
2026.08.18 02:07,2026.08.17 19:07,4414.00,4414.23,0.23,75
2026.08.18 02:08,2026.08.17 19:08,4413.78,4414.01,0.23,88
2026.08.18 02:09,2026.08.17 19:09,4413.41,4413.64,0.23,74
2026.08.18 02:10,2026.08.17 19:10,4414.06,4414.30,0.24,63
2026.08.18 02:11,2026.08.17 19:11,4413.80,4414.03,0.23,78
2026.08.18 02:12,2026.08.17 19:12,4413.43,4413.66,0.23,59
2026.08.18 02:13,2026.08.17 19:13,4414.56,4414.79,0.23,62
2026.08.18 02:14,2026.08.17 19:14,4416.01,4416.25,0.24,97
2026.08.18 02:15,2026.08.17 19:15,4418.04,4418.27,0.23,122
2026.08.18 02:16,2026.08.17 19:16,4416.86,4417.08,0.22,147
2026.08.18 02:17,2026.08.17 19:17,4417.80,4418.03,0.23,151
2026.08.18 02:18,2026.08.17 19:18,4417.66,4417.90,0.24,126
2026.08.18 02:19,2026.08.17 19:19,4417.60,4417.83,0.23,114
2026.08.18 02:20,2026.08.17 19:20,4417.71,4417.93,0.22,107
2026.08.18 02:21,2026.08.17 19:21,4417.07,4417.30,0.23,86
2026.08.18 02:22,2026.08.17 19:22,4417.09,4417.31,0.22,90
2026.08.18 02:23,2026.08.17 19:23,4417.61,4417.83,0.22,116
2026.08.18 02:24,2026.08.17 19:24,4419.00,4419.23,0.23,109
2026.08.18 02:25,2026.08.17 19:25,4420.61,4420.83,0.22,144
2026.08.18 02:26,2026.08.17 19:26,4420.74,4420.98,0.24,136
2026.08.18 02:27,2026.08.17 19:27,4420.27,4420.49,0.22,146
2026.08.18 02:28,2026.08.17 19:28,4420.26,4420.49,0.23,172
2026.08.18 02:29,2026.08.17 19:29,4421.47,4421.70,0.23,101
2026.08.18 02:30,2026.08.17 19:30,4421.84,4422.06,0.22,112
2026.08.18 02:31,2026.08.17 19:31,4421.60,4421.83,0.23,131
2026.08.18 02:32,2026.08.17 19:32,4421.25,4421.47,0.22,122
2026.08.18 02:33,2026.08.17 19:33,4422.04,4422.27,0.23,90
2026.08.18 02:34,2026.08.17 19:34,4421.68,4421.91,0.23,164
2026.08.18 02:35,2026.08.17 19:35,4422.16,4422.39,0.23,125
2026.08.18 02:36,2026.08.17 19:36,4421.40,4421.63,0.23,109
2026.08.18 02:37,2026.08.17 19:37,4422.01,4422.25,0.24,102
2026.08.18 02:38,2026.08.17 19:38,4421.09,4421.32,0.23,106
2026.08.18 02:39,2026.08.17 19:39,4420.54,4420.76,0.22,139
2026.08.18 02:40,2026.08.17 19:40,4420.38,4420.61,0.23,139
2026.08.18 02:41,2026.08.17 19:41,4421.58,4421.79,0.21,115
2026.08.18 02:42,2026.08.17 19:42,4422.41,4422.63,0.22,104
2026.08.18 02:43,2026.08.17 19:43,4422.53,4422.75,0.22,221
2026.08.18 02:44,2026.08.17 19:44,4422.42,4422.65,0.23,164
2026.08.18 02:45,2026.08.17 19:45,4422.22,4422.45,0.23,196
2026.08.18 02:46,2026.08.17 19:46,4422.56,4422.78,0.22,222
2026.08.18 02:47,2026.08.17 19:47,4423.17,4423.40,0.23,207
2026.08.18 02:48,2026.08.17 19:48,4423.84,4424.07,0.23,143
2026.08.18 02:49,2026.08.17 19:49,4423.35,4423.58,0.23,155
2026.08.18 02:50,2026.08.17 19:50,4423.96,4424.19,0.23,120
2026.08.18 02:51,2026.08.17 19:51,4424.24,4424.46,0.22,181
2026.08.18 02:52,2026.08.17 19:52,4423.33,4423.56,0.23,147
2026.08.18 02:53,2026.08.17 19:53,4423.57,4423.81,0.24,225
2026.08.18 02:54,2026.08.17 19:54,4424.27,4424.50,0.23,247
2026.08.18 02:55,2026.08.17 19:55,4423.61,4423.85,0.24,123
2026.08.18 02:56,2026.08.17 19:56,4424.19,4424.42,0.23,155
2026.08.18 02:57,2026.08.17 19:57,4424.16,4424.39,0.23,164
2026.08.18 02:58,2026.08.17 19:58,4425.74,4425.97,0.23,131
2026.08.18 02:59,2026.08.17 19:59,4422.80,4423.03,0.23,177
2026.08.18 03:00,2026.08.17 20:00,4421.81,4422.03,0.22,398
2026.08.18 03:01,2026.08.17 20:01,4420.30,4420.53,0.23,272
2026.08.18 03:02,2026.08.17 20:02,4423.79,4424.01,0.22,263
2026.08.18 03:03,2026.08.17 20:03,4425.27,4425.50,0.23,302
2026.08.18 03:04,2026.08.17 20:04,4423.96,4424.19,0.23,246
2026.08.18 03:05,2026.08.17 20:05,4424.13,4424.35,0.22,272
2026.08.18 03:06,2026.08.17 20:06,4423.49,4423.72,0.23,247
2026.08.18 03:07,2026.08.17 20:07,4422.06,4422.29,0.23,188
2026.08.18 03:08,2026.08.17 20:08,4420.45,4420.67,0.22,207
2026.08.18 03:09,2026.08.17 20:09,4419.58,4419.81,0.23,227
2026.08.18 03:10,2026.08.17 20:10,4420.44,4420.66,0.22,206
2026.08.18 03:11,2026.08.17 20:11,4421.06,4421.29,0.23,209
2026.08.18 03:12,2026.08.17 20:12,4419.34,4419.56,0.22,202
2026.08.18 03:13,2026.08.17 20:13,4421.88,4422.12,0.24,223
2026.08.18 03:14,2026.08.17 20:14,4423.19,4423.42,0.23,195
2026.08.18 03:15,2026.08.17 20:15,4422.07,4422.29,0.22,232
2026.08.18 03:16,2026.08.17 20:16,4425.78,4426.00,0.22,289
2026.08.18 03:17,2026.08.17 20:17,4425.20,4425.43,0.23,239
2026.08.18 03:18,2026.08.17 20:18,4426.89,4427.11,0.22,259
2026.08.18 03:19,2026.08.17 20:19,4423.55,4423.79,0.24,340
2026.08.18 03:20,2026.08.17 20:20,4426.09,4426.32,0.23,298
2026.08.18 03:21,2026.08.17 20:21,4426.44,4426.67,0.23,213
2026.08.18 03:22,2026.08.17 20:22,4430.12,4430.35,0.23,239
2026.08.18 03:23,2026.08.17 20:23,4427.85,4428.07,0.22,283
2026.08.18 03:24,2026.08.17 20:24,4427.43,4427.66,0.23,349
2026.08.18 03:25,2026.08.17 20:25,4427.91,4428.14,0.23,248
2026.08.18 03:26,2026.08.17 20:26,4430.26,4430.50,0.24,283
2026.08.18 03:27,2026.08.17 20:27,4429.07,4429.30,0.23,318
2026.08.18 03:28,2026.08.17 20:28,4431.27,4431.49,0.22,217
2026.08.18 03:29,2026.08.17 20:29,4429.45,4429.68,0.23,269
2026.08.18 03:30,2026.08.17 20:30,4429.14,4429.37,0.23,286
2026.08.18 03:31,2026.08.17 20:31,4429.24,4429.46,0.22,194
2026.08.18 03:32,2026.08.17 20:32,4430.22,4430.45,0.23,153
2026.08.18 03:33,2026.08.17 20:33,4431.20,4431.44,0.24,240
2026.08.18 03:34,2026.08.17 20:34,4431.35,4431.57,0.22,225
2026.08.18 03:35,2026.08.17 20:35,4431.31,4431.53,0.22,212
2026.08.18 03:36,2026.08.17 20:36,4433.15,4433.39,0.24,151
2026.08.18 03:37,2026.08.17 20:37,4432.64,4432.86,0.22,186
2026.08.18 03:38,2026.08.17 20:38,4433.07,4433.31,0.24,175
2026.08.18 03:39,2026.08.17 20:39,4430.96,4431.20,0.24,158
2026.08.18 03:40,2026.08.17 20:40,4429.57,4429.80,0.23,218
2026.08.18 03:41,2026.08.17 20:41,4428.80,4429.04,0.24,245
2026.08.18 03:42,2026.08.17 20:42,4429.85,4430.08,0.23,157
2026.08.18 03:43,2026.08.17 20:43,4429.48,4429.71,0.23,163
2026.08.18 03:44,2026.08.17 20:44,4429.36,4429.59,0.23,168
2026.08.18 03:45,2026.08.17 20:45,4428.81,4429.03,0.22,201
2026.08.18 03:46,2026.08.17 20:46,4428.72,4428.96,0.24,177
2026.08.18 03:47,2026.08.17 20:47,4429.63,4429.84,0.21,163
2026.08.18 03:48,2026.08.17 20:48,4429.14,4429.37,0.23,151
2026.08.18 03:49,2026.08.17 20:49,4429.59,4429.83,0.24,145
2026.08.18 03:50,2026.08.17 20:50,4429.62,4429.86,0.24,144
2026.08.18 03:51,2026.08.17 20:51,4430.01,4430.24,0.23,186
2026.08.18 03:52,2026.08.17 20:52,4429.36,4429.59,0.23,158
2026.08.18 03:53,2026.08.17 20:53,4429.29,4429.50,0.21,173
2026.08.18 03:54,2026.08.17 20:54,4430.04,4430.27,0.23,184
2026.08.18 03:55,2026.08.17 20:55,4430.13,4430.35,0.22,169
2026.08.18 03:56,2026.08.17 20:56,4428.90,4429.13,0.23,179
2026.08.18 03:57,2026.08.17 20:57,4431.13,4431.35,0.22,174
2026.08.18 03:58,2026.08.17 20:58,4434.90,4435.12,0.22,199
2026.08.18 03:59,2026.08.17 20:59,4430.90,4431.12,0.22,264
2026.08.18 04:00,2026.08.17 21:00,4431.83,4432.07,0.24,548
2026.08.18 04:01,2026.08.17 21:01,4433.64,4433.86,0.22,439
2026.08.18 04:02,2026.08.17 21:02,4434.81,4435.03,0.22,419
2026.08.18 04:03,2026.08.17 21:03,4431.84,4432.06,0.22,332
2026.08.18 04:04,2026.08.17 21:04,4434.15,4434.38,0.23,377
2026.08.18 04:05,2026.08.17 21:05,4432.11,4432.33,0.22,395
2026.08.18 04:06,2026.08.17 21:06,4433.16,4433.40,0.24,389
2026.08.18 04:07,2026.08.17 21:07,4430.85,4431.07,0.22,326
2026.08.18 04:08,2026.08.17 21:08,4430.50,4430.72,0.22,329
2026.08.18 04:09,2026.08.17 21:09,4430.50,4430.72,0.22,302
2026.08.18 04:10,2026.08.17 21:10,4430.09,4430.31,0.22,328
2026.08.18 04:11,2026.08.17 21:11,4429.65,4429.87,0.22,357
2026.08.18 04:12,2026.08.17 21:12,4428.78,4429.01,0.23,278
2026.08.18 04:13,2026.08.17 21:13,4429.45,4429.67,0.22,259
2026.08.18 04:14,2026.08.17 21:14,4430.72,4430.95,0.23,209
2026.08.18 04:15,2026.08.17 21:15,4425.99,4426.23,0.24,313
2026.08.18 04:16,2026.08.17 21:16,4425.29,4425.51,0.22,312
2026.08.18 04:17,2026.08.17 21:17,4423.29,4423.52,0.23,323
2026.08.18 04:18,2026.08.17 21:18,4425.18,4425.41,0.23,342
2026.08.18 04:19,2026.08.17 21:19,4425.09,4425.31,0.22,278
2026.08.18 04:20,2026.08.17 21:20,4422.40,4422.63,0.23,292
2026.08.18 04:21,2026.08.17 21:21,4422.81,4423.05,0.24,344
2026.08.18 04:22,2026.08.17 21:22,4423.89,4424.11,0.22,304
2026.08.18 04:23,2026.08.17 21:23,4423.63,4423.86,0.23,270
2026.08.18 04:24,2026.08.17 21:24,4421.50,4421.73,0.23,250
2026.08.18 04:25,2026.08.17 21:25,4423.37,4423.60,0.23,317
2026.08.18 04:26,2026.08.17 21:26,4424.28,4424.52,0.24,277
2026.08.18 04:27,2026.08.17 21:27,4424.71,4424.94,0.23,268
2026.08.18 04:28,2026.08.17 21:28,4424.96,4425.20,0.24,246
2026.08.18 04:29,2026.08.17 21:29,4424.10,4424.33,0.23,240
2026.08.18 04:30,2026.08.17 21:30,4425.04,4425.26,0.22,273
2026.08.18 04:31,2026.08.17 21:31,4423.20,4423.44,0.24,319
2026.08.18 04:32,2026.08.17 21:32,4421.66,4421.89,0.23,299
2026.08.18 04:33,2026.08.17 21:33,4422.24,4422.47,0.23,309
2026.08.18 04:34,2026.08.17 21:34,4422.31,4422.55,0.24,268
2026.08.18 04:35,2026.08.17 21:35,4422.58,4422.82,0.24,195
2026.08.18 04:36,2026.08.17 21:36,4422.42,4422.65,0.23,253
2026.08.18 04:37,2026.08.17 21:37,4421.55,4421.79,0.24,188
2026.08.18 04:38,2026.08.17 21:38,4420.32,4420.56,0.24,248
2026.08.18 04:39,2026.08.17 21:39,4420.71,4420.94,0.23,261
2026.08.18 04:40,2026.08.17 21:40,4418.62,4418.84,0.22,294
2026.08.18 04:41,2026.08.17 21:41,4417.74,4417.96,0.22,291
2026.08.18 04:42,2026.08.17 21:42,4415.87,4416.11,0.24,313
2026.08.18 04:43,2026.08.17 21:43,4412.55,4412.78,0.23,310
2026.08.18 04:44,2026.08.17 21:44,4410.91,4411.14,0.23,368
2026.08.18 04:45,2026.08.17 21:45,4411.60,4411.83,0.23,364
2026.08.18 04:46,2026.08.17 21:46,4409.71,4409.95,0.24,373
2026.08.18 04:47,2026.08.17 21:47,4405.93,4406.15,0.22,467
2026.08.18 04:48,2026.08.17 21:48,4407.72,4407.95,0.23,457
2026.08.18 04:49,2026.08.17 21:49,4406.94,4407.17,0.23,371
2026.08.18 04:50,2026.08.17 21:50,4406.53,4406.76,0.23,405
2026.08.18 04:51,2026.08.17 21:51,4406.06,4406.28,0.22,337
2026.08.18 04:52,2026.08.17 21:52,4405.37,4405.60,0.23,283
2026.08.18 04:53,2026.08.17 21:53,4408.16,4408.37,0.21,453
2026.08.18 04:54,2026.08.17 21:54,4408.42,4408.63,0.21,365
2026.08.18 04:55,2026.08.17 21:55,4408.06,4408.30,0.24,317
2026.08.18 04:56,2026.08.17 21:56,4408.13,4408.35,0.22,308
2026.08.18 04:57,2026.08.17 21:57,4408.01,4408.23,0.22,311
2026.08.18 04:58,2026.08.17 21:58,4407.95,4408.18,0.23,267
2026.08.18 04:59,2026.08.17 21:59,4407.46,4407.69,0.23,230
2026.08.18 05:00,2026.08.17 22:00,4403.17,4403.39,0.22,352
2026.08.18 05:01,2026.08.17 22:01,4401.47,4401.70,0.23,406
2026.08.18 05:02,2026.08.17 22:02,4402.38,4402.62,0.24,349
2026.08.18 05:03,2026.08.17 22:03,4401.96,4402.19,0.23,303
2026.08.18 05:04,2026.08.17 22:04,4402.24,4402.47,0.23,365
2026.08.18 05:05,2026.08.17 22:05,4400.90,4401.14,0.24,310
2026.08.18 05:06,2026.08.17 22:06,4400.63,4400.85,0.22,281
2026.08.18 05:07,2026.08.17 22:07,4400.52,4400.75,0.23,327
2026.08.18 05:08,2026.08.17 22:08,4400.18,4400.41,0.23,311
2026.08.18 05:09,2026.08.17 22:09,4401.39,4401.62,0.23,255
2026.08.18 05:10,2026.08.17 22:10,4398.65,4398.88,0.23,244
2026.08.18 05:11,2026.08.17 22:11,4400.51,4400.75,0.24,282
2026.08.18 05:12,2026.08.17 22:12,4402.43,4402.66,0.23,306
2026.08.18 05:13,2026.08.17 22:13,4400.75,4400.98,0.23,251
2026.08.18 05:14,2026.08.17 22:14,4402.00,4402.23,0.23,208
2026.08.18 05:15,2026.08.17 22:15,4402.58,4402.81,0.23,225
2026.08.18 05:16,2026.08.17 22:16,4402.08,4402.30,0.22,313
2026.08.18 05:17,2026.08.17 22:17,4404.55,4404.78,0.23,276
2026.08.18 05:18,2026.08.17 22:18,4403.83,4404.05,0.22,269
2026.08.18 05:19,2026.08.17 22:19,4403.60,4403.84,0.24,209
2026.08.18 05:20,2026.08.17 22:20,4402.70,4402.92,0.22,176
2026.08.18 05:21,2026.08.17 22:21,4401.98,4402.21,0.23,126
2026.08.18 05:22,2026.08.17 22:22,4403.95,4404.18,0.23,215
2026.08.18 05:23,2026.08.17 22:23,4404.03,4404.27,0.24,207
2026.08.18 05:24,2026.08.17 22:24,4404.76,4404.99,0.23,162
2026.08.18 05:25,2026.08.17 22:25,4404.33,4404.55,0.22,250
2026.08.18 05:26,2026.08.17 22:26,4404.00,4404.22,0.22,182
2026.08.18 05:27,2026.08.17 22:27,4402.67,4402.90,0.23,182
2026.08.18 05:28,2026.08.17 22:28,4402.91,4403.15,0.24,176
2026.08.18 05:29,2026.08.17 22:29,4400.13,4400.36,0.23,139
2026.08.18 05:30,2026.08.17 22:30,4400.45,4400.68,0.23,374
2026.08.18 05:31,2026.08.17 22:31,4400.62,4400.85,0.23,347
2026.08.18 05:32,2026.08.17 22:32,4398.65,4398.88,0.23,283
2026.08.18 05:33,2026.08.17 22:33,4396.26,4396.49,0.23,372
2026.08.18 05:34,2026.08.17 22:34,4396.47,4396.70,0.23,344
2026.08.18 05:35,2026.08.17 22:35,4397.64,4397.88,0.24,273
2026.08.18 05:36,2026.08.17 22:36,4398.58,4398.82,0.24,287
2026.08.18 05:37,2026.08.17 22:37,4398.64,4398.87,0.23,242
2026.08.18 05:38,2026.08.17 22:38,4396.52,4396.76,0.24,284
2026.08.18 05:39,2026.08.17 22:39,4394.69,4394.92,0.23,320
2026.08.18 05:40,2026.08.17 22:40,4394.74,4394.97,0.23,327
2026.08.18 05:41,2026.08.17 22:41,4394.67,4394.90,0.23,323
2026.08.18 05:42,2026.08.17 22:42,4394.50,4394.73,0.23,286
2026.08.18 05:43,2026.08.17 22:43,4394.76,4395.00,0.24,242
2026.08.18 05:44,2026.08.17 22:44,4394.59,4394.81,0.22,213
2026.08.18 05:45,2026.08.17 22:45,4394.98,4395.21,0.23,226
2026.08.18 05:46,2026.08.17 22:46,4395.25,4395.48,0.23,255
2026.08.18 05:47,2026.08.17 22:47,4395.77,4396.00,0.23,266
2026.08.18 05:48,2026.08.17 22:48,4397.02,4397.26,0.24,249
2026.08.18 05:49,2026.08.17 22:49,4396.37,4396.60,0.23,217
2026.08.18 05:50,2026.08.17 22:50,4397.10,4397.34,0.24,269
2026.08.18 05:51,2026.08.17 22:51,4397.96,4398.18,0.22,217
2026.08.18 05:52,2026.08.17 22:52,4397.89,4398.11,0.22,221
2026.08.18 05:53,2026.08.17 22:53,4397.80,4398.04,0.24,176
2026.08.18 05:54,2026.08.17 22:54,4399.28,4399.51,0.23,210
2026.08.18 05:55,2026.08.17 22:55,4398.76,4399.00,0.24,288
2026.08.18 05:56,2026.08.17 22:56,4398.15,4398.39,0.24,293
2026.08.18 05:57,2026.08.17 22:57,4399.59,4399.81,0.22,242
2026.08.18 05:58,2026.08.17 22:58,4399.98,4400.22,0.24,217
2026.08.18 05:59,2026.08.17 22:59,4401.73,4401.96,0.23,211
2026.08.18 06:00,2026.08.17 23:00,4403.13,4403.37,0.24,277
2026.08.18 06:01,2026.08.17 23:01,4403.43,4403.66,0.23,286
2026.08.18 06:02,2026.08.17 23:02,4401.24,4401.48,0.24,258
2026.08.18 06:03,2026.08.17 23:03,4403.14,4403.36,0.22,236
2026.08.18 06:04,2026.08.17 23:04,4402.61,4402.83,0.22,242
2026.08.18 06:05,2026.08.17 23:05,4401.81,4402.05,0.24,233
2026.08.18 06:06,2026.08.17 23:06,4401.85,4402.07,0.22,239
2026.08.18 06:07,2026.08.17 23:07,4399.96,4400.18,0.22,233
2026.08.18 06:08,2026.08.17 23:08,4401.57,4401.81,0.24,229
2026.08.18 06:09,2026.08.17 23:09,4401.09,4401.31,0.22,272
2026.08.18 06:10,2026.08.17 23:10,4399.77,4400.00,0.23,228
2026.08.18 06:11,2026.08.17 23:11,4399.75,4399.98,0.23,242
2026.08.18 06:12,2026.08.17 23:12,4400.43,4400.66,0.23,275
2026.08.18 06:13,2026.08.17 23:13,4401.38,4401.61,0.23,202
2026.08.18 06:14,2026.08.17 23:14,4401.47,4401.70,0.23,198
2026.08.18 06:15,2026.08.17 23:15,4398.24,4398.47,0.23,203
2026.08.18 06:16,2026.08.17 23:16,4396.69,4396.91,0.22,301
2026.08.18 06:17,2026.08.17 23:17,4397.00,4397.24,0.24,285
2026.08.18 06:18,2026.08.17 23:18,4396.57,4396.81,0.24,264
2026.08.18 06:19,2026.08.17 23:19,4396.66,4396.89,0.23,291
2026.08.18 06:20,2026.08.17 23:20,4395.73,4395.95,0.22,226
2026.08.18 06:21,2026.08.17 23:21,4396.27,4396.50,0.23,239
2026.08.18 06:22,2026.08.17 23:22,4394.56,4394.79,0.23,195
2026.08.18 06:23,2026.08.17 23:23,4395.51,4395.74,0.23,230
2026.08.18 06:24,2026.08.17 23:24,4395.37,4395.60,0.23,225
2026.08.18 06:25,2026.08.17 23:25,4396.39,4396.62,0.23,179
2026.08.18 06:26,2026.08.17 23:26,4396.70,4396.93,0.23,152
2026.08.18 06:27,2026.08.17 23:27,4397.33,4397.56,0.23,210
2026.08.18 06:28,2026.08.17 23:28,4397.16,4397.39,0.23,222
2026.08.18 06:29,2026.08.17 23:29,4396.44,4396.67,0.23,197
2026.08.18 06:30,2026.08.17 23:30,4396.30,4396.53,0.23,249
2026.08.18 06:31,2026.08.17 23:31,4396.13,4396.36,0.23,209
2026.08.18 06:32,2026.08.17 23:32,4396.36,4396.59,0.23,237
2026.08.18 06:33,2026.08.17 23:33,4396.29,4396.51,0.22,166
2026.08.18 06:34,2026.08.17 23:34,4396.59,4396.82,0.23,204
2026.08.18 06:35,2026.08.17 23:35,4396.78,4397.00,0.22,117
2026.08.18 06:36,2026.08.17 23:36,4396.42,4396.65,0.23,185
2026.08.18 06:37,2026.08.17 23:37,4395.43,4395.66,0.23,235
2026.08.18 06:38,2026.08.17 23:38,4395.00,4395.23,0.23,223
2026.08.18 06:39,2026.08.17 23:39,4394.86,4395.09,0.23,184
2026.08.18 06:40,2026.08.17 23:40,4394.84,4395.07,0.23,159
2026.08.18 06:41,2026.08.17 23:41,4395.28,4395.50,0.22,171
2026.08.18 06:42,2026.08.17 23:42,4394.88,4395.10,0.22,179
2026.08.18 06:43,2026.08.17 23:43,4394.77,4395.00,0.23,191
2026.08.18 06:44,2026.08.17 23:44,4394.75,4394.99,0.24,144
2026.08.18 06:45,2026.08.17 23:45,4394.60,4394.83,0.23,171
2026.08.18 06:46,2026.08.17 23:46,4394.89,4395.12,0.23,141
2026.08.18 06:47,2026.08.17 23:47,4394.56,4394.79,0.23,174
2026.08.18 06:48,2026.08.17 23:48,4393.68,4393.90,0.22,149
2026.08.18 06:49,2026.08.17 23:49,4392.96,4393.19,0.23,176
2026.08.18 06:50,2026.08.17 23:50,4391.71,4391.94,0.23,269
2026.08.18 06:51,2026.08.17 23:51,4393.73,4393.95,0.22,182
2026.08.18 06:52,2026.08.17 23:52,4393.54,4393.76,0.22,183
2026.08.18 06:53,2026.08.17 23:53,4392.13,4392.36,0.23,155
2026.08.18 06:54,2026.08.17 23:54,4391.60,4391.83,0.23,190
2026.08.18 06:55,2026.08.17 23:55,4391.11,4391.34,0.23,190
2026.08.18 06:56,2026.08.17 23:56,4390.91,4391.14,0.23,213
2026.08.18 06:57,2026.08.17 23:57,4392.12,4392.35,0.23,123
2026.08.18 06:58,2026.08.17 23:58,4391.87,4392.09,0.22,158
2026.08.18 06:59,2026.08.17 23:59,4391.02,4391.24,0.22,118
2026.08.18 07:00,2026.08.18 00:00,4390.77,4391.00,0.23,188
2026.08.18 07:01,2026.08.18 00:01,4391.96,4392.19,0.23,153
2026.08.18 07:02,2026.08.18 00:02,4391.18,4391.41,0.23,151
2026.08.18 07:03,2026.08.18 00:03,4390.71,4390.94,0.23,174
2026.08.18 07:04,2026.08.18 00:04,4391.20,4391.42,0.22,169
2026.08.18 07:05,2026.08.18 00:05,4391.35,4391.59,0.24,169
2026.08.18 07:06,2026.08.18 00:06,4390.13,4390.35,0.22,183
2026.08.18 07:07,2026.08.18 00:07,4390.16,4390.39,0.23,185
2026.08.18 07:08,2026.08.18 00:08,4391.13,4391.37,0.24,174
2026.08.18 07:09,2026.08.18 00:09,4391.61,4391.84,0.23,148
2026.08.18 07:10,2026.08.18 00:10,4391.71,4391.95,0.24,135
2026.08.18 07:11,2026.08.18 00:11,4392.52,4392.74,0.22,149
2026.08.18 07:12,2026.08.18 00:12,4392.48,4392.72,0.24,162
2026.08.18 07:13,2026.08.18 00:13,4392.21,4392.45,0.24,134
2026.08.18 07:14,2026.08.18 00:14,4392.86,4393.08,0.22,137
2026.08.18 07:15,2026.08.18 00:15,4393.28,4393.51,0.23,88
2026.08.18 07:16,2026.08.18 00:16,4392.08,4392.32,0.24,159
2026.08.18 07:17,2026.08.18 00:17,4391.63,4391.86,0.23,178
2026.08.18 07:18,2026.08.18 00:18,4391.39,4391.62,0.23,181
2026.08.18 07:19,2026.08.18 00:19,4391.01,4391.23,0.22,174
2026.08.18 07:20,2026.08.18 00:20,4391.07,4391.29,0.22,125
2026.08.18 07:21,2026.08.18 00:21,4392.06,4392.30,0.24,139
2026.08.18 07:22,2026.08.18 00:22,4391.30,4391.52,0.22,149
2026.08.18 07:23,2026.08.18 00:23,4392.37,4392.59,0.22,128
2026.08.18 07:24,2026.08.18 00:24,4392.49,4392.73,0.24,139
2026.08.18 07:25,2026.08.18 00:25,4392.23,4392.45,0.22,131
2026.08.18 07:26,2026.08.18 00:26,4392.73,4392.95,0.22,152
2026.08.18 07:27,2026.08.18 00:27,4392.57,4392.80,0.23,154
2026.08.18 07:28,2026.08.18 00:28,4392.40,4392.63,0.23,172
2026.08.18 07:29,2026.08.18 00:29,4393.42,4393.66,0.24,113
2026.08.18 07:30,2026.08.18 00:30,4392.99,4393.23,0.24,194
2026.08.18 07:31,2026.08.18 00:31,4392.12,4392.35,0.23,195
2026.08.18 07:32,2026.08.18 00:32,4392.21,4392.45,0.24,124
2026.08.18 07:33,2026.08.18 00:33,4392.05,4392.29,0.24,143
2026.08.18 07:34,2026.08.18 00:34,4392.89,4393.12,0.23,150
2026.08.18 07:35,2026.08.18 00:35,4390.91,4391.15,0.24,123
2026.08.18 07:36,2026.08.18 00:36,4390.07,4390.31,0.24,162
2026.08.18 07:37,2026.08.18 00:37,4390.06,4390.29,0.23,201
2026.08.18 07:38,2026.08.18 00:38,4391.52,4391.74,0.22,148
2026.08.18 07:39,2026.08.18 00:39,4391.47,4391.71,0.24,259
2026.08.18 07:40,2026.08.18 00:40,4392.56,4392.78,0.22,172
2026.08.18 07:41,2026.08.18 00:41,4393.46,4393.70,0.24,154
2026.08.18 07:42,2026.08.18 00:42,4394.01,4394.25,0.24,148
2026.08.18 07:43,2026.08.18 00:43,4393.53,4393.76,0.23,149
2026.08.18 07:44,2026.08.18 00:44,4393.70,4393.93,0.23,114
2026.08.18 07:45,2026.08.18 00:45,4393.34,4393.57,0.23,151
2026.08.18 07:46,2026.08.18 00:46,4392.94,4393.16,0.22,121
2026.08.18 07:47,2026.08.18 00:47,4393.37,4393.60,0.23,164
2026.08.18 07:48,2026.08.18 00:48,4394.84,4395.06,0.22,146
2026.08.18 07:49,2026.08.18 00:49,4394.73,4394.95,0.22,130
2026.08.18 07:50,2026.08.18 00:50,4393.65,4393.89,0.24,156
2026.08.18 07:51,2026.08.18 00:51,4394.44,4394.68,0.24,100
2026.08.18 07:52,2026.08.18 00:52,4394.78,4395.00,0.22,120
2026.08.18 07:53,2026.08.18 00:53,4395.17,4395.41,0.24,115
2026.08.18 07:54,2026.08.18 00:54,4394.70,4394.94,0.24,128
2026.08.18 07:55,2026.08.18 00:55,4395.22,4395.44,0.22,149
2026.08.18 07:56,2026.08.18 00:56,4394.34,4394.58,0.24,157
2026.08.18 07:57,2026.08.18 00:57,4394.16,4394.39,0.23,134
2026.08.18 07:58,2026.08.18 00:58,4393.31,4393.55,0.24,129
2026.08.18 07:59,2026.08.18 00:59,4393.53,4393.77,0.24,143
2026.08.18 08:00,2026.08.18 01:00,4392.34,4392.57,0.23,173
2026.08.18 08:01,2026.08.18 01:01,4391.43,4391.66,0.23,200
2026.08.18 08:02,2026.08.18 01:02,4391.94,4392.17,0.23,187
2026.08.18 08:03,2026.08.18 01:03,4391.30,4391.53,0.23,175
2026.08.18 08:04,2026.08.18 01:04,4393.04,4393.28,0.24,181
2026.08.18 08:05,2026.08.18 01:05,4392.28,4392.51,0.23,161
2026.08.18 08:06,2026.08.18 01:06,4392.80,4393.03,0.23,134
2026.08.18 08:07,2026.08.18 01:07,4393.94,4394.15,0.21,152
2026.08.18 08:08,2026.08.18 01:08,4393.81,4394.04,0.23,120
2026.08.18 08:09,2026.08.18 01:09,4391.92,4392.15,0.23,132
2026.08.18 08:10,2026.08.18 01:10,4391.36,4391.60,0.24,204
2026.08.18 08:11,2026.08.18 01:11,4391.38,4391.60,0.22,166
2026.08.18 08:12,2026.08.18 01:12,4390.90,4391.14,0.24,107
2026.08.18 08:13,2026.08.18 01:13,4391.41,4391.63,0.22,160
2026.08.18 08:14,2026.08.18 01:14,4391.96,4392.20,0.24,121
2026.08.18 08:15,2026.08.18 01:15,4392.87,4393.11,0.24,140
2026.08.18 08:16,2026.08.18 01:16,4393.64,4393.88,0.24,137
2026.08.18 08:17,2026.08.18 01:17,4393.60,4393.84,0.24,120
2026.08.18 08:18,2026.08.18 01:18,4394.46,4394.69,0.23,157
2026.08.18 08:19,2026.08.18 01:19,4395.01,4395.24,0.23,125
2026.08.18 08:20,2026.08.18 01:20,4394.70,4394.93,0.23,159
2026.08.18 08:21,2026.08.18 01:21,4394.87,4395.09,0.22,197
2026.08.18 08:22,2026.08.18 01:22,4395.46,4395.69,0.23,147
2026.08.18 08:23,2026.08.18 01:23,4395.59,4395.82,0.23,140
2026.08.18 08:24,2026.08.18 01:24,4395.75,4395.97,0.22,121
2026.08.18 08:25,2026.08.18 01:25,4394.65,4394.88,0.23,159
2026.08.18 08:26,2026.08.18 01:26,4394.78,4394.99,0.21,157
2026.08.18 08:27,2026.08.18 01:27,4393.58,4393.80,0.22,135
2026.08.18 08:28,2026.08.18 01:28,4391.99,4392.22,0.23,131
2026.08.18 08:29,2026.08.18 01:29,4388.29,4388.51,0.22,190
2026.08.18 08:30,2026.08.18 01:30,4387.14,4387.38,0.24,427
2026.08.18 08:31,2026.08.18 01:31,4388.64,4388.87,0.23,406
2026.08.18 08:32,2026.08.18 01:32,4390.14,4390.38,0.24,322
2026.08.18 08:33,2026.08.18 01:33,4387.27,4387.50,0.23,275
2026.08.18 08:34,2026.08.18 01:34,4389.50,4389.74,0.24,280
2026.08.18 08:35,2026.08.18 01:35,4389.78,4390.00,0.22,320
2026.08.18 08:36,2026.08.18 01:36,4389.71,4389.94,0.23,273
2026.08.18 08:37,2026.08.18 01:37,4389.89,4390.13,0.24,276
2026.08.18 08:38,2026.08.18 01:38,4389.99,4390.23,0.24,259
2026.08.18 08:39,2026.08.18 01:39,4391.01,4391.25,0.24,291
2026.08.18 08:40,2026.08.18 01:40,4390.31,4390.53,0.22,279
2026.08.18 08:41,2026.08.18 01:41,4390.12,4390.35,0.23,235
2026.08.18 08:42,2026.08.18 01:42,4390.60,4390.83,0.23,238
2026.08.18 08:43,2026.08.18 01:43,4393.34,4393.57,0.23,235
2026.08.18 08:44,2026.08.18 01:44,4393.50,4393.73,0.23,308
2026.08.18 08:45,2026.08.18 01:45,4394.53,4394.75,0.22,268
2026.08.18 08:46,2026.08.18 01:46,4394.22,4394.46,0.24,303
2026.08.18 08:47,2026.08.18 01:47,4394.33,4394.56,0.23,253
2026.08.18 08:48,2026.08.18 01:48,4395.42,4395.65,0.23,194
2026.08.18 08:49,2026.08.18 01:49,4396.41,4396.64,0.23,209
2026.08.18 08:50,2026.08.18 01:50,4394.25,4394.48,0.23,274
2026.08.18 08:51,2026.08.18 01:51,4395.87,4396.10,0.23,223
2026.08.18 08:52,2026.08.18 01:52,4396.35,4396.57,0.22,183
2026.08.18 08:53,2026.08.18 01:53,4395.44,4395.66,0.22,224
2026.08.18 08:54,2026.08.18 01:54,4395.99,4396.22,0.23,217
2026.08.18 08:55,2026.08.18 01:55,4396.15,4396.38,0.23,243
2026.08.18 08:56,2026.08.18 01:56,4396.15,4396.37,0.22,195
2026.08.18 08:57,2026.08.18 01:57,4395.36,4395.59,0.23,177
2026.08.18 08:58,2026.08.18 01:58,4394.09,4394.33,0.24,233
2026.08.18 08:59,2026.08.18 01:59,4390.76,4390.98,0.22,191
2026.08.18 09:00,2026.08.18 02:00,4392.44,4392.67,0.23,401
2026.08.18 09:01,2026.08.18 02:01,4392.56,4392.79,0.23,286
2026.08.18 09:02,2026.08.18 02:02,4391.05,4391.28,0.23,213
2026.08.18 09:03,2026.08.18 02:03,4390.76,4390.97,0.21,286
2026.08.18 09:04,2026.08.18 02:04,4389.49,4389.71,0.22,321
2026.08.18 09:05,2026.08.18 02:05,4388.89,4389.12,0.23,297
2026.08.18 09:06,2026.08.18 02:06,4388.92,4389.15,0.23,320
2026.08.18 09:07,2026.08.18 02:07,4390.88,4391.10,0.22,282
2026.08.18 09:08,2026.08.18 02:08,4392.95,4393.17,0.22,252
2026.08.18 09:09,2026.08.18 02:09,4394.09,4394.31,0.22,247
2026.08.18 09:10,2026.08.18 02:10,4394.57,4394.81,0.24,260
2026.08.18 09:11,2026.08.18 02:11,4394.70,4394.94,0.24,222
2026.08.18 09:12,2026.08.18 02:12,4394.38,4394.60,0.22,246
2026.08.18 09:13,2026.08.18 02:13,4395.13,4395.37,0.24,272
2026.08.18 09:14,2026.08.18 02:14,4395.01,4395.24,0.23,193
2026.08.18 09:15,2026.08.18 02:15,4393.86,4394.10,0.24,225
2026.08.18 09:16,2026.08.18 02:16,4394.84,4395.07,0.23,245
2026.08.18 09:17,2026.08.18 02:17,4394.79,4395.02,0.23,302
2026.08.18 09:18,2026.08.18 02:18,4395.60,4395.83,0.23,277
2026.08.18 09:19,2026.08.18 02:19,4397.01,4397.24,0.23,254
2026.08.18 09:20,2026.08.18 02:20,4396.29,4396.52,0.23,267
2026.08.18 09:21,2026.08.18 02:21,4395.15,4395.38,0.23,220
2026.08.18 09:22,2026.08.18 02:22,4396.90,4397.12,0.22,219
2026.08.18 09:23,2026.08.18 02:23,4397.49,4397.71,0.22,160
2026.08.18 09:24,2026.08.18 02:24,4397.62,4397.85,0.23,178
2026.08.18 09:25,2026.08.18 02:25,4398.04,4398.27,0.23,209
2026.08.18 09:26,2026.08.18 02:26,4399.34,4399.57,0.23,199
2026.08.18 09:27,2026.08.18 02:27,4398.90,4399.13,0.23,227
2026.08.18 09:28,2026.08.18 02:28,4399.46,4399.68,0.22,182
2026.08.18 09:29,2026.08.18 02:29,4399.02,4399.25,0.23,211
2026.08.18 09:30,2026.08.18 02:30,4398.50,4398.72,0.22,236
2026.08.18 09:31,2026.08.18 02:31,4398.33,4398.55,0.22,182
2026.08.18 09:32,2026.08.18 02:32,4396.92,4397.15,0.23,171
2026.08.18 09:33,2026.08.18 02:33,4395.29,4395.51,0.22,147
2026.08.18 09:34,2026.08.18 02:34,4395.55,4395.78,0.23,185
2026.08.18 09:35,2026.08.18 02:35,4396.76,4396.99,0.23,214
2026.08.18 09:36,2026.08.18 02:36,4397.17,4397.39,0.22,213
2026.08.18 09:37,2026.08.18 02:37,4396.64,4396.87,0.23,183
2026.08.18 09:38,2026.08.18 02:38,4397.17,4397.40,0.23,148
2026.08.18 09:39,2026.08.18 02:39,4397.30,4397.53,0.23,181
2026.08.18 09:40,2026.08.18 02:40,4397.66,4397.88,0.22,143
2026.08.18 09:41,2026.08.18 02:41,4397.58,4397.80,0.22,130
2026.08.18 09:42,2026.08.18 02:42,4397.95,4398.17,0.22,156
2026.08.18 09:43,2026.08.18 02:43,4397.12,4397.34,0.22,110
2026.08.18 09:44,2026.08.18 02:44,4398.18,4398.40,0.22,159
2026.08.18 09:45,2026.08.18 02:45,4398.12,4398.34,0.22,188
2026.08.18 09:46,2026.08.18 02:46,4399.32,4399.56,0.24,126
2026.08.18 09:47,2026.08.18 02:47,4397.80,4398.03,0.23,160
2026.08.18 09:48,2026.08.18 02:48,4397.79,4398.02,0.23,140
2026.08.18 09:49,2026.08.18 02:49,4397.63,4397.86,0.23,128
2026.08.18 09:50,2026.08.18 02:50,4398.36,4398.59,0.23,180
2026.08.18 09:51,2026.08.18 02:51,4398.67,4398.91,0.24,129
2026.08.18 09:52,2026.08.18 02:52,4398.48,4398.72,0.24,185
2026.08.18 09:53,2026.08.18 02:53,4398.53,4398.76,0.23,207
2026.08.18 09:54,2026.08.18 02:54,4398.45,4398.68,0.23,161
2026.08.18 09:55,2026.08.18 02:55,4398.27,4398.51,0.24,228
2026.08.18 09:56,2026.08.18 02:56,4397.94,4398.16,0.22,207
2026.08.18 09:57,2026.08.18 02:57,4397.44,4397.67,0.23,172
2026.08.18 09:58,2026.08.18 02:58,4398.64,4398.86,0.22,210
2026.08.18 09:59,2026.08.18 02:59,4398.08,4398.30,0.22,217
2026.08.18 10:00,2026.08.18 03:00,4397.51,4397.74,0.23,309
2026.08.18 10:01,2026.08.18 03:01,4399.26,4399.47,0.21,204
2026.08.18 10:02,2026.08.18 03:02,4399.42,4399.65,0.23,226
2026.08.18 10:03,2026.08.18 03:03,4399.75,4399.98,0.23,194
2026.08.18 10:04,2026.08.18 03:04,4400.00,4400.22,0.22,213
2026.08.18 10:05,2026.08.18 03:05,4399.12,4399.35,0.23,252
2026.08.18 10:06,2026.08.18 03:06,4397.87,4398.09,0.22,191
2026.08.18 10:07,2026.08.18 03:07,4397.95,4398.17,0.22,211
2026.08.18 10:08,2026.08.18 03:08,4397.67,4397.88,0.21,162
2026.08.18 10:09,2026.08.18 03:09,4397.94,4398.18,0.24,205
2026.08.18 10:10,2026.08.18 03:10,4398.67,4398.89,0.22,223
2026.08.18 10:11,2026.08.18 03:11,4398.88,4399.11,0.23,215
2026.08.18 10:12,2026.08.18 03:12,4397.44,4397.68,0.24,181
2026.08.18 10:13,2026.08.18 03:13,4397.47,4397.69,0.22,182
2026.08.18 10:14,2026.08.18 03:14,4400.42,4400.64,0.22,168
2026.08.18 10:15,2026.08.18 03:15,4399.04,4399.27,0.23,173
2026.08.18 10:16,2026.08.18 03:16,4399.18,4399.41,0.23,211
2026.08.18 10:17,2026.08.18 03:17,4399.61,4399.84,0.23,158
2026.08.18 10:18,2026.08.18 03:18,4399.52,4399.75,0.23,210
2026.08.18 10:19,2026.08.18 03:19,4400.26,4400.48,0.22,174
2026.08.18 10:20,2026.08.18 03:20,4400.41,4400.64,0.23,195
2026.08.18 10:21,2026.08.18 03:21,4400.43,4400.67,0.24,184
2026.08.18 10:22,2026.08.18 03:22,4400.47,4400.70,0.23,137
2026.08.18 10:23,2026.08.18 03:23,4401.34,4401.56,0.22,153
2026.08.18 10:24,2026.08.18 03:24,4402.17,4402.39,0.22,186
2026.08.18 10:25,2026.08.18 03:25,4402.21,4402.44,0.23,210
2026.08.18 10:26,2026.08.18 03:26,4401.62,4401.86,0.24,203
2026.08.18 10:27,2026.08.18 03:27,4401.76,4401.99,0.23,206
2026.08.18 10:28,2026.08.18 03:28,4403.00,4403.23,0.23,208
2026.08.18 10:29,2026.08.18 03:29,4402.86,4403.09,0.23,231
2026.08.18 10:30,2026.08.18 03:30,4402.06,4402.30,0.24,245
2026.08.18 10:31,2026.08.18 03:31,4400.90,4401.13,0.23,196
2026.08.18 10:32,2026.08.18 03:32,4400.50,4400.73,0.23,201
2026.08.18 10:33,2026.08.18 03:33,4397.05,4397.27,0.22,225
2026.08.18 10:34,2026.08.18 03:34,4398.92,4399.15,0.23,287
2026.08.18 10:35,2026.08.18 03:35,4399.80,4400.03,0.23,249
2026.08.18 10:36,2026.08.18 03:36,4400.55,4400.77,0.22,197
2026.08.18 10:37,2026.08.18 03:37,4402.29,4402.52,0.23,185
2026.08.18 10:38,2026.08.18 03:38,4401.95,4402.19,0.24,201
2026.08.18 10:39,2026.08.18 03:39,4402.92,4403.15,0.23,151
2026.08.18 10:40,2026.08.18 03:40,4402.66,4402.89,0.23,225
2026.08.18 10:41,2026.08.18 03:41,4401.56,4401.79,0.23,216
2026.08.18 10:42,2026.08.18 03:42,4400.86,4401.09,0.23,178
2026.08.18 10:43,2026.08.18 03:43,4401.39,4401.61,0.22,192
2026.08.18 10:44,2026.08.18 03:44,4402.31,4402.54,0.23,185
2026.08.18 10:45,2026.08.18 03:45,4401.95,4402.18,0.23,155
2026.08.18 10:46,2026.08.18 03:46,4401.76,4401.98,0.22,168
2026.08.18 10:47,2026.08.18 03:47,4400.27,4400.50,0.23,171
2026.08.18 10:48,2026.08.18 03:48,4400.09,4400.30,0.21,213
2026.08.18 10:49,2026.08.18 03:49,4399.72,4399.94,0.22,192
2026.08.18 10:50,2026.08.18 03:50,4399.05,4399.27,0.22,174
2026.08.18 10:51,2026.08.18 03:51,4399.11,4399.34,0.23,211
2026.08.18 10:52,2026.08.18 03:52,4398.34,4398.58,0.24,177
2026.08.18 10:53,2026.08.18 03:53,4398.34,4398.56,0.22,194
2026.08.18 10:54,2026.08.18 03:54,4397.94,4398.17,0.23,198
2026.08.18 10:55,2026.08.18 03:55,4397.02,4397.25,0.23,185
2026.08.18 10:56,2026.08.18 03:56,4396.81,4397.05,0.24,194
2026.08.18 10:57,2026.08.18 03:57,4396.54,4396.77,0.23,200
2026.08.18 10:58,2026.08.18 03:58,4395.56,4395.80,0.24,156
2026.08.18 10:59,2026.08.18 03:59,4394.94,4395.17,0.23,184
2026.08.18 11:00,2026.08.18 04:00,4395.38,4395.62,0.24,314
2026.08.18 11:01,2026.08.18 04:01,4394.85,4395.08,0.23,244
2026.08.18 11:02,2026.08.18 04:02,4394.83,4395.07,0.24,221
2026.08.18 11:03,2026.08.18 04:03,4394.14,4394.37,0.23,229
2026.08.18 11:04,2026.08.18 04:04,4393.03,4393.25,0.22,199
2026.08.18 11:05,2026.08.18 04:05,4391.17,4391.40,0.23,266
2026.08.18 11:06,2026.08.18 04:06,4390.47,4390.70,0.23,258
2026.08.18 11:07,2026.08.18 04:07,4391.39,4391.62,0.23,216
2026.08.18 11:08,2026.08.18 04:08,4391.10,4391.34,0.24,227
2026.08.18 11:09,2026.08.18 04:09,4389.02,4389.24,0.22,208
2026.08.18 11:10,2026.08.18 04:10,4390.29,4390.52,0.23,298
2026.08.18 11:11,2026.08.18 04:11,4394.03,4394.27,0.24,214
2026.08.18 11:12,2026.08.18 04:12,4393.70,4393.94,0.24,254
2026.08.18 11:13,2026.08.18 04:13,4392.86,4393.10,0.24,224
2026.08.18 11:14,2026.08.18 04:14,4392.26,4392.49,0.23,215
2026.08.18 11:15,2026.08.18 04:15,4392.19,4392.42,0.23,191
2026.08.18 11:16,2026.08.18 04:16,4393.05,4393.28,0.23,232
2026.08.18 11:17,2026.08.18 04:17,4392.87,4393.10,0.23,235
2026.08.18 11:18,2026.08.18 04:18,4392.27,4392.49,0.22,201
2026.08.18 11:19,2026.08.18 04:19,4391.75,4391.98,0.23,179
2026.08.18 11:20,2026.08.18 04:20,4390.50,4390.73,0.23,167
2026.08.18 11:21,2026.08.18 04:21,4389.45,4389.68,0.23,252
2026.08.18 11:22,2026.08.18 04:22,4388.09,4388.31,0.22,222
2026.08.18 11:23,2026.08.18 04:23,4388.56,4388.80,0.24,248
2026.08.18 11:24,2026.08.18 04:24,4388.08,4388.30,0.22,188
2026.08.18 11:25,2026.08.18 04:25,4388.33,4388.56,0.23,209
2026.08.18 11:26,2026.08.18 04:26,4388.74,4388.98,0.24,222
2026.08.18 11:27,2026.08.18 04:27,4387.86,4388.10,0.24,215
2026.08.18 11:28,2026.08.18 04:28,4389.51,4389.74,0.23,175
2026.08.18 11:29,2026.08.18 04:29,4390.21,4390.45,0.24,250
2026.08.18 11:30,2026.08.18 04:30,4389.78,4390.00,0.22,247
2026.08.18 11:31,2026.08.18 04:31,4392.24,4392.46,0.22,199
2026.08.18 11:32,2026.08.18 04:32,4393.02,4393.24,0.22,221
2026.08.18 11:33,2026.08.18 04:33,4393.45,4393.68,0.23,197
2026.08.18 11:34,2026.08.18 04:34,4397.46,4397.69,0.23,178
2026.08.18 11:35,2026.08.18 04:35,4396.33,4396.56,0.23,238
2026.08.18 11:36,2026.08.18 04:36,4396.16,4396.40,0.24,234
2026.08.18 11:37,2026.08.18 04:37,4396.26,4396.49,0.23,168
2026.08.18 11:38,2026.08.18 04:38,4398.25,4398.48,0.23,194
2026.08.18 11:39,2026.08.18 04:39,4396.88,4397.10,0.22,226
2026.08.18 11:40,2026.08.18 04:40,4398.33,4398.56,0.23,220
2026.08.18 11:41,2026.08.18 04:41,4397.02,4397.24,0.22,239
2026.08.18 11:42,2026.08.18 04:42,4397.07,4397.30,0.23,212
2026.08.18 11:43,2026.08.18 04:43,4396.70,4396.94,0.24,229
2026.08.18 11:44,2026.08.18 04:44,4396.37,4396.61,0.24,184
2026.08.18 11:45,2026.08.18 04:45,4396.25,4396.49,0.24,185
2026.08.18 11:46,2026.08.18 04:46,4395.57,4395.80,0.23,160
2026.08.18 11:47,2026.08.18 04:47,4394.36,4394.59,0.23,162
2026.08.18 11:48,2026.08.18 04:48,4393.08,4393.31,0.23,197
2026.08.18 11:49,2026.08.18 04:49,4392.40,4392.64,0.24,247
2026.08.18 11:50,2026.08.18 04:50,4392.60,4392.82,0.22,182
2026.08.18 11:51,2026.08.18 04:51,4392.67,4392.89,0.22,205
2026.08.18 11:52,2026.08.18 04:52,4392.97,4393.20,0.23,180
2026.08.18 11:53,2026.08.18 04:53,4393.36,4393.59,0.23,179
2026.08.18 11:54,2026.08.18 04:54,4393.05,4393.27,0.22,165
2026.08.18 11:55,2026.08.18 04:55,4393.45,4393.68,0.23,296
2026.08.18 11:56,2026.08.18 04:56,4393.19,4393.41,0.22,222
2026.08.18 11:57,2026.08.18 04:57,4392.59,4392.82,0.23,170
2026.08.18 11:58,2026.08.18 04:58,4393.28,4393.52,0.24,143
2026.08.18 11:59,2026.08.18 04:59,4393.29,4393.52,0.23,157
2026.08.18 12:00,2026.08.18 05:00,4393.34,4393.56,0.22,317
2026.08.18 12:01,2026.08.18 05:01,4393.09,4393.32,0.23,245
2026.08.18 12:02,2026.08.18 05:02,4393.00,4393.23,0.23,241
2026.08.18 12:03,2026.08.18 05:03,4392.39,4392.61,0.22,245
2026.08.18 12:04,2026.08.18 05:04,4391.88,4392.10,0.22,231
2026.08.18 12:05,2026.08.18 05:05,4391.97,4392.20,0.23,208
2026.08.18 12:06,2026.08.18 05:06,4391.71,4391.95,0.24,235
2026.08.18 12:07,2026.08.18 05:07,4391.89,4392.13,0.24,229
2026.08.18 12:08,2026.08.18 05:08,4391.72,4391.96,0.24,240
2026.08.18 12:09,2026.08.18 05:09,4392.01,4392.25,0.24,155
2026.08.18 12:10,2026.08.18 05:10,4392.32,4392.55,0.23,190
2026.08.18 12:11,2026.08.18 05:11,4391.81,4392.02,0.21,193
2026.08.18 12:12,2026.08.18 05:12,4392.38,4392.60,0.22,205
2026.08.18 12:13,2026.08.18 05:13,4392.71,4392.93,0.22,207
2026.08.18 12:14,2026.08.18 05:14,4391.96,4392.19,0.23,184
2026.08.18 12:15,2026.08.18 05:15,4392.09,4392.31,0.22,204
2026.08.18 12:16,2026.08.18 05:16,4391.50,4391.73,0.23,117
2026.08.18 12:17,2026.08.18 05:17,4391.34,4391.57,0.23,169
2026.08.18 12:18,2026.08.18 05:18,4391.22,4391.45,0.23,183
2026.08.18 12:19,2026.08.18 05:19,4390.72,4390.94,0.22,144
2026.08.18 12:20,2026.08.18 05:20,4390.82,4391.05,0.23,192
2026.08.18 12:21,2026.08.18 05:21,4389.31,4389.53,0.22,208
2026.08.18 12:22,2026.08.18 05:22,4390.70,4390.94,0.24,248
2026.08.18 12:23,2026.08.18 05:23,4390.10,4390.33,0.23,236
2026.08.18 12:24,2026.08.18 05:24,4389.07,4389.29,0.22,351
2026.08.18 12:25,2026.08.18 05:25,4389.51,4389.73,0.22,212
2026.08.18 12:26,2026.08.18 05:26,4390.92,4391.15,0.23,201
2026.08.18 12:27,2026.08.18 05:27,4389.76,4390.00,0.24,208
2026.08.18 12:28,2026.08.18 05:28,4389.20,4389.42,0.22,214
2026.08.18 12:29,2026.08.18 05:29,4390.41,4390.65,0.24,235
2026.08.18 12:30,2026.08.18 05:30,4390.20,4390.43,0.23,217
2026.08.18 12:31,2026.08.18 05:31,4391.04,4391.26,0.22,268
2026.08.18 12:32,2026.08.18 05:32,4392.73,4392.96,0.23,193
2026.08.18 12:33,2026.08.18 05:33,4393.17,4393.40,0.23,210
2026.08.18 12:34,2026.08.18 05:34,4393.88,4394.11,0.23,223
2026.08.18 12:35,2026.08.18 05:35,4392.09,4392.33,0.24,228
2026.08.18 12:36,2026.08.18 05:36,4394.34,4394.57,0.23,193
2026.08.18 12:37,2026.08.18 05:37,4392.27,4392.50,0.23,191
2026.08.18 12:38,2026.08.18 05:38,4391.50,4391.73,0.23,214
2026.08.18 12:39,2026.08.18 05:39,4389.12,4389.33,0.21,210
2026.08.18 12:40,2026.08.18 05:40,4388.94,4389.17,0.23,198
2026.08.18 12:41,2026.08.18 05:41,4388.99,4389.23,0.24,191
2026.08.18 12:42,2026.08.18 05:42,4387.73,4387.96,0.23,183
2026.08.18 12:43,2026.08.18 05:43,4388.48,4388.71,0.23,201
2026.08.18 12:44,2026.08.18 05:44,4387.06,4387.30,0.24,218
2026.08.18 12:45,2026.08.18 05:45,4389.19,4389.43,0.24,197
2026.08.18 12:46,2026.08.18 05:46,4389.71,4389.95,0.24,230
2026.08.18 12:47,2026.08.18 05:47,4391.03,4391.25,0.22,209
2026.08.18 12:48,2026.08.18 05:48,4392.06,4392.30,0.24,217
2026.08.18 12:49,2026.08.18 05:49,4393.21,4393.44,0.23,224
2026.08.18 12:50,2026.08.18 05:50,4393.78,4394.00,0.22,239
2026.08.18 12:51,2026.08.18 05:51,4393.33,4393.57,0.24,208
2026.08.18 12:52,2026.08.18 05:52,4393.44,4393.68,0.24,174
2026.08.18 12:53,2026.08.18 05:53,4393.82,4394.05,0.23,176
2026.08.18 12:54,2026.08.18 05:54,4393.59,4393.83,0.24,184
2026.08.18 12:55,2026.08.18 05:55,4393.97,4394.21,0.24,166
2026.08.18 12:56,2026.08.18 05:56,4393.41,4393.63,0.22,240
2026.08.18 12:57,2026.08.18 05:57,4393.90,4394.13,0.23,219
2026.08.18 12:58,2026.08.18 05:58,4393.28,4393.52,0.24,145
2026.08.18 12:59,2026.08.18 05:59,4393.02,4393.24,0.22,147
2026.08.18 13:00,2026.08.18 06:00,4392.93,4393.15,0.22,247
2026.08.18 13:01,2026.08.18 06:01,4394.78,4395.00,0.22,241
2026.08.18 13:02,2026.08.18 06:02,4394.91,4395.15,0.24,199
2026.08.18 13:03,2026.08.18 06:03,4393.91,4394.14,0.23,177
2026.08.18 13:04,2026.08.18 06:04,4394.16,4394.40,0.24,174
2026.08.18 13:05,2026.08.18 06:05,4393.79,4394.02,0.23,149
2026.08.18 13:06,2026.08.18 06:06,4393.98,4394.22,0.24,173
2026.08.18 13:07,2026.08.18 06:07,4392.77,4392.99,0.22,151
2026.08.18 13:08,2026.08.18 06:08,4393.37,4393.60,0.23,194
2026.08.18 13:09,2026.08.18 06:09,4393.29,4393.51,0.22,153
2026.08.18 13:10,2026.08.18 06:10,4393.24,4393.48,0.24,178
2026.08.18 13:11,2026.08.18 06:11,4393.00,4393.23,0.23,199
2026.08.18 13:12,2026.08.18 06:12,4393.13,4393.36,0.23,218
2026.08.18 13:13,2026.08.18 06:13,4394.39,4394.61,0.22,153
2026.08.18 13:14,2026.08.18 06:14,4394.46,4394.69,0.23,186
2026.08.18 13:15,2026.08.18 06:15,4394.78,4395.02,0.24,168
2026.08.18 13:16,2026.08.18 06:16,4394.51,4394.75,0.24,182
2026.08.18 13:17,2026.08.18 06:17,4395.70,4395.92,0.22,187
2026.08.18 13:18,2026.08.18 06:18,4395.34,4395.57,0.23,215
2026.08.18 13:19,2026.08.18 06:19,4395.08,4395.30,0.22,166
2026.08.18 13:20,2026.08.18 06:20,4393.02,4393.24,0.22,187
2026.08.18 13:21,2026.08.18 06:21,4392.38,4392.62,0.24,220
2026.08.18 13:22,2026.08.18 06:22,4391.82,4392.05,0.23,150
2026.08.18 13:23,2026.08.18 06:23,4391.57,4391.81,0.24,123
2026.08.18 13:24,2026.08.18 06:24,4390.41,4390.64,0.23,171
2026.08.18 13:25,2026.08.18 06:25,4390.49,4390.72,0.23,174
2026.08.18 13:26,2026.08.18 06:26,4390.80,4391.02,0.22,234
2026.08.18 13:27,2026.08.18 06:27,4391.45,4391.69,0.24,171
2026.08.18 13:28,2026.08.18 06:28,4392.05,4392.28,0.23,137
2026.08.18 13:29,2026.08.18 06:29,4392.37,4392.61,0.24,129
2026.08.18 13:30,2026.08.18 06:30,4393.79,4394.02,0.23,158
2026.08.18 13:31,2026.08.18 06:31,4393.06,4393.30,0.24,185
2026.08.18 13:32,2026.08.18 06:32,4393.85,4394.08,0.23,163
2026.08.18 13:33,2026.08.18 06:33,4393.91,4394.15,0.24,130
2026.08.18 13:34,2026.08.18 06:34,4394.12,4394.34,0.22,111
2026.08.18 13:35,2026.08.18 06:35,4394.87,4395.11,0.24,125
2026.08.18 13:36,2026.08.18 06:36,4396.93,4397.14,0.21,163
2026.08.18 13:37,2026.08.18 06:37,4396.23,4396.46,0.23,167
2026.08.18 13:38,2026.08.18 06:38,4397.61,4397.85,0.24,162
2026.08.18 13:39,2026.08.18 06:39,4398.01,4398.24,0.23,131
2026.08.18 13:40,2026.08.18 06:40,4397.54,4397.77,0.23,190
2026.08.18 13:41,2026.08.18 06:41,4398.10,4398.33,0.23,142
2026.08.18 13:42,2026.08.18 06:42,4398.05,4398.28,0.23,140
2026.08.18 13:43,2026.08.18 06:43,4398.60,4398.84,0.24,146
2026.08.18 13:44,2026.08.18 06:44,4398.76,4398.98,0.22,140
2026.08.18 13:45,2026.08.18 06:45,4399.12,4399.35,0.23,116
2026.08.18 13:46,2026.08.18 06:46,4398.94,4399.18,0.24,158
2026.08.18 13:47,2026.08.18 06:47,4398.74,4398.97,0.23,114
2026.08.18 13:48,2026.08.18 06:48,4398.88,4399.10,0.22,175
2026.08.18 13:49,2026.08.18 06:49,4399.30,4399.53,0.23,148
2026.08.18 13:50,2026.08.18 06:50,4398.13,4398.35,0.22,133
2026.08.18 13:51,2026.08.18 06:51,4397.81,4398.04,0.23,166
2026.08.18 13:52,2026.08.18 06:52,4397.08,4397.32,0.24,126
2026.08.18 13:53,2026.08.18 06:53,4396.86,4397.09,0.23,142
2026.08.18 13:54,2026.08.18 06:54,4396.97,4397.19,0.22,106
2026.08.18 13:55,2026.08.18 06:55,4396.99,4397.23,0.24,154
2026.08.18 13:56,2026.08.18 06:56,4396.94,4397.17,0.23,137
2026.08.18 13:57,2026.08.18 06:57,4397.42,4397.65,0.23,132
2026.08.18 13:58,2026.08.18 06:58,4397.60,4397.83,0.23,144
2026.08.18 13:59,2026.08.18 06:59,4397.50,4397.73,0.23,150
2026.08.18 14:00,2026.08.18 07:00,4398.12,4398.35,0.23,262
2026.08.18 14:01,2026.08.18 07:01,4398.34,4398.57,0.23,190
2026.08.18 14:02,2026.08.18 07:02,4395.59,4395.81,0.22,190
2026.08.18 14:03,2026.08.18 07:03,4393.82,4394.05,0.23,216
2026.08.18 14:04,2026.08.18 07:04,4394.39,4394.63,0.24,215
2026.08.18 14:05,2026.08.18 07:05,4393.77,4393.99,0.22,188
2026.08.18 14:06,2026.08.18 07:06,4393.55,4393.77,0.22,186
2026.08.18 14:07,2026.08.18 07:07,4394.51,4394.74,0.23,160
2026.08.18 14:08,2026.08.18 07:08,4393.61,4393.85,0.24,141
2026.08.18 14:09,2026.08.18 07:09,4393.64,4393.87,0.23,135
2026.08.18 14:10,2026.08.18 07:10,4392.13,4392.35,0.22,156
2026.08.18 14:11,2026.08.18 07:11,4392.78,4393.01,0.23,169
2026.08.18 14:12,2026.08.18 07:12,4393.55,4393.79,0.24,138
2026.08.18 14:13,2026.08.18 07:13,4393.51,4393.73,0.22,155
2026.08.18 14:14,2026.08.18 07:14,4393.85,4394.08,0.23,93
2026.08.18 14:15,2026.08.18 07:15,4393.63,4393.85,0.22,165
2026.08.18 14:16,2026.08.18 07:16,4392.43,4392.66,0.23,172
2026.08.18 14:17,2026.08.18 07:17,4392.74,4392.97,0.23,143
2026.08.18 14:18,2026.08.18 07:18,4392.93,4393.15,0.22,141
2026.08.18 14:19,2026.08.18 07:19,4392.75,4392.98,0.23,171
2026.08.18 14:20,2026.08.18 07:20,4392.80,4393.03,0.23,180
2026.08.18 14:21,2026.08.18 07:21,4392.26,4392.48,0.22,136
2026.08.18 14:22,2026.08.18 07:22,4391.25,4391.47,0.22,150
2026.08.18 14:23,2026.08.18 07:23,4390.40,4390.63,0.23,184
2026.08.18 14:24,2026.08.18 07:24,4390.60,4390.84,0.24,153
2026.08.18 14:25,2026.08.18 07:25,4391.25,4391.49,0.24,192
2026.08.18 14:26,2026.08.18 07:26,4390.87,4391.10,0.23,179
2026.08.18 14:27,2026.08.18 07:27,4390.86,4391.08,0.22,163
2026.08.18 14:28,2026.08.18 07:28,4389.89,4390.12,0.23,195
2026.08.18 14:29,2026.08.18 07:29,4390.35,4390.58,0.23,181
2026.08.18 14:30,2026.08.18 07:30,4389.99,4390.20,0.21,211
2026.08.18 14:31,2026.08.18 07:31,4390.06,4390.28,0.22,181
2026.08.18 14:32,2026.08.18 07:32,4390.06,4390.30,0.24,160
2026.08.18 14:33,2026.08.18 07:33,4389.49,4389.72,0.23,175
2026.08.18 14:34,2026.08.18 07:34,4389.65,4389.88,0.23,134
2026.08.18 14:35,2026.08.18 07:35,4391.06,4391.29,0.23,183
2026.08.18 14:36,2026.08.18 07:36,4389.40,4389.63,0.23,180
2026.08.18 14:37,2026.08.18 07:37,4390.31,4390.54,0.23,202
2026.08.18 14:38,2026.08.18 07:38,4390.66,4390.90,0.24,159
2026.08.18 14:39,2026.08.18 07:39,4391.95,4392.19,0.24,163
2026.08.18 14:40,2026.08.18 07:40,4391.55,4391.77,0.22,185
2026.08.18 14:41,2026.08.18 07:41,4391.88,4392.10,0.22,242
2026.08.18 14:42,2026.08.18 07:42,4391.53,4391.76,0.23,168
2026.08.18 14:43,2026.08.18 07:43,4390.93,4391.17,0.24,162
2026.08.18 14:44,2026.08.18 07:44,4392.80,4393.04,0.24,134
2026.08.18 14:45,2026.08.18 07:45,4392.72,4392.95,0.23,143
2026.08.18 14:46,2026.08.18 07:46,4393.32,4393.54,0.22,180
2026.08.18 14:47,2026.08.18 07:47,4393.30,4393.53,0.23,137
2026.08.18 14:48,2026.08.18 07:48,4392.21,4392.44,0.23,192
2026.08.18 14:49,2026.08.18 07:49,4392.39,4392.61,0.22,113
2026.08.18 14:50,2026.08.18 07:50,4391.88,4392.11,0.23,169
2026.08.18 14:51,2026.08.18 07:51,4391.47,4391.71,0.24,157
2026.08.18 14:52,2026.08.18 07:52,4390.69,4390.92,0.23,160
2026.08.18 14:53,2026.08.18 07:53,4390.68,4390.91,0.23,179
2026.08.18 14:54,2026.08.18 07:54,4391.61,4391.83,0.22,157
2026.08.18 14:55,2026.08.18 07:55,4392.21,4392.43,0.22,181
2026.08.18 14:56,2026.08.18 07:56,4394.93,4395.15,0.22,192
2026.08.18 14:57,2026.08.18 07:57,4395.07,4395.29,0.22,224
2026.08.18 14:58,2026.08.18 07:58,4396.03,4396.25,0.22,224
2026.08.18 14:59,2026.08.18 07:59,4393.46,4393.68,0.22,196
2026.08.18 15:00,2026.08.18 08:00,4392.35,4392.59,0.24,276
2026.08.18 15:01,2026.08.18 08:01,4392.73,4392.97,0.24,258
2026.08.18 15:02,2026.08.18 08:02,4393.31,4393.55,0.24,183
2026.08.18 15:03,2026.08.18 08:03,4396.41,4396.65,0.24,196
2026.08.18 15:04,2026.08.18 08:04,4396.48,4396.71,0.23,310
2026.08.18 15:05,2026.08.18 08:05,4394.68,4394.92,0.24,312
2026.08.18 15:06,2026.08.18 08:06,4392.25,4392.48,0.23,241
2026.08.18 15:07,2026.08.18 08:07,4391.40,4391.62,0.22,253
2026.08.18 15:08,2026.08.18 08:08,4391.16,4391.39,0.23,262
2026.08.18 15:09,2026.08.18 08:09,4391.43,4391.66,0.23,254
2026.08.18 15:10,2026.08.18 08:10,4390.24,4390.47,0.23,255
2026.08.18 15:11,2026.08.18 08:11,4391.55,4391.77,0.22,279
2026.08.18 15:12,2026.08.18 08:12,4390.76,4390.98,0.22,192
2026.08.18 15:13,2026.08.18 08:13,4393.25,4393.48,0.23,185
2026.08.18 15:14,2026.08.18 08:14,4391.85,4392.09,0.24,185
2026.08.18 15:15,2026.08.18 08:15,4392.54,4392.78,0.24,190
2026.08.18 15:16,2026.08.18 08:16,4392.01,4392.24,0.23,179
2026.08.18 15:17,2026.08.18 08:17,4392.12,4392.36,0.24,209
2026.08.18 15:18,2026.08.18 08:18,4391.96,4392.19,0.23,170
2026.08.18 15:19,2026.08.18 08:19,4398.57,4398.79,0.22,166
2026.08.18 15:20,2026.08.18 08:20,4399.02,4399.25,0.23,411
2026.08.18 15:21,2026.08.18 08:21,4398.93,4399.17,0.24,302
2026.08.18 15:22,2026.08.18 08:22,4397.60,4397.82,0.22,261
2026.08.18 15:23,2026.08.18 08:23,4394.89,4395.12,0.23,242
2026.08.18 15:24,2026.08.18 08:24,4394.90,4395.12,0.22,297
2026.08.18 15:25,2026.08.18 08:25,4393.58,4393.82,0.24,311
2026.08.18 15:26,2026.08.18 08:26,4392.72,4392.96,0.24,232
2026.08.18 15:27,2026.08.18 08:27,4394.26,4394.49,0.23,230
2026.08.18 15:28,2026.08.18 08:28,4395.53,4395.75,0.22,215
2026.08.18 15:29,2026.08.18 08:29,4393.36,4393.60,0.24,178
2026.08.18 15:30,2026.08.18 08:30,4394.92,4395.14,0.22,297
2026.08.18 15:31,2026.08.18 08:31,4395.82,4396.04,0.22,229
2026.08.18 15:32,2026.08.18 08:32,4396.51,4396.74,0.23,194
2026.08.18 15:33,2026.08.18 08:33,4396.93,4397.16,0.23,214
2026.08.18 15:34,2026.08.18 08:34,4397.44,4397.67,0.23,235
2026.08.18 15:35,2026.08.18 08:35,4394.83,4395.06,0.23,292
2026.08.18 15:36,2026.08.18 08:36,4392.96,4393.20,0.24,295
2026.08.18 15:37,2026.08.18 08:37,4393.83,4394.06,0.23,254
2026.08.18 15:38,2026.08.18 08:38,4394.17,4394.40,0.23,313
2026.08.18 15:39,2026.08.18 08:39,4392.04,4392.27,0.23,279
2026.08.18 15:40,2026.08.18 08:40,4391.91,4392.13,0.22,306
2026.08.18 15:41,2026.08.18 08:41,4392.57,4392.80,0.23,257
2026.08.18 15:42,2026.08.18 08:42,4392.51,4392.73,0.22,208
2026.08.18 15:43,2026.08.18 08:43,4392.06,4392.29,0.23,240
2026.08.18 15:44,2026.08.18 08:44,4394.09,4394.32,0.23,231
2026.08.18 15:45,2026.08.18 08:45,4393.49,4393.71,0.22,251
2026.08.18 15:46,2026.08.18 08:46,4395.59,4395.81,0.22,201
2026.08.18 15:47,2026.08.18 08:47,4395.30,4395.53,0.23,236
2026.08.18 15:48,2026.08.18 08:48,4396.14,4396.36,0.22,190
2026.08.18 15:49,2026.08.18 08:49,4396.07,4396.30,0.23,203
2026.08.18 15:50,2026.08.18 08:50,4396.37,4396.59,0.22,221
2026.08.18 15:51,2026.08.18 08:51,4396.30,4396.53,0.23,228
2026.08.18 15:52,2026.08.18 08:52,4395.04,4395.27,0.23,195
2026.08.18 15:53,2026.08.18 08:53,4393.18,4393.40,0.22,188
2026.08.18 15:54,2026.08.18 08:54,4392.18,4392.41,0.23,234
2026.08.18 15:55,2026.08.18 08:55,4392.67,4392.90,0.23,207
2026.08.18 15:56,2026.08.18 08:56,4393.39,4393.62,0.23,231
2026.08.18 15:57,2026.08.18 08:57,4393.96,4394.19,0.23,208
2026.08.18 15:58,2026.08.18 08:58,4394.85,4395.07,0.22,207
2026.08.18 15:59,2026.08.18 08:59,4391.46,4391.70,0.24,241
2026.08.18 16:00,2026.08.18 09:00,4393.48,4393.71,0.23,427
2026.08.18 16:01,2026.08.18 09:01,4390.84,4391.08,0.24,376
2026.08.18 16:02,2026.08.18 09:02,4395.37,4395.61,0.24,339
2026.08.18 16:03,2026.08.18 09:03,4395.62,4395.83,0.21,384
2026.08.18 16:04,2026.08.18 09:04,4395.96,4396.18,0.22,321
2026.08.18 16:05,2026.08.18 09:05,4393.60,4393.82,0.22,331
2026.08.18 16:06,2026.08.18 09:06,4390.38,4390.61,0.23,289
2026.08.18 16:07,2026.08.18 09:07,4389.75,4389.98,0.23,318
2026.08.18 16:08,2026.08.18 09:08,4389.16,4389.39,0.23,309
2026.08.18 16:09,2026.08.18 09:09,4390.85,4391.07,0.22,258
2026.08.18 16:10,2026.08.18 09:10,4390.72,4390.96,0.24,298
2026.08.18 16:11,2026.08.18 09:11,4394.73,4394.95,0.22,222
2026.08.18 16:12,2026.08.18 09:12,4393.74,4393.96,0.22,315
2026.08.18 16:13,2026.08.18 09:13,4395.00,4395.22,0.22,173
2026.08.18 16:14,2026.08.18 09:14,4394.13,4394.36,0.23,246
2026.08.18 16:15,2026.08.18 09:15,4389.09,4389.32,0.23,253
2026.08.18 16:16,2026.08.18 09:16,4390.59,4390.82,0.23,320
2026.08.18 16:17,2026.08.18 09:17,4390.86,4391.08,0.22,300
2026.08.18 16:18,2026.08.18 09:18,4390.98,4391.22,0.24,275
2026.08.18 16:19,2026.08.18 09:19,4392.69,4392.91,0.22,275
2026.08.18 16:20,2026.08.18 09:20,4392.36,4392.59,0.23,286
2026.08.18 16:21,2026.08.18 09:21,4389.16,4389.39,0.23,269
2026.08.18 16:22,2026.08.18 09:22,4389.10,4389.32,0.22,293
2026.08.18 16:23,2026.08.18 09:23,4389.57,4389.79,0.22,349
2026.08.18 16:24,2026.08.18 09:24,4390.83,4391.05,0.22,271
2026.08.18 16:25,2026.08.18 09:25,4389.19,4389.41,0.22,345
2026.08.18 16:26,2026.08.18 09:26,4389.95,4390.18,0.23,312
2026.08.18 16:27,2026.08.18 09:27,4390.85,4391.07,0.22,332
2026.08.18 16:28,2026.08.18 09:28,4388.70,4388.93,0.23,322
2026.08.18 16:29,2026.08.18 09:29,4383.25,4383.48,0.23,361
2026.08.18 16:30,2026.08.18 09:30,4392.19,4392.42,0.23,706
2026.08.18 16:31,2026.08.18 09:31,4395.49,4395.72,0.23,545
2026.08.18 16:32,2026.08.18 09:32,4394.00,4394.23,0.23,510
2026.08.18 16:33,2026.08.18 09:33,4397.86,4398.08,0.22,518
2026.08.18 16:34,2026.08.18 09:34,4397.48,4397.71,0.23,507
2026.08.18 16:35,2026.08.18 09:35,4399.60,4399.82,0.22,547
2026.08.18 16:36,2026.08.18 09:36,4400.00,4400.24,0.24,556
2026.08.18 16:37,2026.08.18 09:37,4402.01,4402.25,0.24,491
2026.08.18 16:38,2026.08.18 09:38,4402.89,4403.11,0.22,499
2026.08.18 16:39,2026.08.18 09:39,4401.30,4401.54,0.24,480
2026.08.18 16:40,2026.08.18 09:40,4403.60,4403.83,0.23,449
2026.08.18 16:41,2026.08.18 09:41,4403.18,4403.41,0.23,513
2026.08.18 16:42,2026.08.18 09:42,4403.15,4403.39,0.24,454
2026.08.18 16:43,2026.08.18 09:43,4401.10,4401.32,0.22,461
2026.08.18 16:44,2026.08.18 09:44,4400.94,4401.16,0.22,428
2026.08.18 16:45,2026.08.18 09:45,4394.14,4394.38,0.24,537
2026.08.18 16:46,2026.08.18 09:46,4396.49,4396.72,0.23,545
2026.08.18 16:47,2026.08.18 09:47,4395.12,4395.34,0.22,522
2026.08.18 16:48,2026.08.18 09:48,4395.61,4395.84,0.23,419
2026.08.18 16:49,2026.08.18 09:49,4398.04,4398.27,0.23,489
2026.08.18 16:50,2026.08.18 09:50,4390.50,4390.73,0.23,576
2026.08.18 16:51,2026.08.18 09:51,4393.58,4393.82,0.24,563
2026.08.18 16:52,2026.08.18 09:52,4391.70,4391.93,0.23,502
2026.08.18 16:53,2026.08.18 09:53,4390.64,4390.86,0.22,487
2026.08.18 16:54,2026.08.18 09:54,4389.95,4390.18,0.23,422
2026.08.18 16:55,2026.08.18 09:55,4392.88,4393.11,0.23,426
2026.08.18 16:56,2026.08.18 09:56,4393.12,4393.36,0.24,424
2026.08.18 16:57,2026.08.18 09:57,4393.41,4393.63,0.22,437
2026.08.18 16:58,2026.08.18 09:58,4394.99,4395.22,0.23,377
2026.08.18 16:59,2026.08.18 09:59,4399.86,4400.09,0.23,401
2026.08.18 17:00,2026.08.18 10:00,4401.10,4401.32,0.22,501
2026.08.18 17:01,2026.08.18 10:01,4402.88,4403.11,0.23,390
2026.08.18 17:02,2026.08.18 10:02,4405.85,4406.09,0.24,508
2026.08.18 17:03,2026.08.18 10:03,4404.06,4404.28,0.22,449
2026.08.18 17:04,2026.08.18 10:04,4403.48,4403.72,0.24,417
2026.08.18 17:05,2026.08.18 10:05,4400.03,4400.26,0.23,461
2026.08.18 17:06,2026.08.18 10:06,4401.75,4401.98,0.23,448
2026.08.18 17:07,2026.08.18 10:07,4400.76,4400.99,0.23,356
2026.08.18 17:08,2026.08.18 10:08,4399.00,4399.24,0.24,433
2026.08.18 17:09,2026.08.18 10:09,4398.87,4399.10,0.23,396
2026.08.18 17:10,2026.08.18 10:10,4393.25,4393.48,0.23,439
2026.08.18 17:11,2026.08.18 10:11,4393.41,4393.64,0.23,432
2026.08.18 17:12,2026.08.18 10:12,4392.91,4393.14,0.23,458
2026.08.18 17:13,2026.08.18 10:13,4393.40,4393.63,0.23,485
2026.08.18 17:14,2026.08.18 10:14,4396.96,4397.18,0.22,447
2026.08.18 17:15,2026.08.18 10:15,4399.24,4399.47,0.23,430
2026.08.18 17:16,2026.08.18 10:16,4397.84,4398.06,0.22,436
2026.08.18 17:17,2026.08.18 10:17,4402.91,4403.12,0.21,392
2026.08.18 17:18,2026.08.18 10:18,4402.06,4402.28,0.22,451
2026.08.18 17:19,2026.08.18 10:19,4398.57,4398.80,0.23,434
2026.08.18 17:20,2026.08.18 10:20,4397.79,4398.01,0.22,390
2026.08.18 17:21,2026.08.18 10:21,4399.10,4399.33,0.23,405
2026.08.18 17:22,2026.08.18 10:22,4397.06,4397.28,0.22,394
2026.08.18 17:23,2026.08.18 10:23,4397.25,4397.48,0.23,412
2026.08.18 17:24,2026.08.18 10:24,4397.82,4398.05,0.23,391
2026.08.18 17:25,2026.08.18 10:25,4397.16,4397.38,0.22,415
2026.08.18 17:26,2026.08.18 10:26,4394.59,4394.82,0.23,404
2026.08.18 17:27,2026.08.18 10:27,4394.43,4394.64,0.21,465
2026.08.18 17:28,2026.08.18 10:28,4393.94,4394.18,0.24,417
2026.08.18 17:29,2026.08.18 10:29,4392.55,4392.78,0.23,377
2026.08.18 17:30,2026.08.18 10:30,4390.78,4391.02,0.24,490
2026.08.18 17:31,2026.08.18 10:31,4393.58,4393.82,0.24,391
2026.08.18 17:32,2026.08.18 10:32,4395.08,4395.32,0.24,458
2026.08.18 17:33,2026.08.18 10:33,4390.56,4390.80,0.24,354
2026.08.18 17:34,2026.08.18 10:34,4388.45,4388.68,0.23,365
2026.08.18 17:35,2026.08.18 10:35,4389.57,4389.80,0.23,409
2026.08.18 17:36,2026.08.18 10:36,4387.79,4388.02,0.23,343
2026.08.18 17:37,2026.08.18 10:37,4387.49,4387.71,0.22,369
2026.08.18 17:38,2026.08.18 10:38,4382.38,4382.60,0.22,400
2026.08.18 17:39,2026.08.18 10:39,4381.91,4382.14,0.23,498
2026.08.18 17:40,2026.08.18 10:40,4384.73,4384.96,0.23,553
2026.08.18 17:41,2026.08.18 10:41,4384.46,4384.70,0.24,459
2026.08.18 17:42,2026.08.18 10:42,4378.96,4379.18,0.22,421
2026.08.18 17:43,2026.08.18 10:43,4379.20,4379.44,0.24,457
2026.08.18 17:44,2026.08.18 10:44,4381.28,4381.50,0.22,432
2026.08.18 17:45,2026.08.18 10:45,4382.55,4382.78,0.23,445
2026.08.18 17:46,2026.08.18 10:46,4384.84,4385.08,0.24,411
2026.08.18 17:47,2026.08.18 10:47,4387.68,4387.91,0.23,409
2026.08.18 17:48,2026.08.18 10:48,4387.43,4387.67,0.24,401
2026.08.18 17:49,2026.08.18 10:49,4388.00,4388.24,0.24,326
2026.08.18 17:50,2026.08.18 10:50,4384.07,4384.29,0.22,446
2026.08.18 17:51,2026.08.18 10:51,4381.63,4381.85,0.22,402
2026.08.18 17:52,2026.08.18 10:52,4378.83,4379.07,0.24,417
2026.08.18 17:53,2026.08.18 10:53,4379.38,4379.62,0.24,560
2026.08.18 17:54,2026.08.18 10:54,4382.32,4382.55,0.23,478
2026.08.18 17:55,2026.08.18 10:55,4378.03,4378.25,0.22,492
2026.08.18 17:56,2026.08.18 10:56,4376.18,4376.40,0.22,560
2026.08.18 17:57,2026.08.18 10:57,4370.41,4370.64,0.23,549
2026.08.18 17:58,2026.08.18 10:58,4365.88,4366.10,0.22,501
2026.08.18 17:59,2026.08.18 10:59,4370.57,4370.80,0.23,633
2026.08.18 18:00,2026.08.18 11:00,4368.76,4368.99,0.23,588
2026.08.18 18:01,2026.08.18 11:01,4368.37,4368.59,0.22,594
2026.08.18 18:02,2026.08.18 11:02,4372.69,4372.91,0.22,625
2026.08.18 18:03,2026.08.18 11:03,4375.64,4375.87,0.23,632
2026.08.18 18:04,2026.08.18 11:04,4375.55,4375.78,0.23,500
2026.08.18 18:05,2026.08.18 11:05,4375.80,4376.03,0.23,553
2026.08.18 18:06,2026.08.18 11:06,4372.37,4372.60,0.23,444
2026.08.18 18:07,2026.08.18 11:07,4369.85,4370.07,0.22,459
2026.08.18 18:08,2026.08.18 11:08,4365.49,4365.73,0.24,455
2026.08.18 18:09,2026.08.18 11:09,4366.79,4367.01,0.22,513
2026.08.18 18:10,2026.08.18 11:10,4365.36,4365.59,0.23,503
2026.08.18 18:11,2026.08.18 11:11,4366.80,4367.04,0.24,477
2026.08.18 18:12,2026.08.18 11:12,4363.79,4364.01,0.22,465
2026.08.18 18:13,2026.08.18 11:13,4360.15,4360.38,0.23,476
2026.08.18 18:14,2026.08.18 11:14,4363.06,4363.28,0.22,562
2026.08.18 18:15,2026.08.18 11:15,4364.43,4364.66,0.23,482
2026.08.18 18:16,2026.08.18 11:16,4363.47,4363.70,0.23,456
2026.08.18 18:17,2026.08.18 11:17,4359.09,4359.33,0.24,403
2026.08.18 18:18,2026.08.18 11:18,4355.42,4355.64,0.22,523
2026.08.18 18:19,2026.08.18 11:19,4355.07,4355.31,0.24,507
2026.08.18 18:20,2026.08.18 11:20,4355.37,4355.60,0.23,533
2026.08.18 18:21,2026.08.18 11:21,4356.69,4356.91,0.22,513
2026.08.18 18:22,2026.08.18 11:22,4354.37,4354.59,0.22,497
2026.08.18 18:23,2026.08.18 11:23,4355.85,4356.08,0.23,475
2026.08.18 18:24,2026.08.18 11:24,4357.12,4357.35,0.23,506
2026.08.18 18:25,2026.08.18 11:25,4356.68,4356.91,0.23,506
2026.08.18 18:26,2026.08.18 11:26,4356.54,4356.78,0.24,425
2026.08.18 18:27,2026.08.18 11:27,4358.63,4358.86,0.23,354
2026.08.18 18:28,2026.08.18 11:28,4354.66,4354.89,0.23,376
2026.08.18 18:29,2026.08.18 11:29,4356.58,4356.81,0.23,481
2026.08.18 18:30,2026.08.18 11:30,4357.17,4357.40,0.23,503
2026.08.18 18:31,2026.08.18 11:31,4356.29,4356.51,0.22,493
2026.08.18 18:32,2026.08.18 11:32,4358.05,4358.28,0.23,461
2026.08.18 18:33,2026.08.18 11:33,4360.48,4360.71,0.23,358
2026.08.18 18:34,2026.08.18 11:34,4359.09,4359.32,0.23,370
2026.08.18 18:35,2026.08.18 11:35,4359.13,4359.36,0.23,430
2026.08.18 18:36,2026.08.18 11:36,4358.04,4358.27,0.23,453
2026.08.18 18:37,2026.08.18 11:37,4360.84,4361.07,0.23,432
2026.08.18 18:38,2026.08.18 11:38,4361.41,4361.63,0.22,398
2026.08.18 18:39,2026.08.18 11:39,4361.24,4361.46,0.22,391
2026.08.18 18:40,2026.08.18 11:40,4361.19,4361.42,0.23,413
2026.08.18 18:41,2026.08.18 11:41,4359.01,4359.23,0.22,355
2026.08.18 18:42,2026.08.18 11:42,4358.05,4358.27,0.22,347
2026.08.18 18:43,2026.08.18 11:43,4358.68,4358.92,0.24,345
2026.08.18 18:44,2026.08.18 11:44,4361.38,4361.61,0.23,353
2026.08.18 18:45,2026.08.18 11:45,4361.27,4361.51,0.24,388
2026.08.18 18:46,2026.08.18 11:46,4360.74,4360.97,0.23,315
2026.08.18 18:47,2026.08.18 11:47,4363.39,4363.63,0.24,354
2026.08.18 18:48,2026.08.18 11:48,4364.30,4364.52,0.22,344
2026.08.18 18:49,2026.08.18 11:49,4362.74,4362.98,0.24,270
2026.08.18 18:50,2026.08.18 11:50,4365.36,4365.59,0.23,289
2026.08.18 18:51,2026.08.18 11:51,4364.54,4364.77,0.23,308
2026.08.18 18:52,2026.08.18 11:52,4365.22,4365.44,0.22,254
2026.08.18 18:53,2026.08.18 11:53,4364.69,4364.93,0.24,315
2026.08.18 18:54,2026.08.18 11:54,4364.15,4364.37,0.22,259
2026.08.18 18:55,2026.08.18 11:55,4363.88,4364.10,0.22,287
2026.08.18 18:56,2026.08.18 11:56,4364.22,4364.45,0.23,291
2026.08.18 18:57,2026.08.18 11:57,4364.39,4364.62,0.23,288
2026.08.18 18:58,2026.08.18 11:58,4364.94,4365.18,0.24,265
2026.08.18 18:59,2026.08.18 11:59,4367.16,4367.39,0.23,241
2026.08.18 19:00,2026.08.18 12:00,4367.75,4367.98,0.23,340
2026.08.18 19:01,2026.08.18 12:01,4367.49,4367.73,0.24,280
2026.08.18 19:02,2026.08.18 12:02,4368.45,4368.68,0.23,239
2026.08.18 19:03,2026.08.18 12:03,4368.21,4368.44,0.23,261
2026.08.18 19:04,2026.08.18 12:04,4368.93,4369.16,0.23,239
2026.08.18 19:05,2026.08.18 12:05,4368.01,4368.24,0.23,241
2026.08.18 19:06,2026.08.18 12:06,4367.52,4367.76,0.24,287
2026.08.18 19:07,2026.08.18 12:07,4368.98,4369.22,0.24,325
2026.08.18 19:08,2026.08.18 12:08,4371.36,4371.58,0.22,331
2026.08.18 19:09,2026.08.18 12:09,4369.58,4369.81,0.23,302
2026.08.18 19:10,2026.08.18 12:10,4370.66,4370.89,0.23,268
2026.08.18 19:11,2026.08.18 12:11,4369.30,4369.53,0.23,270
2026.08.18 19:12,2026.08.18 12:12,4368.66,4368.90,0.24,298
2026.08.18 19:13,2026.08.18 12:13,4367.57,4367.80,0.23,233
2026.08.18 19:14,2026.08.18 12:14,4366.86,4367.09,0.23,229
2026.08.18 19:15,2026.08.18 12:15,4366.80,4367.04,0.24,273
2026.08.18 19:16,2026.08.18 12:16,4366.27,4366.49,0.22,327
2026.08.18 19:17,2026.08.18 12:17,4365.15,4365.37,0.22,287
2026.08.18 19:18,2026.08.18 12:18,4366.17,4366.40,0.23,266
2026.08.18 19:19,2026.08.18 12:19,4369.39,4369.61,0.22,260
2026.08.18 19:20,2026.08.18 12:20,4369.39,4369.63,0.24,305
2026.08.18 19:21,2026.08.18 12:21,4368.18,4368.41,0.23,259
2026.08.18 19:22,2026.08.18 12:22,4367.78,4368.02,0.24,265
2026.08.18 19:23,2026.08.18 12:23,4368.15,4368.37,0.22,282
2026.08.18 19:24,2026.08.18 12:24,4368.66,4368.89,0.23,215
2026.08.18 19:25,2026.08.18 12:25,4367.04,4367.27,0.23,237
2026.08.18 19:26,2026.08.18 12:26,4365.00,4365.23,0.23,246
2026.08.18 19:27,2026.08.18 12:27,4363.76,4364.00,0.24,308
2026.08.18 19:28,2026.08.18 12:28,4364.33,4364.56,0.23,263
2026.08.18 19:29,2026.08.18 12:29,4366.07,4366.31,0.24,279
2026.08.18 19:30,2026.08.18 12:30,4363.95,4364.18,0.23,307
2026.08.18 19:31,2026.08.18 12:31,4364.56,4364.79,0.23,300
2026.08.18 19:32,2026.08.18 12:32,4364.08,4364.32,0.24,255
2026.08.18 19:33,2026.08.18 12:33,4365.26,4365.48,0.22,256
2026.08.18 19:34,2026.08.18 12:34,4365.15,4365.39,0.24,279
2026.08.18 19:35,2026.08.18 12:35,4364.14,4364.38,0.24,279
2026.08.18 19:36,2026.08.18 12:36,4365.16,4365.40,0.24,245
2026.08.18 19:37,2026.08.18 12:37,4366.62,4366.84,0.22,291
2026.08.18 19:38,2026.08.18 12:38,4365.29,4365.53,0.24,198
2026.08.18 19:39,2026.08.18 12:39,4366.87,4367.10,0.23,245
2026.08.18 19:40,2026.08.18 12:40,4368.00,4368.23,0.23,279
2026.08.18 19:41,2026.08.18 12:41,4367.34,4367.57,0.23,249
2026.08.18 19:42,2026.08.18 12:42,4365.57,4365.80,0.23,257
2026.08.18 19:43,2026.08.18 12:43,4367.45,4367.67,0.22,273
2026.08.18 19:44,2026.08.18 12:44,4365.78,4366.00,0.22,228
2026.08.18 19:45,2026.08.18 12:45,4366.94,4367.17,0.23,254
2026.08.18 19:46,2026.08.18 12:46,4364.84,4365.07,0.23,274
2026.08.18 19:47,2026.08.18 12:47,4363.71,4363.94,0.23,271
2026.08.18 19:48,2026.08.18 12:48,4363.49,4363.72,0.23,263
2026.08.18 19:49,2026.08.18 12:49,4364.05,4364.29,0.24,219
2026.08.18 19:50,2026.08.18 12:50,4365.34,4365.57,0.23,226
2026.08.18 19:51,2026.08.18 12:51,4367.48,4367.72,0.24,220
2026.08.18 19:52,2026.08.18 12:52,4366.99,4367.21,0.22,284
2026.08.18 19:53,2026.08.18 12:53,4368.45,4368.69,0.24,233
2026.08.18 19:54,2026.08.18 12:54,4366.35,4366.58,0.23,211
2026.08.18 19:55,2026.08.18 12:55,4365.68,4365.90,0.22,256
2026.08.18 19:56,2026.08.18 12:56,4363.77,4363.99,0.22,199
2026.08.18 19:57,2026.08.18 12:57,4363.53,4363.76,0.23,268
2026.08.18 19:58,2026.08.18 12:58,4364.42,4364.64,0.22,243
2026.08.18 19:59,2026.08.18 12:59,4364.99,4365.22,0.23,262
2026.08.18 20:00,2026.08.18 13:00,4364.30,4364.54,0.24,335
2026.08.18 20:01,2026.08.18 13:01,4364.80,4365.04,0.24,299
2026.08.18 20:02,2026.08.18 13:02,4364.05,4364.29,0.24,282
2026.08.18 20:03,2026.08.18 13:03,4364.48,4364.71,0.23,301
2026.08.18 20:04,2026.08.18 13:04,4365.63,4365.86,0.23,269
2026.08.18 20:05,2026.08.18 13:05,4365.67,4365.90,0.23,296
2026.08.18 20:06,2026.08.18 13:06,4365.61,4365.85,0.24,271
2026.08.18 20:07,2026.08.18 13:07,4365.83,4366.06,0.23,227
2026.08.18 20:08,2026.08.18 13:08,4365.70,4365.93,0.23,210
2026.08.18 20:09,2026.08.18 13:09,4365.74,4365.96,0.22,193
2026.08.18 20:10,2026.08.18 13:10,4365.04,4365.27,0.23,250
2026.08.18 20:11,2026.08.18 13:11,4366.04,4366.27,0.23,221
2026.08.18 20:12,2026.08.18 13:12,4364.79,4365.02,0.23,214
2026.08.18 20:13,2026.08.18 13:13,4366.80,4367.03,0.23,198
2026.08.18 20:14,2026.08.18 13:14,4368.00,4368.23,0.23,220
2026.08.18 20:15,2026.08.18 13:15,4367.16,4367.39,0.23,230
2026.08.18 20:16,2026.08.18 13:16,4365.80,4366.04,0.24,260
2026.08.18 20:17,2026.08.18 13:17,4364.26,4364.50,0.24,187
2026.08.18 20:18,2026.08.18 13:18,4364.16,4364.39,0.23,196
2026.08.18 20:19,2026.08.18 13:19,4365.28,4365.52,0.24,254
2026.08.18 20:20,2026.08.18 13:20,4366.17,4366.40,0.23,231
2026.08.18 20:21,2026.08.18 13:21,4367.08,4367.31,0.23,236
2026.08.18 20:22,2026.08.18 13:22,4366.69,4366.93,0.24,228
2026.08.18 20:23,2026.08.18 13:23,4367.09,4367.31,0.22,237
2026.08.18 20:24,2026.08.18 13:24,4365.90,4366.14,0.24,316
2026.08.18 20:25,2026.08.18 13:25,4365.67,4365.90,0.23,296
2026.08.18 20:26,2026.08.18 13:26,4366.09,4366.31,0.22,210
2026.08.18 20:27,2026.08.18 13:27,4366.09,4366.32,0.23,272
2026.08.18 20:28,2026.08.18 13:28,4365.54,4365.77,0.23,256
2026.08.18 20:29,2026.08.18 13:29,4361.86,4362.09,0.23,387
2026.08.18 20:30,2026.08.18 13:30,4363.93,4364.17,0.24,317
2026.08.18 20:31,2026.08.18 13:31,4364.43,4364.65,0.22,304
2026.08.18 20:32,2026.08.18 13:32,4365.63,4365.85,0.22,239
2026.08.18 20:33,2026.08.18 13:33,4364.50,4364.73,0.23,211
2026.08.18 20:34,2026.08.18 13:34,4364.78,4365.00,0.22,186
2026.08.18 20:35,2026.08.18 13:35,4364.72,4364.95,0.23,198
2026.08.18 20:36,2026.08.18 13:36,4361.99,4362.22,0.23,289
2026.08.18 20:37,2026.08.18 13:37,4362.83,4363.06,0.23,290
2026.08.18 20:38,2026.08.18 13:38,4362.66,4362.88,0.22,290
2026.08.18 20:39,2026.08.18 13:39,4364.87,4365.11,0.24,246
2026.08.18 20:40,2026.08.18 13:40,4363.40,4363.64,0.24,281
2026.08.18 20:41,2026.08.18 13:41,4361.60,4361.83,0.23,235
2026.08.18 20:42,2026.08.18 13:42,4361.00,4361.23,0.23,197
2026.08.18 20:43,2026.08.18 13:43,4359.58,4359.82,0.24,262
2026.08.18 20:44,2026.08.18 13:44,4360.20,4360.43,0.23,246
2026.08.18 20:45,2026.08.18 13:45,4359.54,4359.78,0.24,291
2026.08.18 20:46,2026.08.18 13:46,4358.64,4358.87,0.23,202
2026.08.18 20:47,2026.08.18 13:47,4357.57,4357.80,0.23,251
2026.08.18 20:48,2026.08.18 13:48,4357.93,4358.16,0.23,266
2026.08.18 20:49,2026.08.18 13:49,4359.77,4359.99,0.22,223
2026.08.18 20:50,2026.08.18 13:50,4359.07,4359.30,0.23,250
2026.08.18 20:51,2026.08.18 13:51,4358.83,4359.07,0.24,191
2026.08.18 20:52,2026.08.18 13:52,4358.66,4358.90,0.24,198
2026.08.18 20:53,2026.08.18 13:53,4358.55,4358.78,0.23,223
2026.08.18 20:54,2026.08.18 13:54,4358.46,4358.70,0.24,178
2026.08.18 20:55,2026.08.18 13:55,4357.87,4358.10,0.23,241
2026.08.18 20:56,2026.08.18 13:56,4357.80,4358.03,0.23,246
2026.08.18 20:57,2026.08.18 13:57,4357.15,4357.37,0.22,278
2026.08.18 20:58,2026.08.18 13:58,4357.67,4357.90,0.23,221
2026.08.18 20:59,2026.08.18 13:59,4355.95,4356.17,0.22,259
2026.08.18 21:00,2026.08.18 14:00,4356.74,4356.97,0.23,334
2026.08.18 21:01,2026.08.18 14:01,4355.81,4356.04,0.23,261
2026.08.18 21:02,2026.08.18 14:02,4354.24,4354.46,0.22,283
2026.08.18 21:03,2026.08.18 14:03,4353.60,4353.82,0.22,309
2026.08.18 21:04,2026.08.18 14:04,4353.92,4354.16,0.24,279
2026.08.18 21:05,2026.08.18 14:05,4353.98,4354.21,0.23,323
2026.08.18 21:06,2026.08.18 14:06,4355.22,4355.44,0.22,271
2026.08.18 21:07,2026.08.18 14:07,4354.63,4354.85,0.22,227
2026.08.18 21:08,2026.08.18 14:08,4355.21,4355.43,0.22,246
2026.08.18 21:09,2026.08.18 14:09,4355.46,4355.69,0.23,237
2026.08.18 21:10,2026.08.18 14:10,4353.63,4353.87,0.24,249
2026.08.18 21:11,2026.08.18 14:11,4353.70,4353.93,0.23,240
2026.08.18 21:12,2026.08.18 14:12,4357.50,4357.73,0.23,193
2026.08.18 21:13,2026.08.18 14:13,4357.72,4357.95,0.23,291
2026.08.18 21:14,2026.08.18 14:14,4357.80,4358.03,0.23,239
2026.08.18 21:15,2026.08.18 14:15,4357.50,4357.74,0.24,262
2026.08.18 21:16,2026.08.18 14:16,4357.88,4358.10,0.22,234
2026.08.18 21:17,2026.08.18 14:17,4358.42,4358.65,0.23,250
2026.08.18 21:18,2026.08.18 14:18,4358.84,4359.07,0.23,245
2026.08.18 21:19,2026.08.18 14:19,4358.60,4358.83,0.23,201
2026.08.18 21:20,2026.08.18 14:20,4359.05,4359.29,0.24,229
2026.08.18 21:21,2026.08.18 14:21,4357.07,4357.30,0.23,215
2026.08.18 21:22,2026.08.18 14:22,4356.02,4356.24,0.22,228
2026.08.18 21:23,2026.08.18 14:23,4356.98,4357.21,0.23,202
2026.08.18 21:24,2026.08.18 14:24,4357.26,4357.49,0.23,233
2026.08.18 21:25,2026.08.18 14:25,4357.69,4357.93,0.24,187
2026.08.18 21:26,2026.08.18 14:26,4358.42,4358.64,0.22,180
2026.08.18 21:27,2026.08.18 14:27,4360.57,4360.81,0.24,176
2026.08.18 21:28,2026.08.18 14:28,4360.44,4360.67,0.23,281
2026.08.18 21:29,2026.08.18 14:29,4359.94,4360.18,0.24,230
2026.08.18 21:30,2026.08.18 14:30,4359.61,4359.85,0.24,210
2026.08.18 21:31,2026.08.18 14:31,4359.04,4359.26,0.22,184
2026.08.18 21:32,2026.08.18 14:32,4358.00,4358.23,0.23,210
2026.08.18 21:33,2026.08.18 14:33,4359.53,4359.77,0.24,158
2026.08.18 21:34,2026.08.18 14:34,4359.60,4359.82,0.22,177
2026.08.18 21:35,2026.08.18 14:35,4358.84,4359.06,0.22,206
2026.08.18 21:36,2026.08.18 14:36,4358.95,4359.18,0.23,161
2026.08.18 21:37,2026.08.18 14:37,4359.29,4359.52,0.23,171
2026.08.18 21:38,2026.08.18 14:38,4359.95,4360.18,0.23,194
2026.08.18 21:39,2026.08.18 14:39,4357.38,4357.61,0.23,174
2026.08.18 21:40,2026.08.18 14:40,4356.28,4356.51,0.23,206
2026.08.18 21:41,2026.08.18 14:41,4355.88,4356.11,0.23,199
2026.08.18 21:42,2026.08.18 14:42,4355.41,4355.64,0.23,222
2026.08.18 21:43,2026.08.18 14:43,4354.23,4354.47,0.24,184
2026.08.18 21:44,2026.08.18 14:44,4354.83,4355.06,0.23,248
2026.08.18 21:45,2026.08.18 14:45,4354.77,4355.00,0.23,184
2026.08.18 21:46,2026.08.18 14:46,4355.13,4355.35,0.22,179
2026.08.18 21:47,2026.08.18 14:47,4353.68,4353.91,0.23,179
2026.08.18 21:48,2026.08.18 14:48,4353.99,4354.23,0.24,241
2026.08.18 21:49,2026.08.18 14:49,4354.53,4354.75,0.22,167
2026.08.18 21:50,2026.08.18 14:50,4354.59,4354.82,0.23,176
2026.08.18 21:51,2026.08.18 14:51,4354.27,4354.49,0.22,141
2026.08.18 21:52,2026.08.18 14:52,4354.61,4354.83,0.22,155
2026.08.18 21:53,2026.08.18 14:53,4354.58,4354.80,0.22,166
2026.08.18 21:54,2026.08.18 14:54,4355.36,4355.58,0.22,149
2026.08.18 21:55,2026.08.18 14:55,4354.29,4354.52,0.23,207
2026.08.18 21:56,2026.08.18 14:56,4354.76,4354.99,0.23,181
2026.08.18 21:57,2026.08.18 14:57,4354.11,4354.35,0.24,161
2026.08.18 21:58,2026.08.18 14:58,4354.47,4354.69,0.22,128
2026.08.18 21:59,2026.08.18 14:59,4355.04,4355.27,0.23,138
2026.08.18 22:00,2026.08.18 15:00,4357.04,4357.27,0.23,226
2026.08.18 22:01,2026.08.18 15:01,4357.45,4357.68,0.23,195
2026.08.18 22:02,2026.08.18 15:02,4357.54,4357.77,0.23,156
2026.08.18 22:03,2026.08.18 15:03,4354.93,4355.16,0.23,157
2026.08.18 22:04,2026.08.18 15:04,4356.07,4356.29,0.22,191
2026.08.18 22:05,2026.08.18 15:05,4355.87,4356.09,0.22,168
2026.08.18 22:06,2026.08.18 15:06,4356.07,4356.31,0.24,136
2026.08.18 22:07,2026.08.18 15:07,4356.77,4357.00,0.23,145
2026.08.18 22:08,2026.08.18 15:08,4355.28,4355.52,0.24,146
2026.08.18 22:09,2026.08.18 15:09,4355.74,4355.97,0.23,168
2026.08.18 22:10,2026.08.18 15:10,4356.60,4356.83,0.23,187
2026.08.18 22:11,2026.08.18 15:11,4355.62,4355.85,0.23,218
2026.08.18 22:12,2026.08.18 15:12,4356.47,4356.70,0.23,215
2026.08.18 22:13,2026.08.18 15:13,4357.36,4357.58,0.22,152
2026.08.18 22:14,2026.08.18 15:14,4358.04,4358.28,0.24,125
2026.08.18 22:15,2026.08.18 15:15,4357.20,4357.42,0.22,128
2026.08.18 22:16,2026.08.18 15:16,4357.03,4357.26,0.23,197
2026.08.18 22:17,2026.08.18 15:17,4355.80,4356.02,0.22,158
2026.08.18 22:18,2026.08.18 15:18,4354.54,4354.77,0.23,183
2026.08.18 22:19,2026.08.18 15:19,4354.02,4354.25,0.23,210
2026.08.18 22:20,2026.08.18 15:20,4354.81,4355.04,0.23,151
2026.08.18 22:21,2026.08.18 15:21,4356.11,4356.34,0.23,210
2026.08.18 22:22,2026.08.18 15:22,4353.86,4354.10,0.24,198
2026.08.18 22:23,2026.08.18 15:23,4353.03,4353.27,0.24,189
2026.08.18 22:24,2026.08.18 15:24,4353.29,4353.53,0.24,158
2026.08.18 22:25,2026.08.18 15:25,4354.04,4354.28,0.24,230
2026.08.18 22:26,2026.08.18 15:26,4354.32,4354.54,0.22,199
2026.08.18 22:27,2026.08.18 15:27,4355.55,4355.78,0.23,149
2026.08.18 22:28,2026.08.18 15:28,4354.86,4355.08,0.22,145
2026.08.18 22:29,2026.08.18 15:29,4355.20,4355.43,0.23,161
2026.08.18 22:30,2026.08.18 15:30,4355.43,4355.66,0.23,203
2026.08.18 22:31,2026.08.18 15:31,4356.20,4356.43,0.23,187
2026.08.18 22:32,2026.08.18 15:32,4355.21,4355.45,0.24,198
2026.08.18 22:33,2026.08.18 15:33,4353.71,4353.95,0.24,175
2026.08.18 22:34,2026.08.18 15:34,4353.98,4354.20,0.22,195
2026.08.18 22:35,2026.08.18 15:35,4353.78,4354.01,0.23,152
2026.08.18 22:36,2026.08.18 15:36,4354.41,4354.63,0.22,180
2026.08.18 22:37,2026.08.18 15:37,4354.94,4355.16,0.22,220
2026.08.18 22:38,2026.08.18 15:38,4354.83,4355.07,0.24,202
2026.08.18 22:39,2026.08.18 15:39,4356.11,4356.36,0.25,183
2026.08.18 22:40,2026.08.18 15:40,4357.40,4357.64,0.24,218
2026.08.18 22:41,2026.08.18 15:41,4357.39,4357.64,0.25,204
2026.08.18 22:42,2026.08.18 15:42,4354.90,4355.15,0.25,169
2026.08.18 22:43,2026.08.18 15:43,4350.64,4350.89,0.25,203
2026.08.18 22:44,2026.08.18 15:44,4352.00,4352.26,0.26,333
2026.08.18 22:45,2026.08.18 15:45,4352.02,4352.27,0.25,390
2026.08.18 22:46,2026.08.18 15:46,4350.96,4351.21,0.25,242
2026.08.18 22:47,2026.08.18 15:47,4346.19,4346.43,0.24,225
2026.08.18 22:48,2026.08.18 15:48,4345.67,4345.92,0.25,351
2026.08.18 22:49,2026.08.18 15:49,4345.82,4346.08,0.26,348
2026.08.18 22:50,2026.08.18 15:50,4342.39,4342.62,0.23,316
2026.08.18 22:51,2026.08.18 15:51,4343.08,4343.33,0.25,400
2026.08.18 22:52,2026.08.18 15:52,4344.07,4344.32,0.25,327
2026.08.18 22:53,2026.08.18 15:53,4344.95,4345.19,0.24,323
2026.08.18 22:54,2026.08.18 15:54,4344.77,4345.02,0.25,375
2026.08.18 22:55,2026.08.18 15:55,4342.55,4342.81,0.26,422
2026.08.18 22:56,2026.08.18 15:56,4341.83,4342.08,0.25,370
2026.08.18 22:57,2026.08.18 15:57,4342.76,4343.02,0.26,478
2026.08.18 22:58,2026.08.18 15:58,4345.18,4345.43,0.25,374
2026.08.18 22:59,2026.08.18 15:59,4344.48,4344.73,0.25,347
2026.08.18 23:00,2026.08.18 16:00,4345.45,4345.71,0.26,272
2026.08.18 23:01,2026.08.18 16:01,4346.43,4346.69,0.26,267
2026.08.18 23:02,2026.08.18 16:02,4343.60,4343.85,0.25,198
2026.08.18 23:03,2026.08.18 16:03,4343.74,4344.00,0.26,180
2026.08.18 23:04,2026.08.18 16:04,4343.77,4344.03,0.26,163
2026.08.18 23:05,2026.08.18 16:05,4343.63,4343.89,0.26,156
2026.08.18 23:06,2026.08.18 16:06,4343.08,4343.33,0.25,113
2026.08.18 23:07,2026.08.18 16:07,4343.19,4343.44,0.25,116
2026.08.18 23:08,2026.08.18 16:08,4343.12,4343.38,0.26,130
2026.08.18 23:09,2026.08.18 16:09,4342.66,4342.92,0.26,113
2026.08.18 23:10,2026.08.18 16:10,4342.56,4342.81,0.25,118
2026.08.18 23:11,2026.08.18 16:11,4342.64,4342.88,0.24,137
2026.08.18 23:12,2026.08.18 16:12,4340.79,4341.04,0.25,114
2026.08.18 23:13,2026.08.18 16:13,4341.95,4342.21,0.26,150
2026.08.18 23:14,2026.08.18 16:14,4340.30,4340.55,0.25,103
2026.08.18 23:15,2026.08.18 16:15,4341.72,4341.98,0.26,150
2026.08.18 23:16,2026.08.18 16:16,4341.84,4342.10,0.26,123
2026.08.18 23:17,2026.08.18 16:17,4341.90,4342.15,0.25,123
2026.08.18 23:18,2026.08.18 16:18,4341.74,4341.99,0.25,68
2026.08.18 23:19,2026.08.18 16:19,4338.70,4338.93,0.23,77
2026.08.18 23:20,2026.08.18 16:20,4336.44,4336.70,0.26,157
2026.08.18 23:21,2026.08.18 16:21,4338.35,4338.60,0.25,300
2026.08.18 23:22,2026.08.18 16:22,4338.10,4338.35,0.25,180
2026.08.18 23:23,2026.08.18 16:23,4337.77,4338.03,0.26,150
2026.08.18 23:24,2026.08.18 16:24,4337.43,4337.67,0.24,119
2026.08.18 23:25,2026.08.18 16:25,4337.25,4337.49,0.24,93
2026.08.18 23:26,2026.08.18 16:26,4337.19,4337.44,0.25,102
2026.08.18 23:27,2026.08.18 16:27,4337.74,4337.99,0.25,113
2026.08.18 23:28,2026.08.18 16:28,4337.84,4338.09,0.25,84
2026.08.18 23:29,2026.08.18 16:29,4336.74,4336.99,0.25,143
2026.08.18 23:30,2026.08.18 16:30,4337.00,4337.25,0.25,148
2026.08.18 23:31,2026.08.18 16:31,4338.39,4338.65,0.26,80
2026.08.18 23:32,2026.08.18 16:32,4338.92,4339.17,0.25,131
2026.08.18 23:33,2026.08.18 16:33,4339.17,4339.42,0.25,110
2026.08.18 23:34,2026.08.18 16:34,4339.05,4339.30,0.25,109
2026.08.18 23:35,2026.08.18 16:35,4338.03,4338.28,0.25,71
2026.08.18 23:36,2026.08.18 16:36,4337.63,4337.88,0.25,84
2026.08.18 23:37,2026.08.18 16:37,4338.53,4338.78,0.25,97
2026.08.18 23:38,2026.08.18 16:38,4337.85,4338.10,0.25,120
2026.08.18 23:39,2026.08.18 16:39,4338.31,4338.57,0.26,56
2026.08.18 23:40,2026.08.18 16:40,4336.53,4336.77,0.24,117
2026.08.18 23:41,2026.08.18 16:41,4335.53,4335.79,0.26,96
2026.08.18 23:42,2026.08.18 16:42,4333.01,4333.25,0.24,149
2026.08.18 23:43,2026.08.18 16:43,4332.16,4332.41,0.25,149
2026.08.18 23:44,2026.08.18 16:44,4332.32,4332.57,0.25,176
2026.08.18 23:45,2026.08.18 16:45,4331.66,4331.91,0.25,216
2026.08.18 23:46,2026.08.18 16:46,4329.85,4330.09,0.24,231
2026.08.18 23:47,2026.08.18 16:47,4332.56,4332.80,0.24,190
2026.08.18 23:48,2026.08.18 16:48,4332.70,4332.94,0.24,227
2026.08.18 23:49,2026.08.18 16:49,4331.74,4331.99,0.25,137
2026.08.18 23:50,2026.08.18 16:50,4330.64,4330.88,0.24,169
2026.08.18 23:51,2026.08.18 16:51,4331.90,4332.16,0.26,212
2026.08.18 23:52,2026.08.18 16:52,4332.96,4333.21,0.25,155
2026.08.18 23:53,2026.08.18 16:53,4333.91,4334.16,0.25,177
2026.08.18 23:54,2026.08.18 16:54,4334.39,4334.65,0.26,196
2026.08.18 23:55,2026.08.18 16:55,4333.38,4333.62,0.24,177
2026.08.18 23:56,2026.08.18 16:56,4335.01,4335.26,0.25,125
2026.08.18 23:57,2026.08.18 16:57,4334.66,4334.91,0.25,123
2026.08.18 23:58,2026.08.18 16:58,4336.71,4337.21,0.50,151
2026.08.19 01:00,2026.08.18 18:00,4335.68,4336.18,0.50,89
2026.08.19 01:01,2026.08.18 18:01,4337.38,4337.88,0.50,102
2026.08.19 01:02,2026.08.18 18:02,4338.74,4339.24,0.50,99
2026.08.19 01:03,2026.08.18 18:03,4340.02,4340.52,0.50,93
2026.08.19 01:04,2026.08.18 18:04,4341.36,4341.86,0.50,76
2026.08.19 01:05,2026.08.18 18:05,4341.97,4342.23,0.26,107
2026.08.19 01:06,2026.08.18 18:06,4342.31,4342.55,0.24,138
2026.08.19 01:07,2026.08.18 18:07,4342.64,4342.88,0.24,68
2026.08.19 01:08,2026.08.18 18:08,4342.44,4342.69,0.25,72
2026.08.19 01:09,2026.08.18 18:09,4342.48,4342.71,0.23,59
2026.08.19 01:10,2026.08.18 18:10,4342.84,4343.10,0.26,101
2026.08.19 01:11,2026.08.18 18:11,4342.69,4342.92,0.23,119
2026.08.19 01:12,2026.08.18 18:12,4341.42,4341.66,0.24,131
2026.08.19 01:13,2026.08.18 18:13,4340.43,4340.66,0.23,76
2026.08.19 01:14,2026.08.18 18:14,4340.89,4341.14,0.25,116
2026.08.19 01:15,2026.08.18 18:15,4339.85,4340.09,0.24,123
2026.08.19 01:16,2026.08.18 18:16,4339.28,4339.53,0.25,75
2026.08.19 01:17,2026.08.18 18:17,4340.06,4340.31,0.25,66
2026.08.19 01:18,2026.08.18 18:18,4339.12,4339.37,0.25,104
2026.08.19 01:19,2026.08.18 18:19,4338.87,4339.12,0.25,123
2026.08.19 01:20,2026.08.18 18:20,4335.71,4335.95,0.24,175
2026.08.19 01:21,2026.08.18 18:21,4333.99,4334.24,0.25,181
2026.08.19 01:22,2026.08.18 18:22,4335.11,4335.36,0.25,132
2026.08.19 01:23,2026.08.18 18:23,4334.84,4335.10,0.26,99
2026.08.19 01:24,2026.08.18 18:24,4338.35,4338.59,0.24,136
2026.08.19 01:25,2026.08.18 18:25,4335.31,4335.56,0.25,123
2026.08.19 01:26,2026.08.18 18:26,4334.79,4335.04,0.25,183
2026.08.19 01:27,2026.08.18 18:27,4335.66,4335.92,0.26,124
2026.08.19 01:28,2026.08.18 18:28,4335.54,4335.79,0.25,124
2026.08.19 01:29,2026.08.18 18:29,4335.78,4336.02,0.24,92
2026.08.19 01:30,2026.08.18 18:30,4336.14,4336.38,0.24,111
2026.08.19 01:31,2026.08.18 18:31,4335.58,4335.81,0.23,110
2026.08.19 01:32,2026.08.18 18:32,4335.77,4336.01,0.24,85
2026.08.19 01:33,2026.08.18 18:33,4335.63,4335.87,0.24,70
2026.08.19 01:34,2026.08.18 18:34,4335.99,4336.22,0.23,76
2026.08.19 01:35,2026.08.18 18:35,4335.35,4335.58,0.23,91
2026.08.19 01:36,2026.08.18 18:36,4334.19,4334.43,0.24,74
2026.08.19 01:37,2026.08.18 18:37,4335.25,4335.47,0.22,75
2026.08.19 01:38,2026.08.18 18:38,4333.91,4334.14,0.23,84
2026.08.19 01:39,2026.08.18 18:39,4333.12,4333.35,0.23,117
2026.08.19 01:40,2026.08.18 18:40,4333.66,4333.90,0.24,118
2026.08.19 01:41,2026.08.18 18:41,4333.19,4333.42,0.23,92
2026.08.19 01:42,2026.08.18 18:42,4333.34,4333.58,0.24,122
2026.08.19 01:43,2026.08.18 18:43,4334.04,4334.27,0.23,80
2026.08.19 01:44,2026.08.18 18:44,4333.69,4333.92,0.23,82
2026.08.19 01:45,2026.08.18 18:45,4334.30,4334.54,0.24,89
2026.08.19 01:46,2026.08.18 18:46,4333.77,4333.99,0.22,103
2026.08.19 01:47,2026.08.18 18:47,4333.48,4333.71,0.23,88
2026.08.19 01:48,2026.08.18 18:48,4334.51,4334.74,0.23,31
2026.08.19 01:49,2026.08.18 18:49,4334.46,4334.69,0.23,59
2026.08.19 01:50,2026.08.18 18:50,4334.14,4334.37,0.23,66
2026.08.19 01:51,2026.08.18 18:51,4334.07,4334.30,0.23,86
2026.08.19 01:52,2026.08.18 18:52,4334.97,4335.19,0.22,114
2026.08.19 01:53,2026.08.18 18:53,4334.86,4335.09,0.23,152
2026.08.19 01:54,2026.08.18 18:54,4334.16,4334.38,0.22,114
2026.08.19 01:55,2026.08.18 18:55,4334.51,4334.74,0.23,66
2026.08.19 01:56,2026.08.18 18:56,4333.29,4333.52,0.23,69
2026.08.19 01:57,2026.08.18 18:57,4333.37,4333.60,0.23,91
2026.08.19 01:58,2026.08.18 18:58,4333.80,4334.01,0.21,91
2026.08.19 01:59,2026.08.18 18:59,4334.35,4334.56,0.21,97
2026.08.19 02:00,2026.08.18 19:00,4335.77,4336.00,0.23,136
2026.08.19 02:01,2026.08.18 19:01,4335.93,4336.16,0.23,170
2026.08.19 02:02,2026.08.18 19:02,4336.02,4336.25,0.23,138
2026.08.19 02:03,2026.08.18 19:03,4335.87,4336.10,0.23,126
2026.08.19 02:04,2026.08.18 19:04,4337.16,4337.39,0.23,107
2026.08.19 02:05,2026.08.18 19:05,4337.61,4337.83,0.22,133
2026.08.19 02:06,2026.08.18 19:06,4337.65,4337.89,0.24,165
2026.08.19 02:07,2026.08.18 19:07,4335.28,4335.52,0.24,126
2026.08.19 02:08,2026.08.18 19:08,4335.16,4335.38,0.22,132
2026.08.19 02:09,2026.08.18 19:09,4334.07,4334.30,0.23,113
2026.08.19 02:10,2026.08.18 19:10,4333.84,4334.06,0.22,107
2026.08.19 02:11,2026.08.18 19:11,4334.15,4334.38,0.23,187
2026.08.19 02:12,2026.08.18 19:12,4334.08,4334.31,0.23,168
2026.08.19 02:13,2026.08.18 19:13,4334.01,4334.24,0.23,167
2026.08.19 02:14,2026.08.18 19:14,4333.18,4333.40,0.22,161
2026.08.19 02:15,2026.08.18 19:15,4333.01,4333.23,0.22,128
2026.08.19 02:16,2026.08.18 19:16,4333.47,4333.71,0.24,129
2026.08.19 02:17,2026.08.18 19:17,4333.34,4333.56,0.22,153
2026.08.19 02:18,2026.08.18 19:18,4332.78,4333.02,0.24,137
2026.08.19 02:19,2026.08.18 19:19,4333.28,4333.51,0.23,133
2026.08.19 02:20,2026.08.18 19:20,4333.71,4333.94,0.23,112
2026.08.19 02:21,2026.08.18 19:21,4334.66,4334.89,0.23,104
2026.08.19 02:22,2026.08.18 19:22,4332.82,4333.05,0.23,231
2026.08.19 02:23,2026.08.18 19:23,4331.20,4331.43,0.23,204
2026.08.19 02:24,2026.08.18 19:24,4332.62,4332.85,0.23,220
2026.08.19 02:25,2026.08.18 19:25,4332.42,4332.65,0.23,219
2026.08.19 02:26,2026.08.18 19:26,4332.33,4332.56,0.23,119
2026.08.19 02:27,2026.08.18 19:27,4330.77,4331.01,0.24,148
2026.08.19 02:28,2026.08.18 19:28,4330.72,4330.93,0.21,191
2026.08.19 02:29,2026.08.18 19:29,4330.44,4330.67,0.23,184
2026.08.19 02:30,2026.08.18 19:30,4332.05,4332.27,0.22,201
2026.08.19 02:31,2026.08.18 19:31,4330.65,4330.87,0.22,179
2026.08.19 02:32,2026.08.18 19:32,4328.08,4328.31,0.23,177
2026.08.19 02:33,2026.08.18 19:33,4330.48,4330.70,0.22,290
2026.08.19 02:34,2026.08.18 19:34,4331.73,4331.96,0.23,197
2026.08.19 02:35,2026.08.18 19:35,4330.60,4330.82,0.22,214
2026.08.19 02:36,2026.08.18 19:36,4329.42,4329.65,0.23,164
2026.08.19 02:37,2026.08.18 19:37,4328.82,4329.06,0.24,142
2026.08.19 02:38,2026.08.18 19:38,4328.97,4329.20,0.23,145
2026.08.19 02:39,2026.08.18 19:39,4328.79,4329.00,0.21,170
2026.08.19 02:40,2026.08.18 19:40,4328.21,4328.42,0.21,154
2026.08.19 02:41,2026.08.18 19:41,4328.30,4328.53,0.23,147
2026.08.19 02:42,2026.08.18 19:42,4328.69,4328.92,0.23,268
2026.08.19 02:43,2026.08.18 19:43,4329.79,4330.02,0.23,279
2026.08.19 02:44,2026.08.18 19:44,4331.53,4331.77,0.24,395
2026.08.19 02:45,2026.08.18 19:45,4331.00,4331.23,0.23,397
2026.08.19 02:46,2026.08.18 19:46,4330.21,4330.45,0.24,376
2026.08.19 02:47,2026.08.18 19:47,4331.13,4331.36,0.23,176
2026.08.19 02:48,2026.08.18 19:48,4330.87,4331.11,0.24,157
2026.08.19 02:49,2026.08.18 19:49,4330.38,4330.60,0.22,209
2026.08.19 02:50,2026.08.18 19:50,4330.96,4331.20,0.24,100
2026.08.19 02:51,2026.08.18 19:51,4333.49,4333.73,0.24,119
2026.08.19 02:52,2026.08.18 19:52,4333.44,4333.67,0.23,154
2026.08.19 02:53,2026.08.18 19:53,4333.70,4333.92,0.22,172
2026.08.19 02:54,2026.08.18 19:54,4332.19,4332.43,0.24,273
2026.08.19 02:55,2026.08.18 19:55,4332.00,4332.24,0.24,270
2026.08.19 02:56,2026.08.18 19:56,4332.55,4332.77,0.22,271
2026.08.19 02:57,2026.08.18 19:57,4332.80,4333.03,0.23,162
2026.08.19 02:58,2026.08.18 19:58,4333.01,4333.23,0.22,205
2026.08.19 02:59,2026.08.18 19:59,4334.60,4334.82,0.22,205
2026.08.19 03:00,2026.08.18 20:00,4336.44,4336.66,0.22,414
2026.08.19 03:01,2026.08.18 20:01,4338.21,4338.44,0.23,367
2026.08.19 03:02,2026.08.18 20:02,4339.34,4339.57,0.23,420
2026.08.19 03:03,2026.08.18 20:03,4336.77,4336.99,0.22,374
2026.08.19 03:04,2026.08.18 20:04,4336.11,4336.34,0.23,354
2026.08.19 03:05,2026.08.18 20:05,4339.81,4340.05,0.24,355
2026.08.19 03:06,2026.08.18 20:06,4339.45,4339.69,0.24,420
2026.08.19 03:07,2026.08.18 20:07,4339.92,4340.15,0.23,399
2026.08.19 03:08,2026.08.18 20:08,4340.01,4340.23,0.22,349
2026.08.19 03:09,2026.08.18 20:09,4339.22,4339.44,0.22,356
2026.08.19 03:10,2026.08.18 20:10,4340.54,4340.77,0.23,355
2026.08.19 03:11,2026.08.18 20:11,4341.26,4341.50,0.24,372
2026.08.19 03:12,2026.08.18 20:12,4343.99,4344.22,0.23,269
2026.08.19 03:13,2026.08.18 20:13,4342.76,4342.98,0.22,349
2026.08.19 03:14,2026.08.18 20:14,4343.65,4343.89,0.24,343
2026.08.19 03:15,2026.08.18 20:15,4345.59,4345.82,0.23,406
2026.08.19 03:16,2026.08.18 20:16,4344.86,4345.08,0.22,328
2026.08.19 03:17,2026.08.18 20:17,4345.67,4345.91,0.24,336
2026.08.19 03:18,2026.08.18 20:18,4343.57,4343.79,0.22,231
2026.08.19 03:19,2026.08.18 20:19,4342.54,4342.78,0.24,309
2026.08.19 03:20,2026.08.18 20:20,4342.50,4342.72,0.22,304
2026.08.19 03:21,2026.08.18 20:21,4344.64,4344.88,0.24,301
2026.08.19 03:22,2026.08.18 20:22,4345.56,4345.80,0.24,332
2026.08.19 03:23,2026.08.18 20:23,4342.44,4342.66,0.22,249
2026.08.19 03:24,2026.08.18 20:24,4342.30,4342.53,0.23,360
2026.08.19 03:25,2026.08.18 20:25,4342.67,4342.89,0.22,366
2026.08.19 03:26,2026.08.18 20:26,4340.13,4340.35,0.22,343
2026.08.19 03:27,2026.08.18 20:27,4341.77,4342.00,0.23,385
2026.08.19 03:28,2026.08.18 20:28,4342.54,4342.78,0.24,295
2026.08.19 03:29,2026.08.18 20:29,4343.91,4344.14,0.23,264
2026.08.19 03:30,2026.08.18 20:30,4344.73,4344.95,0.22,277
2026.08.19 03:31,2026.08.18 20:31,4344.26,4344.48,0.22,300
2026.08.19 03:32,2026.08.18 20:32,4340.18,4340.42,0.24,264
2026.08.19 03:33,2026.08.18 20:33,4340.39,4340.61,0.22,404
2026.08.19 03:34,2026.08.18 20:34,4342.90,4343.14,0.24,324
2026.08.19 03:35,2026.08.18 20:35,4343.16,4343.38,0.22,336
2026.08.19 03:36,2026.08.18 20:36,4343.61,4343.83,0.22,326
2026.08.19 03:37,2026.08.18 20:37,4345.82,4346.06,0.24,313
2026.08.19 03:38,2026.08.18 20:38,4344.38,4344.62,0.24,322
2026.08.19 03:39,2026.08.18 20:39,4346.21,4346.43,0.22,293
2026.08.19 03:40,2026.08.18 20:40,4346.19,4346.42,0.23,251
2026.08.19 03:41,2026.08.18 20:41,4345.95,4346.17,0.22,273
2026.08.19 03:42,2026.08.18 20:42,4344.67,4344.90,0.23,282
2026.08.19 03:43,2026.08.18 20:43,4343.40,4343.64,0.24,257
2026.08.19 03:44,2026.08.18 20:44,4343.01,4343.23,0.22,322
2026.08.19 03:45,2026.08.18 20:45,4343.73,4343.96,0.23,258
2026.08.19 03:46,2026.08.18 20:46,4343.24,4343.48,0.24,314
2026.08.19 03:47,2026.08.18 20:47,4343.03,4343.26,0.23,311
2026.08.19 03:48,2026.08.18 20:48,4342.76,4343.00,0.24,321
2026.08.19 03:49,2026.08.18 20:49,4343.33,4343.55,0.22,281
2026.08.19 03:50,2026.08.18 20:50,4343.31,4343.55,0.24,394
2026.08.19 03:51,2026.08.18 20:51,4344.15,4344.38,0.23,477
2026.08.19 03:52,2026.08.18 20:52,4344.20,4344.43,0.23,467
2026.08.19 03:53,2026.08.18 20:53,4341.44,4341.66,0.22,446
2026.08.19 03:54,2026.08.18 20:54,4341.83,4342.05,0.22,472
2026.08.19 03:55,2026.08.18 20:55,4338.16,4338.40,0.24,416
2026.08.19 03:56,2026.08.18 20:56,4339.23,4339.46,0.23,407
2026.08.19 03:57,2026.08.18 20:57,4337.30,4337.53,0.23,412
2026.08.19 03:58,2026.08.18 20:58,4340.74,4340.97,0.23,379
2026.08.19 03:59,2026.08.18 20:59,4332.86,4333.10,0.24,369
2026.08.19 04:00,2026.08.18 21:00,4330.77,4331.00,0.23,695
2026.08.19 04:01,2026.08.18 21:01,4328.88,4329.10,0.22,596
2026.08.19 04:02,2026.08.18 21:02,4327.92,4328.15,0.23,627
2026.08.19 04:03,2026.08.18 21:03,4331.69,4331.92,0.23,485
2026.08.19 04:04,2026.08.18 21:04,4336.44,4336.68,0.24,452
2026.08.19 04:05,2026.08.18 21:05,4339.20,4339.44,0.24,492
2026.08.19 04:06,2026.08.18 21:06,4337.88,4338.10,0.22,429
2026.08.19 04:07,2026.08.18 21:07,4342.09,4342.31,0.22,368
2026.08.19 04:08,2026.08.18 21:08,4339.44,4339.67,0.23,409
2026.08.19 04:09,2026.08.18 21:09,4338.84,4339.08,0.24,332
2026.08.19 04:10,2026.08.18 21:10,4338.63,4338.87,0.24,354
2026.08.19 04:11,2026.08.18 21:11,4340.39,4340.62,0.23,345
2026.08.19 04:12,2026.08.18 21:12,4342.60,4342.83,0.23,357
2026.08.19 04:13,2026.08.18 21:13,4343.43,4343.65,0.22,316
2026.08.19 04:14,2026.08.18 21:14,4344.03,4344.27,0.24,302
2026.08.19 04:15,2026.08.18 21:15,4341.28,4341.49,0.21,402
2026.08.19 04:16,2026.08.18 21:16,4339.92,4340.15,0.23,351
2026.08.19 04:17,2026.08.18 21:17,4336.08,4336.31,0.23,411
2026.08.19 04:18,2026.08.18 21:18,4337.57,4337.79,0.22,493
2026.08.19 04:19,2026.08.18 21:19,4339.85,4340.07,0.22,498
2026.08.19 04:20,2026.08.18 21:20,4334.46,4334.68,0.22,462
2026.08.19 04:21,2026.08.18 21:21,4335.75,4335.98,0.23,463
2026.08.19 04:22,2026.08.18 21:22,4337.01,4337.24,0.23,383
2026.08.19 04:23,2026.08.18 21:23,4337.23,4337.46,0.23,376
2026.08.19 04:24,2026.08.18 21:24,4337.32,4337.56,0.24,387
2026.08.19 04:25,2026.08.18 21:25,4336.98,4337.20,0.22,312
2026.08.19 04:26,2026.08.18 21:26,4338.71,4338.93,0.22,331
2026.08.19 04:27,2026.08.18 21:27,4340.55,4340.79,0.24,390
2026.08.19 04:28,2026.08.18 21:28,4342.22,4342.45,0.23,392
2026.08.19 04:29,2026.08.18 21:29,4345.02,4345.24,0.22,306
2026.08.19 04:30,2026.08.18 21:30,4346.31,4346.55,0.24,348
2026.08.19 04:31,2026.08.18 21:31,4344.91,4345.14,0.23,347
2026.08.19 04:32,2026.08.18 21:32,4348.28,4348.52,0.24,355
2026.08.19 04:33,2026.08.18 21:33,4350.49,4350.73,0.24,315
2026.08.19 04:34,2026.08.18 21:34,4351.04,4351.27,0.23,341
2026.08.19 04:35,2026.08.18 21:35,4351.68,4351.90,0.22,329
2026.08.19 04:36,2026.08.18 21:36,4353.11,4353.33,0.22,334
2026.08.19 04:37,2026.08.18 21:37,4355.28,4355.51,0.23,304
2026.08.19 04:38,2026.08.18 21:38,4354.99,4355.22,0.23,323
2026.08.19 04:39,2026.08.18 21:39,4355.23,4355.46,0.23,307
2026.08.19 04:40,2026.08.18 21:40,4356.00,4356.24,0.24,288
2026.08.19 04:41,2026.08.18 21:41,4356.54,4356.76,0.22,280
2026.08.19 04:42,2026.08.18 21:42,4354.32,4354.54,0.22,289
2026.08.19 04:43,2026.08.18 21:43,4355.76,4356.00,0.24,314
2026.08.19 04:44,2026.08.18 21:44,4354.86,4355.09,0.23,262
2026.08.19 04:45,2026.08.18 21:45,4353.42,4353.64,0.22,358
2026.08.19 04:46,2026.08.18 21:46,4354.58,4354.81,0.23,320
2026.08.19 04:47,2026.08.18 21:47,4352.30,4352.53,0.23,327
2026.08.19 04:48,2026.08.18 21:48,4350.93,4351.15,0.22,281
2026.08.19 04:49,2026.08.18 21:49,4353.50,4353.73,0.23,263
2026.08.19 04:50,2026.08.18 21:50,4353.57,4353.80,0.23,308
2026.08.19 04:51,2026.08.18 21:51,4352.05,4352.28,0.23,261
2026.08.19 04:52,2026.08.18 21:52,4352.79,4353.01,0.22,248
2026.08.19 04:53,2026.08.18 21:53,4353.50,4353.73,0.23,232
2026.08.19 04:54,2026.08.18 21:54,4355.43,4355.66,0.23,355
2026.08.19 04:55,2026.08.18 21:55,4354.55,4354.78,0.23,330
2026.08.19 04:56,2026.08.18 21:56,4352.86,4353.08,0.22,273
2026.08.19 04:57,2026.08.18 21:57,4355.23,4355.45,0.22,226
2026.08.19 04:58,2026.08.18 21:58,4356.47,4356.70,0.23,298
2026.08.19 04:59,2026.08.18 21:59,4356.80,4357.03,0.23,294
2026.08.19 05:00,2026.08.18 22:00,4356.38,4356.62,0.24,274
2026.08.19 05:01,2026.08.18 22:01,4353.42,4353.64,0.22,221
2026.08.19 05:02,2026.08.18 22:02,4353.30,4353.52,0.22,222
2026.08.19 05:03,2026.08.18 22:03,4354.26,4354.49,0.23,246
2026.08.19 05:04,2026.08.18 22:04,4356.67,4356.90,0.23,184
2026.08.19 05:05,2026.08.18 22:05,4353.20,4353.44,0.24,244
2026.08.19 05:06,2026.08.18 22:06,4353.64,4353.86,0.22,260
2026.08.19 05:07,2026.08.18 22:07,4355.03,4355.26,0.23,208
2026.08.19 05:08,2026.08.18 22:08,4355.67,4355.89,0.22,183
2026.08.19 05:09,2026.08.18 22:09,4355.08,4355.31,0.23,236
2026.08.19 05:10,2026.08.18 22:10,4354.72,4354.96,0.24,175
2026.08.19 05:11,2026.08.18 22:11,4353.55,4353.78,0.23,248
2026.08.19 05:12,2026.08.18 22:12,4353.91,4354.13,0.22,247
2026.08.19 05:13,2026.08.18 22:13,4353.60,4353.83,0.23,216
2026.08.19 05:14,2026.08.18 22:14,4352.59,4352.81,0.22,241
2026.08.19 05:15,2026.08.18 22:15,4356.95,4357.17,0.22,245
2026.08.19 05:16,2026.08.18 22:16,4357.36,4357.58,0.22,457
2026.08.19 05:17,2026.08.18 22:17,4359.22,4359.44,0.22,404
2026.08.19 05:18,2026.08.18 22:18,4359.01,4359.24,0.23,357
2026.08.19 05:19,2026.08.18 22:19,4359.68,4359.90,0.22,254
2026.08.19 05:20,2026.08.18 22:20,4361.14,4361.37,0.23,257
2026.08.19 05:21,2026.08.18 22:21,4360.18,4360.41,0.23,253
2026.08.19 05:22,2026.08.18 22:22,4361.73,4361.96,0.23,239
2026.08.19 05:23,2026.08.18 22:23,4359.65,4359.89,0.24,236
2026.08.19 05:24,2026.08.18 22:24,4360.14,4360.38,0.24,194
2026.08.19 05:25,2026.08.18 22:25,4360.49,4360.72,0.23,206
2026.08.19 05:26,2026.08.18 22:26,4359.78,4360.02,0.24,214
2026.08.19 05:27,2026.08.18 22:27,4359.96,4360.18,0.22,220
2026.08.19 05:28,2026.08.18 22:28,4359.65,4359.88,0.23,268
2026.08.19 05:29,2026.08.18 22:29,4358.20,4358.43,0.23,265
2026.08.19 05:30,2026.08.18 22:30,4357.03,4357.26,0.23,382
2026.08.19 05:31,2026.08.18 22:31,4357.36,4357.60,0.24,302
2026.08.19 05:32,2026.08.18 22:32,4357.71,4357.93,0.22,355
2026.08.19 05:33,2026.08.18 22:33,4356.66,4356.88,0.22,312
2026.08.19 05:34,2026.08.18 22:34,4356.87,4357.10,0.23,230
2026.08.19 05:35,2026.08.18 22:35,4356.41,4356.64,0.23,272
2026.08.19 05:36,2026.08.18 22:36,4356.18,4356.42,0.24,310
2026.08.19 05:37,2026.08.18 22:37,4355.67,4355.89,0.22,309
2026.08.19 05:38,2026.08.18 22:38,4355.14,4355.37,0.23,266
2026.08.19 05:39,2026.08.18 22:39,4356.17,4356.40,0.23,235
2026.08.19 05:40,2026.08.18 22:40,4357.00,4357.23,0.23,202
2026.08.19 05:41,2026.08.18 22:41,4357.92,4358.16,0.24,206
2026.08.19 05:42,2026.08.18 22:42,4355.88,4356.12,0.24,223
2026.08.19 05:43,2026.08.18 22:43,4355.35,4355.57,0.22,188
2026.08.19 05:44,2026.08.18 22:44,4356.27,4356.50,0.23,274
2026.08.19 05:45,2026.08.18 22:45,4356.39,4356.63,0.24,318
2026.08.19 05:46,2026.08.18 22:46,4355.34,4355.56,0.22,297
2026.08.19 05:47,2026.08.18 22:47,4355.80,4356.04,0.24,285
2026.08.19 05:48,2026.08.18 22:48,4355.77,4355.99,0.22,233
2026.08.19 05:49,2026.08.18 22:49,4356.19,4356.42,0.23,197
2026.08.19 05:50,2026.08.18 22:50,4355.93,4356.17,0.24,304
2026.08.19 05:51,2026.08.18 22:51,4355.14,4355.37,0.23,239
2026.08.19 05:52,2026.08.18 22:52,4354.07,4354.30,0.23,261
2026.08.19 05:53,2026.08.18 22:53,4353.98,4354.20,0.22,271
2026.08.19 05:54,2026.08.18 22:54,4353.59,4353.82,0.23,262
2026.08.19 05:55,2026.08.18 22:55,4352.00,4352.22,0.22,286
2026.08.19 05:56,2026.08.18 22:56,4354.19,4354.43,0.24,290
2026.08.19 05:57,2026.08.18 22:57,4354.63,4354.87,0.24,312
2026.08.19 05:58,2026.08.18 22:58,4354.75,4354.98,0.23,215
2026.08.19 05:59,2026.08.18 22:59,4354.73,4354.97,0.24,194
2026.08.19 06:00,2026.08.18 23:00,4353.58,4353.80,0.22,271
2026.08.19 06:01,2026.08.18 23:01,4354.07,4354.30,0.23,263
2026.08.19 06:02,2026.08.18 23:02,4354.50,4354.73,0.23,259
2026.08.19 06:03,2026.08.18 23:03,4355.87,4356.10,0.23,231
2026.08.19 06:04,2026.08.18 23:04,4353.31,4353.54,0.23,270
2026.08.19 06:05,2026.08.18 23:05,4352.68,4352.90,0.22,274
2026.08.19 06:06,2026.08.18 23:06,4352.30,4352.54,0.24,281
2026.08.19 06:07,2026.08.18 23:07,4353.43,4353.67,0.24,232
2026.08.19 06:08,2026.08.18 23:08,4353.60,4353.82,0.22,234
2026.08.19 06:09,2026.08.18 23:09,4354.17,4354.39,0.22,257
2026.08.19 06:10,2026.08.18 23:10,4354.68,4354.91,0.23,234
2026.08.19 06:11,2026.08.18 23:11,4355.23,4355.46,0.23,245
2026.08.19 06:12,2026.08.18 23:12,4353.89,4354.12,0.23,249
2026.08.19 06:13,2026.08.18 23:13,4354.16,4354.39,0.23,263
2026.08.19 06:14,2026.08.18 23:14,4354.55,4354.78,0.23,264
2026.08.19 06:15,2026.08.18 23:15,4353.42,4353.65,0.23,253
2026.08.19 06:16,2026.08.18 23:16,4352.67,4352.89,0.22,218
2026.08.19 06:17,2026.08.18 23:17,4352.57,4352.80,0.23,336
2026.08.19 06:18,2026.08.18 23:18,4352.62,4352.85,0.23,275
2026.08.19 06:19,2026.08.18 23:19,4353.28,4353.51,0.23,230
2026.08.19 06:20,2026.08.18 23:20,4353.42,4353.64,0.22,241
2026.08.19 06:21,2026.08.18 23:21,4353.81,4354.04,0.23,244
2026.08.19 06:22,2026.08.18 23:22,4354.16,4354.40,0.24,157
2026.08.19 06:23,2026.08.18 23:23,4355.64,4355.86,0.22,145
2026.08.19 06:24,2026.08.18 23:24,4356.38,4356.61,0.23,190
2026.08.19 06:25,2026.08.18 23:25,4356.27,4356.50,0.23,232
2026.08.19 06:26,2026.08.18 23:26,4357.32,4357.56,0.24,164
2026.08.19 06:27,2026.08.18 23:27,4357.47,4357.69,0.22,173
2026.08.19 06:28,2026.08.18 23:28,4357.06,4357.28,0.22,175
2026.08.19 06:29,2026.08.18 23:29,4358.31,4358.54,0.23,186
2026.08.19 06:30,2026.08.18 23:30,4357.04,4357.27,0.23,212
2026.08.19 06:31,2026.08.18 23:31,4357.00,4357.23,0.23,237
2026.08.19 06:32,2026.08.18 23:32,4356.72,4356.96,0.24,190
2026.08.19 06:33,2026.08.18 23:33,4356.94,4357.17,0.23,133
2026.08.19 06:34,2026.08.18 23:34,4357.57,4357.81,0.24,134
2026.08.19 06:35,2026.08.18 23:35,4357.48,4357.71,0.23,129
2026.08.19 06:36,2026.08.18 23:36,4358.21,4358.45,0.24,88
2026.08.19 06:37,2026.08.18 23:37,4360.31,4360.53,0.22,126
2026.08.19 06:38,2026.08.18 23:38,4358.17,4358.41,0.24,162
2026.08.19 06:39,2026.08.18 23:39,4357.38,4357.62,0.24,176
2026.08.19 06:40,2026.08.18 23:40,4357.30,4357.52,0.22,177
2026.08.19 06:41,2026.08.18 23:41,4357.16,4357.40,0.24,138
2026.08.19 06:42,2026.08.18 23:42,4357.87,4358.10,0.23,130
2026.08.19 06:43,2026.08.18 23:43,4358.49,4358.71,0.22,112
2026.08.19 06:44,2026.08.18 23:44,4357.28,4357.50,0.22,113
2026.08.19 06:45,2026.08.18 23:45,4357.74,4357.98,0.24,174
2026.08.19 06:46,2026.08.18 23:46,4358.06,4358.28,0.22,143
2026.08.19 06:47,2026.08.18 23:47,4356.72,4356.94,0.22,126
2026.08.19 06:48,2026.08.18 23:48,4357.73,4357.97,0.24,173
2026.08.19 06:49,2026.08.18 23:49,4358.43,4358.66,0.23,166
2026.08.19 06:50,2026.08.18 23:50,4357.62,4357.84,0.22,136
2026.08.19 06:51,2026.08.18 23:51,4357.72,4357.95,0.23,131
2026.08.19 06:52,2026.08.18 23:52,4356.70,4356.92,0.22,101
2026.08.19 06:53,2026.08.18 23:53,4355.79,4356.01,0.22,119
2026.08.19 06:54,2026.08.18 23:54,4356.26,4356.48,0.22,163
2026.08.19 06:55,2026.08.18 23:55,4355.82,4356.05,0.23,177
2026.08.19 06:56,2026.08.18 23:56,4355.31,4355.55,0.24,159
2026.08.19 06:57,2026.08.18 23:57,4355.18,4355.42,0.24,149
2026.08.19 06:58,2026.08.18 23:58,4354.89,4355.13,0.24,96
2026.08.19 06:59,2026.08.18 23:59,4355.28,4355.50,0.22,108
2026.08.19 07:00,2026.08.19 00:00,4355.64,4355.86,0.22,145
2026.08.19 07:01,2026.08.19 00:01,4355.65,4355.88,0.23,150
2026.08.19 07:02,2026.08.19 00:02,4354.46,4354.68,0.22,95
2026.08.19 07:03,2026.08.19 00:03,4353.78,4354.01,0.23,156
2026.08.19 07:04,2026.08.19 00:04,4354.51,4354.74,0.23,181
2026.08.19 07:05,2026.08.19 00:05,4354.17,4354.40,0.23,157
2026.08.19 07:06,2026.08.19 00:06,4354.16,4354.39,0.23,134
2026.08.19 07:07,2026.08.19 00:07,4353.94,4354.18,0.24,100
2026.08.19 07:08,2026.08.19 00:08,4354.32,4354.55,0.23,99
2026.08.19 07:09,2026.08.19 00:09,4354.27,4354.49,0.22,97
2026.08.19 07:10,2026.08.19 00:10,4354.16,4354.38,0.22,157
2026.08.19 07:11,2026.08.19 00:11,4354.62,4354.86,0.24,138
2026.08.19 07:12,2026.08.19 00:12,4354.08,4354.31,0.23,121
2026.08.19 07:13,2026.08.19 00:13,4354.62,4354.85,0.23,130
2026.08.19 07:14,2026.08.19 00:14,4353.13,4353.36,0.23,121
2026.08.19 07:15,2026.08.19 00:15,4352.75,4352.99,0.24,189
2026.08.19 07:16,2026.08.19 00:16,4350.41,4350.64,0.23,142
2026.08.19 07:17,2026.08.19 00:17,4352.31,4352.54,0.23,205
2026.08.19 07:18,2026.08.19 00:18,4352.31,4352.54,0.23,199
2026.08.19 07:19,2026.08.19 00:19,4351.36,4351.59,0.23,171
2026.08.19 07:20,2026.08.19 00:20,4351.41,4351.64,0.23,210
2026.08.19 07:21,2026.08.19 00:21,4352.56,4352.79,0.23,222
2026.08.19 07:22,2026.08.19 00:22,4352.70,4352.94,0.24,239
2026.08.19 07:23,2026.08.19 00:23,4351.42,4351.65,0.23,201
2026.08.19 07:24,2026.08.19 00:24,4350.65,4350.88,0.23,211
2026.08.19 07:25,2026.08.19 00:25,4350.77,4351.00,0.23,197
2026.08.19 07:26,2026.08.19 00:26,4350.85,4351.08,0.23,195
2026.08.19 07:27,2026.08.19 00:27,4350.96,4351.19,0.23,162
2026.08.19 07:28,2026.08.19 00:28,4351.12,4351.36,0.24,134
2026.08.19 07:29,2026.08.19 00:29,4351.51,4351.75,0.24,133
2026.08.19 07:30,2026.08.19 00:30,4351.24,4351.46,0.22,197
2026.08.19 07:31,2026.08.19 00:31,4350.41,4350.63,0.22,248
2026.08.19 07:32,2026.08.19 00:32,4350.49,4350.73,0.24,212
2026.08.19 07:33,2026.08.19 00:33,4349.63,4349.86,0.23,217
2026.08.19 07:34,2026.08.19 00:34,4350.36,4350.58,0.22,203
2026.08.19 07:35,2026.08.19 00:35,4350.42,4350.64,0.22,130
2026.08.19 07:36,2026.08.19 00:36,4349.37,4349.59,0.22,121
2026.08.19 07:37,2026.08.19 00:37,4348.06,4348.29,0.23,213
2026.08.19 07:38,2026.08.19 00:38,4346.88,4347.11,0.23,223
2026.08.19 07:39,2026.08.19 00:39,4346.81,4347.05,0.24,318
2026.08.19 07:40,2026.08.19 00:40,4346.85,4347.09,0.24,268
2026.08.19 07:41,2026.08.19 00:41,4345.79,4346.01,0.22,181
2026.08.19 07:42,2026.08.19 00:42,4345.94,4346.17,0.23,208
2026.08.19 07:43,2026.08.19 00:43,4346.33,4346.56,0.23,207
2026.08.19 07:44,2026.08.19 00:44,4346.47,4346.69,0.22,208
2026.08.19 07:45,2026.08.19 00:45,4346.60,4346.83,0.23,200
2026.08.19 07:46,2026.08.19 00:46,4345.95,4346.18,0.23,139
2026.08.19 07:47,2026.08.19 00:47,4345.85,4346.09,0.24,131
2026.08.19 07:48,2026.08.19 00:48,4346.33,4346.56,0.23,147
2026.08.19 07:49,2026.08.19 00:49,4345.22,4345.45,0.23,225
2026.08.19 07:50,2026.08.19 00:50,4345.25,4345.49,0.24,177
2026.08.19 07:51,2026.08.19 00:51,4345.26,4345.49,0.23,174
2026.08.19 07:52,2026.08.19 00:52,4344.50,4344.73,0.23,228
2026.08.19 07:53,2026.08.19 00:53,4344.90,4345.13,0.23,192
2026.08.19 07:54,2026.08.19 00:54,4345.50,4345.73,0.23,180
2026.08.19 07:55,2026.08.19 00:55,4344.99,4345.22,0.23,146
2026.08.19 07:56,2026.08.19 00:56,4346.19,4346.42,0.23,209
2026.08.19 07:57,2026.08.19 00:57,4347.74,4347.96,0.22,210
2026.08.19 07:58,2026.08.19 00:58,4348.47,4348.70,0.23,178
2026.08.19 07:59,2026.08.19 00:59,4348.93,4349.17,0.24,195
2026.08.19 08:00,2026.08.19 01:00,4348.75,4348.98,0.23,262
2026.08.19 08:01,2026.08.19 01:01,4347.88,4348.11,0.23,240
2026.08.19 08:02,2026.08.19 01:02,4347.56,4347.80,0.24,254
2026.08.19 08:03,2026.08.19 01:03,4347.24,4347.48,0.24,237
2026.08.19 08:04,2026.08.19 01:04,4346.83,4347.06,0.23,211
2026.08.19 08:05,2026.08.19 01:05,4343.85,4344.08,0.23,272
2026.08.19 08:06,2026.08.19 01:06,4344.13,4344.36,0.23,257
2026.08.19 08:07,2026.08.19 01:07,4343.44,4343.68,0.24,299
2026.08.19 08:08,2026.08.19 01:08,4342.56,4342.79,0.23,219
2026.08.19 08:09,2026.08.19 01:09,4340.92,4341.15,0.23,205
2026.08.19 08:10,2026.08.19 01:10,4340.01,4340.24,0.23,234
2026.08.19 08:11,2026.08.19 01:11,4339.49,4339.71,0.22,217
2026.08.19 08:12,2026.08.19 01:12,4339.65,4339.87,0.22,189
2026.08.19 08:13,2026.08.19 01:13,4338.91,4339.13,0.22,192
2026.08.19 08:14,2026.08.19 01:14,4338.51,4338.75,0.24,247
2026.08.19 08:15,2026.08.19 01:15,4339.01,4339.23,0.22,221
2026.08.19 08:16,2026.08.19 01:16,4337.32,4337.54,0.22,244
2026.08.19 08:17,2026.08.19 01:17,4337.27,4337.49,0.22,216
2026.08.19 08:18,2026.08.19 01:18,4337.26,4337.49,0.23,178
2026.08.19 08:19,2026.08.19 01:19,4338.19,4338.42,0.23,202
2026.08.19 08:20,2026.08.19 01:20,4340.13,4340.36,0.23,227
2026.08.19 08:21,2026.08.19 01:21,4340.07,4340.29,0.22,207
2026.08.19 08:22,2026.08.19 01:22,4341.62,4341.85,0.23,193
2026.08.19 08:23,2026.08.19 01:23,4341.52,4341.74,0.22,217
2026.08.19 08:24,2026.08.19 01:24,4340.84,4341.08,0.24,243
2026.08.19 08:25,2026.08.19 01:25,4341.99,4342.22,0.23,197
2026.08.19 08:26,2026.08.19 01:26,4341.84,4342.07,0.23,170
2026.08.19 08:27,2026.08.19 01:27,4343.55,4343.78,0.23,178
2026.08.19 08:28,2026.08.19 01:28,4344.73,4344.97,0.24,187
2026.08.19 08:29,2026.08.19 01:29,4338.77,4339.00,0.23,235
2026.08.19 08:30,2026.08.19 01:30,4339.48,4339.72,0.24,515
2026.08.19 08:31,2026.08.19 01:31,4339.16,4339.39,0.23,368
2026.08.19 08:32,2026.08.19 01:32,4341.59,4341.82,0.23,370
2026.08.19 08:33,2026.08.19 01:33,4338.41,4338.63,0.22,437
2026.08.19 08:34,2026.08.19 01:34,4338.26,4338.49,0.23,400
2026.08.19 08:35,2026.08.19 01:35,4340.10,4340.32,0.22,339
2026.08.19 08:36,2026.08.19 01:36,4338.11,4338.33,0.22,361
2026.08.19 08:37,2026.08.19 01:37,4339.87,4340.10,0.23,287
2026.08.19 08:38,2026.08.19 01:38,4342.09,4342.31,0.22,278
2026.08.19 08:39,2026.08.19 01:39,4341.67,4341.90,0.23,278
2026.08.19 08:40,2026.08.19 01:40,4341.23,4341.46,0.23,261
2026.08.19 08:41,2026.08.19 01:41,4342.86,4343.10,0.24,228
2026.08.19 08:42,2026.08.19 01:42,4340.47,4340.70,0.23,275
2026.08.19 08:43,2026.08.19 01:43,4342.22,4342.45,0.23,287
2026.08.19 08:44,2026.08.19 01:44,4338.52,4338.75,0.23,225
2026.08.19 08:45,2026.08.19 01:45,4338.45,4338.68,0.23,312
2026.08.19 08:46,2026.08.19 01:46,4336.32,4336.54,0.22,253
2026.08.19 08:47,2026.08.19 01:47,4337.88,4338.11,0.23,317
2026.08.19 08:48,2026.08.19 01:48,4336.88,4337.11,0.23,244
2026.08.19 08:49,2026.08.19 01:49,4337.17,4337.40,0.23,267
2026.08.19 08:50,2026.08.19 01:50,4336.54,4336.78,0.24,223
2026.08.19 08:51,2026.08.19 01:51,4336.02,4336.25,0.23,262
2026.08.19 08:52,2026.08.19 01:52,4337.00,4337.22,0.22,279
2026.08.19 08:53,2026.08.19 01:53,4335.33,4335.55,0.22,295
2026.08.19 08:54,2026.08.19 01:54,4336.42,4336.64,0.22,256
2026.08.19 08:55,2026.08.19 01:55,4336.56,4336.79,0.23,219
2026.08.19 08:56,2026.08.19 01:56,4338.63,4338.86,0.23,300
2026.08.19 08:57,2026.08.19 01:57,4337.13,4337.37,0.24,246
2026.08.19 08:58,2026.08.19 01:58,4335.68,4335.90,0.22,249
2026.08.19 08:59,2026.08.19 01:59,4340.11,4340.34,0.23,182
2026.08.19 09:00,2026.08.19 02:00,4336.92,4337.15,0.23,361
2026.08.19 09:01,2026.08.19 02:01,4339.05,4339.28,0.23,300
2026.08.19 09:02,2026.08.19 02:02,4336.56,4336.79,0.23,247
2026.08.19 09:03,2026.08.19 02:03,4337.10,4337.33,0.23,364
2026.08.19 09:04,2026.08.19 02:04,4338.87,4339.10,0.23,320
2026.08.19 09:05,2026.08.19 02:05,4337.81,4338.04,0.23,340
2026.08.19 09:06,2026.08.19 02:06,4336.35,4336.58,0.23,285
2026.08.19 09:07,2026.08.19 02:07,4338.82,4339.04,0.22,314
2026.08.19 09:08,2026.08.19 02:08,4339.19,4339.42,0.23,357
2026.08.19 09:09,2026.08.19 02:09,4341.23,4341.46,0.23,312
2026.08.19 09:10,2026.08.19 02:10,4339.62,4339.85,0.23,329
2026.08.19 09:11,2026.08.19 02:11,4339.54,4339.78,0.24,324
2026.08.19 09:12,2026.08.19 02:12,4337.46,4337.69,0.23,238
2026.08.19 09:13,2026.08.19 02:13,4337.68,4337.92,0.24,281
2026.08.19 09:14,2026.08.19 02:14,4340.68,4340.90,0.22,276
2026.08.19 09:15,2026.08.19 02:15,4342.00,4342.24,0.24,318
2026.08.19 09:16,2026.08.19 02:16,4343.34,4343.56,0.22,248
2026.08.19 09:17,2026.08.19 02:17,4345.29,4345.51,0.22,326
2026.08.19 09:18,2026.08.19 02:18,4345.12,4345.35,0.23,265
2026.08.19 09:19,2026.08.19 02:19,4347.11,4347.34,0.23,313
2026.08.19 09:20,2026.08.19 02:20,4347.19,4347.41,0.22,322
2026.08.19 09:21,2026.08.19 02:21,4346.34,4346.58,0.24,250
2026.08.19 09:22,2026.08.19 02:22,4346.56,4346.80,0.24,277
2026.08.19 09:23,2026.08.19 02:23,4345.83,4346.07,0.24,262
2026.08.19 09:24,2026.08.19 02:24,4346.02,4346.25,0.23,256
2026.08.19 09:25,2026.08.19 02:25,4343.70,4343.94,0.24,277
2026.08.19 09:26,2026.08.19 02:26,4341.65,4341.89,0.24,273
2026.08.19 09:27,2026.08.19 02:27,4341.06,4341.30,0.24,286
2026.08.19 09:28,2026.08.19 02:28,4342.84,4343.05,0.21,285
2026.08.19 09:29,2026.08.19 02:29,4340.69,4340.92,0.23,259
2026.08.19 09:30,2026.08.19 02:30,4338.63,4338.85,0.22,372
2026.08.19 09:31,2026.08.19 02:31,4337.90,4338.12,0.22,334
2026.08.19 09:32,2026.08.19 02:32,4339.24,4339.47,0.23,310
2026.08.19 09:33,2026.08.19 02:33,4339.05,4339.27,0.22,322
2026.08.19 09:34,2026.08.19 02:34,4339.64,4339.87,0.23,314
2026.08.19 09:35,2026.08.19 02:35,4342.18,4342.42,0.24,242
2026.08.19 09:36,2026.08.19 02:36,4344.77,4345.01,0.24,273
2026.08.19 09:37,2026.08.19 02:37,4343.41,4343.63,0.22,284
2026.08.19 09:38,2026.08.19 02:38,4344.09,4344.32,0.23,253
2026.08.19 09:39,2026.08.19 02:39,4343.31,4343.55,0.24,203
2026.08.19 09:40,2026.08.19 02:40,4343.11,4343.34,0.23,323
2026.08.19 09:41,2026.08.19 02:41,4342.29,4342.52,0.23,283
2026.08.19 09:42,2026.08.19 02:42,4342.92,4343.16,0.24,258
2026.08.19 09:43,2026.08.19 02:43,4341.90,4342.12,0.22,227
2026.08.19 09:44,2026.08.19 02:44,4341.14,4341.37,0.23,272
2026.08.19 09:45,2026.08.19 02:45,4342.65,4342.87,0.22,258
2026.08.19 09:46,2026.08.19 02:46,4343.15,4343.38,0.23,249
2026.08.19 09:47,2026.08.19 02:47,4343.07,4343.31,0.24,301
2026.08.19 09:48,2026.08.19 02:48,4343.86,4344.09,0.23,268
2026.08.19 09:49,2026.08.19 02:49,4345.02,4345.26,0.24,306
2026.08.19 09:50,2026.08.19 02:50,4345.95,4346.19,0.24,352
2026.08.19 09:51,2026.08.19 02:51,4346.09,4346.31,0.22,294
2026.08.19 09:52,2026.08.19 02:52,4346.69,4346.92,0.23,257
2026.08.19 09:53,2026.08.19 02:53,4347.55,4347.78,0.23,271
2026.08.19 09:54,2026.08.19 02:54,4348.48,4348.72,0.24,209
2026.08.19 09:55,2026.08.19 02:55,4348.08,4348.32,0.24,288
2026.08.19 09:56,2026.08.19 02:56,4347.99,4348.22,0.23,282
2026.08.19 09:57,2026.08.19 02:57,4348.14,4348.37,0.23,281
2026.08.19 09:58,2026.08.19 02:58,4348.92,4349.14,0.22,343
2026.08.19 09:59,2026.08.19 02:59,4349.87,4350.09,0.22,308
2026.08.19 10:00,2026.08.19 03:00,4349.09,4349.31,0.22,514
2026.08.19 10:01,2026.08.19 03:01,4350.69,4350.91,0.22,283
2026.08.19 10:02,2026.08.19 03:02,4350.63,4350.86,0.23,242
2026.08.19 10:03,2026.08.19 03:03,4348.00,4348.23,0.23,212
2026.08.19 10:04,2026.08.19 03:04,4348.95,4349.18,0.23,292
2026.08.19 10:05,2026.08.19 03:05,4348.44,4348.67,0.23,282
2026.08.19 10:06,2026.08.19 03:06,4350.19,4350.41,0.22,235
2026.08.19 10:07,2026.08.19 03:07,4351.45,4351.69,0.24,232
2026.08.19 10:08,2026.08.19 03:08,4353.01,4353.23,0.22,235
2026.08.19 10:09,2026.08.19 03:09,4352.46,4352.68,0.22,228
2026.08.19 10:10,2026.08.19 03:10,4351.67,4351.90,0.23,217
2026.08.19 10:11,2026.08.19 03:11,4351.50,4351.73,0.23,215
2026.08.19 10:12,2026.08.19 03:12,4349.83,4350.06,0.23,154
2026.08.19 10:13,2026.08.19 03:13,4350.46,4350.69,0.23,240
2026.08.19 10:14,2026.08.19 03:14,4347.83,4348.05,0.22,221
2026.08.19 10:15,2026.08.19 03:15,4348.54,4348.78,0.24,261
2026.08.19 10:16,2026.08.19 03:16,4349.04,4349.28,0.24,235
2026.08.19 10:17,2026.08.19 03:17,4349.97,4350.19,0.22,202
2026.08.19 10:18,2026.08.19 03:18,4350.98,4351.20,0.22,229
2026.08.19 10:19,2026.08.19 03:19,4349.99,4350.23,0.24,231
2026.08.19 10:20,2026.08.19 03:20,4351.23,4351.46,0.23,252
2026.08.19 10:21,2026.08.19 03:21,4352.37,4352.60,0.23,254
2026.08.19 10:22,2026.08.19 03:22,4354.32,4354.55,0.23,189
2026.08.19 10:23,2026.08.19 03:23,4354.38,4354.61,0.23,246
2026.08.19 10:24,2026.08.19 03:24,4354.02,4354.24,0.22,232
2026.08.19 10:25,2026.08.19 03:25,4356.03,4356.25,0.22,217
2026.08.19 10:26,2026.08.19 03:26,4356.16,4356.40,0.24,296
2026.08.19 10:27,2026.08.19 03:27,4355.60,4355.84,0.24,295
2026.08.19 10:28,2026.08.19 03:28,4356.00,4356.21,0.21,312
2026.08.19 10:29,2026.08.19 03:29,4357.34,4357.57,0.23,254
2026.08.19 10:30,2026.08.19 03:30,4357.84,4358.07,0.23,248
2026.08.19 10:31,2026.08.19 03:31,4358.52,4358.74,0.22,260
2026.08.19 10:32,2026.08.19 03:32,4359.90,4360.13,0.23,252
2026.08.19 10:33,2026.08.19 03:33,4359.40,4359.63,0.23,253
2026.08.19 10:34,2026.08.19 03:34,4360.67,4360.89,0.22,230
2026.08.19 10:35,2026.08.19 03:35,4361.40,4361.64,0.24,268
2026.08.19 10:36,2026.08.19 03:36,4359.60,4359.82,0.22,274
2026.08.19 10:37,2026.08.19 03:37,4358.02,4358.24,0.22,219
2026.08.19 10:38,2026.08.19 03:38,4357.81,4358.04,0.23,273
2026.08.19 10:39,2026.08.19 03:39,4357.03,4357.25,0.22,207
2026.08.19 10:40,2026.08.19 03:40,4356.80,4357.04,0.24,245
2026.08.19 10:41,2026.08.19 03:41,4355.88,4356.10,0.22,223
2026.08.19 10:42,2026.08.19 03:42,4353.40,4353.63,0.23,214
2026.08.19 10:43,2026.08.19 03:43,4354.18,4354.42,0.24,256
2026.08.19 10:44,2026.08.19 03:44,4354.76,4354.99,0.23,247
2026.08.19 10:45,2026.08.19 03:45,4355.14,4355.37,0.23,247
2026.08.19 10:46,2026.08.19 03:46,4354.85,4355.08,0.23,238
2026.08.19 10:47,2026.08.19 03:47,4356.75,4356.99,0.24,223
2026.08.19 10:48,2026.08.19 03:48,4355.70,4355.94,0.24,259
2026.08.19 10:49,2026.08.19 03:49,4355.82,4356.04,0.22,210
2026.08.19 10:50,2026.08.19 03:50,4356.42,4356.65,0.23,198
2026.08.19 10:51,2026.08.19 03:51,4356.11,4356.34,0.23,158
2026.08.19 10:52,2026.08.19 03:52,4355.96,4356.19,0.23,263
2026.08.19 10:53,2026.08.19 03:53,4355.58,4355.82,0.24,230
2026.08.19 10:54,2026.08.19 03:54,4355.29,4355.52,0.23,202
2026.08.19 10:55,2026.08.19 03:55,4354.99,4355.22,0.23,197
2026.08.19 10:56,2026.08.19 03:56,4355.71,4355.93,0.22,255
2026.08.19 10:57,2026.08.19 03:57,4355.37,4355.59,0.22,280
2026.08.19 10:58,2026.08.19 03:58,4354.78,4355.02,0.24,216
2026.08.19 10:59,2026.08.19 03:59,4356.26,4356.49,0.23,217
2026.08.19 11:00,2026.08.19 04:00,4353.05,4353.28,0.23,382
2026.08.19 11:01,2026.08.19 04:01,4353.38,4353.61,0.23,331
2026.08.19 11:02,2026.08.19 04:02,4354.41,4354.63,0.22,309
2026.08.19 11:03,2026.08.19 04:03,4357.66,4357.88,0.22,302
2026.08.19 11:04,2026.08.19 04:04,4356.74,4356.97,0.23,309
2026.08.19 11:05,2026.08.19 04:05,4358.52,4358.74,0.22,313
2026.08.19 11:06,2026.08.19 04:06,4358.15,4358.38,0.23,318
2026.08.19 11:07,2026.08.19 04:07,4358.33,4358.56,0.23,313
2026.08.19 11:08,2026.08.19 04:08,4360.38,4360.62,0.24,258
2026.08.19 11:09,2026.08.19 04:09,4362.79,4363.00,0.21,230
2026.08.19 11:10,2026.08.19 04:10,4361.35,4361.57,0.22,319
2026.08.19 11:11,2026.08.19 04:11,4361.27,4361.49,0.22,238
2026.08.19 11:12,2026.08.19 04:12,4361.15,4361.38,0.23,225
2026.08.19 11:13,2026.08.19 04:13,4361.38,4361.62,0.24,200
2026.08.19 11:14,2026.08.19 04:14,4360.84,4361.07,0.23,285
2026.08.19 11:15,2026.08.19 04:15,4360.73,4360.95,0.22,205
2026.08.19 11:16,2026.08.19 04:16,4361.02,4361.26,0.24,261
2026.08.19 11:17,2026.08.19 04:17,4361.25,4361.47,0.22,245
2026.08.19 11:18,2026.08.19 04:18,4359.79,4360.01,0.22,246
2026.08.19 11:19,2026.08.19 04:19,4358.66,4358.89,0.23,217
2026.08.19 11:20,2026.08.19 04:20,4358.12,4358.36,0.24,237
2026.08.19 11:21,2026.08.19 04:21,4358.02,4358.26,0.24,234
2026.08.19 11:22,2026.08.19 04:22,4357.89,4358.11,0.22,292
2026.08.19 11:23,2026.08.19 04:23,4359.82,4360.05,0.23,225
2026.08.19 11:24,2026.08.19 04:24,4359.65,4359.89,0.24,262
2026.08.19 11:25,2026.08.19 04:25,4359.18,4359.41,0.23,288
2026.08.19 11:26,2026.08.19 04:26,4358.79,4359.03,0.24,267
2026.08.19 11:27,2026.08.19 04:27,4358.65,4358.88,0.23,261
2026.08.19 11:28,2026.08.19 04:28,4360.28,4360.50,0.22,227
2026.08.19 11:29,2026.08.19 04:29,4359.72,4359.95,0.23,273
2026.08.19 11:30,2026.08.19 04:30,4360.46,4360.70,0.24,230
2026.08.19 11:31,2026.08.19 04:31,4357.62,4357.85,0.23,295
2026.08.19 11:32,2026.08.19 04:32,4357.00,4357.24,0.24,323
2026.08.19 11:33,2026.08.19 04:33,4357.12,4357.34,0.22,319
2026.08.19 11:34,2026.08.19 04:34,4356.71,4356.94,0.23,308
2026.08.19 11:35,2026.08.19 04:35,4359.67,4359.89,0.22,260
2026.08.19 11:36,2026.08.19 04:36,4360.62,4360.85,0.23,280
2026.08.19 11:37,2026.08.19 04:37,4360.16,4360.38,0.22,262
2026.08.19 11:38,2026.08.19 04:38,4359.76,4359.99,0.23,270
2026.08.19 11:39,2026.08.19 04:39,4360.57,4360.79,0.22,242
2026.08.19 11:40,2026.08.19 04:40,4361.39,4361.62,0.23,209
2026.08.19 11:41,2026.08.19 04:41,4361.18,4361.41,0.23,210
2026.08.19 11:42,2026.08.19 04:42,4362.27,4362.50,0.23,277
2026.08.19 11:43,2026.08.19 04:43,4362.46,4362.69,0.23,243
2026.08.19 11:44,2026.08.19 04:44,4362.01,4362.23,0.22,185
2026.08.19 11:45,2026.08.19 04:45,4362.30,4362.52,0.22,212
2026.08.19 11:46,2026.08.19 04:46,4361.42,4361.64,0.22,196
2026.08.19 11:47,2026.08.19 04:47,4361.93,4362.16,0.23,177
2026.08.19 11:48,2026.08.19 04:48,4361.47,4361.70,0.23,189
2026.08.19 11:49,2026.08.19 04:49,4360.89,4361.13,0.24,154
2026.08.19 11:50,2026.08.19 04:50,4360.32,4360.54,0.22,230
2026.08.19 11:51,2026.08.19 04:51,4359.06,4359.29,0.23,236
2026.08.19 11:52,2026.08.19 04:52,4359.22,4359.44,0.22,276
2026.08.19 11:53,2026.08.19 04:53,4358.18,4358.40,0.22,174
2026.08.19 11:54,2026.08.19 04:54,4357.20,4357.43,0.23,242
2026.08.19 11:55,2026.08.19 04:55,4356.38,4356.62,0.24,291
2026.08.19 11:56,2026.08.19 04:56,4354.82,4355.05,0.23,321
2026.08.19 11:57,2026.08.19 04:57,4356.31,4356.55,0.24,258
2026.08.19 11:58,2026.08.19 04:58,4355.75,4355.97,0.22,208
2026.08.19 11:59,2026.08.19 04:59,4355.60,4355.82,0.22,200
2026.08.19 12:00,2026.08.19 05:00,4355.10,4355.32,0.22,328
2026.08.19 12:01,2026.08.19 05:01,4355.81,4356.04,0.23,272
2026.08.19 12:02,2026.08.19 05:02,4358.08,4358.31,0.23,240
2026.08.19 12:03,2026.08.19 05:03,4359.02,4359.24,0.22,271
2026.08.19 12:04,2026.08.19 05:04,4357.59,4357.81,0.22,184
2026.08.19 12:05,2026.08.19 05:05,4355.45,4355.67,0.22,277
2026.08.19 12:06,2026.08.19 05:06,4356.85,4357.09,0.24,302
2026.08.19 12:07,2026.08.19 05:07,4356.20,4356.44,0.24,212
2026.08.19 12:08,2026.08.19 05:08,4355.92,4356.14,0.22,155
2026.08.19 12:09,2026.08.19 05:09,4357.58,4357.81,0.23,222
2026.08.19 12:10,2026.08.19 05:10,4356.25,4356.48,0.23,232
2026.08.19 12:11,2026.08.19 05:11,4355.72,4355.95,0.23,251
2026.08.19 12:12,2026.08.19 05:12,4355.93,4356.15,0.22,196
2026.08.19 12:13,2026.08.19 05:13,4356.06,4356.29,0.23,178
2026.08.19 12:14,2026.08.19 05:14,4355.80,4356.03,0.23,216
2026.08.19 12:15,2026.08.19 05:15,4354.95,4355.19,0.24,253
2026.08.19 12:16,2026.08.19 05:16,4354.55,4354.78,0.23,304
2026.08.19 12:17,2026.08.19 05:17,4353.95,4354.18,0.23,226
2026.08.19 12:18,2026.08.19 05:18,4354.78,4355.01,0.23,265
2026.08.19 12:19,2026.08.19 05:19,4355.11,4355.33,0.22,289
2026.08.19 12:20,2026.08.19 05:20,4355.28,4355.50,0.22,225
2026.08.19 12:21,2026.08.19 05:21,4355.82,4356.05,0.23,267
2026.08.19 12:22,2026.08.19 05:22,4355.30,4355.54,0.24,242
2026.08.19 12:23,2026.08.19 05:23,4356.00,4356.22,0.22,263
2026.08.19 12:24,2026.08.19 05:24,4357.34,4357.57,0.23,311
2026.08.19 12:25,2026.08.19 05:25,4355.59,4355.82,0.23,169
2026.08.19 12:26,2026.08.19 05:26,4354.31,4354.54,0.23,172
2026.08.19 12:27,2026.08.19 05:27,4355.53,4355.75,0.22,229
2026.08.19 12:28,2026.08.19 05:28,4356.16,4356.40,0.24,310
2026.08.19 12:29,2026.08.19 05:29,4356.48,4356.71,0.23,215
2026.08.19 12:30,2026.08.19 05:30,4356.91,4357.13,0.22,259
2026.08.19 12:31,2026.08.19 05:31,4356.61,4356.85,0.24,213
2026.08.19 12:32,2026.08.19 05:32,4356.04,4356.26,0.22,185
2026.08.19 12:33,2026.08.19 05:33,4356.43,4356.67,0.24,222
2026.08.19 12:34,2026.08.19 05:34,4356.95,4357.17,0.22,204
2026.08.19 12:35,2026.08.19 05:35,4356.63,4356.86,0.23,169
2026.08.19 12:36,2026.08.19 05:36,4356.89,4357.12,0.23,217
2026.08.19 12:37,2026.08.19 05:37,4356.97,4357.21,0.24,162
2026.08.19 12:38,2026.08.19 05:38,4356.83,4357.06,0.23,152
2026.08.19 12:39,2026.08.19 05:39,4356.90,4357.14,0.24,171
2026.08.19 12:40,2026.08.19 05:40,4359.99,4360.22,0.23,203
2026.08.19 12:41,2026.08.19 05:41,4359.14,4359.38,0.24,311
2026.08.19 12:42,2026.08.19 05:42,4358.70,4358.92,0.22,246
2026.08.19 12:43,2026.08.19 05:43,4359.05,4359.28,0.23,186
2026.08.19 12:44,2026.08.19 05:44,4358.37,4358.60,0.23,173
2026.08.19 12:45,2026.08.19 05:45,4359.67,4359.90,0.23,157
2026.08.19 12:46,2026.08.19 05:46,4359.27,4359.50,0.23,207
2026.08.19 12:47,2026.08.19 05:47,4359.68,4359.91,0.23,221
2026.08.19 12:48,2026.08.19 05:48,4360.96,4361.19,0.23,129
2026.08.19 12:49,2026.08.19 05:49,4359.73,4359.97,0.24,192
2026.08.19 12:50,2026.08.19 05:50,4358.65,4358.89,0.24,277
2026.08.19 12:51,2026.08.19 05:51,4358.59,4358.81,0.22,250
2026.08.19 12:52,2026.08.19 05:52,4359.07,4359.31,0.24,192
2026.08.19 12:53,2026.08.19 05:53,4359.52,4359.74,0.22,218
2026.08.19 12:54,2026.08.19 05:54,4361.34,4361.56,0.22,256
2026.08.19 12:55,2026.08.19 05:55,4359.98,4360.20,0.22,251
2026.08.19 12:56,2026.08.19 05:56,4360.00,4360.23,0.23,254
2026.08.19 12:57,2026.08.19 05:57,4360.85,4361.08,0.23,242
2026.08.19 12:58,2026.08.19 05:58,4361.85,4362.08,0.23,175
2026.08.19 12:59,2026.08.19 05:59,4362.43,4362.66,0.23,199
2026.08.19 13:00,2026.08.19 06:00,4361.13,4361.36,0.23,321
2026.08.19 13:01,2026.08.19 06:01,4360.60,4360.84,0.24,278
2026.08.19 13:02,2026.08.19 06:02,4360.63,4360.87,0.24,273
2026.08.19 13:03,2026.08.19 06:03,4360.03,4360.25,0.22,268
2026.08.19 13:04,2026.08.19 06:04,4360.46,4360.68,0.22,282
2026.08.19 13:05,2026.08.19 06:05,4360.78,4361.02,0.24,319
2026.08.19 13:06,2026.08.19 06:06,4362.20,4362.43,0.23,250
2026.08.19 13:07,2026.08.19 06:07,4362.14,4362.37,0.23,238
2026.08.19 13:08,2026.08.19 06:08,4361.33,4361.57,0.24,226
2026.08.19 13:09,2026.08.19 06:09,4361.73,4361.96,0.23,213
2026.08.19 13:10,2026.08.19 06:10,4361.83,4362.06,0.23,236
2026.08.19 13:11,2026.08.19 06:11,4362.25,4362.48,0.23,170
2026.08.19 13:12,2026.08.19 06:12,4364.04,4364.26,0.22,189
2026.08.19 13:13,2026.08.19 06:13,4364.12,4364.33,0.21,216
2026.08.19 13:14,2026.08.19 06:14,4363.96,4364.20,0.24,243
2026.08.19 13:15,2026.08.19 06:15,4365.47,4365.69,0.22,180
2026.08.19 13:16,2026.08.19 06:16,4367.81,4368.04,0.23,235
2026.08.19 13:17,2026.08.19 06:17,4367.32,4367.55,0.23,251
2026.08.19 13:18,2026.08.19 06:18,4367.97,4368.19,0.22,285
2026.08.19 13:19,2026.08.19 06:19,4367.23,4367.45,0.22,259
2026.08.19 13:20,2026.08.19 06:20,4368.05,4368.27,0.22,276
2026.08.19 13:21,2026.08.19 06:21,4368.25,4368.48,0.23,247
2026.08.19 13:22,2026.08.19 06:22,4368.20,4368.42,0.22,171
2026.08.19 13:23,2026.08.19 06:23,4368.28,4368.51,0.23,225
2026.08.19 13:24,2026.08.19 06:24,4367.30,4367.53,0.23,216
2026.08.19 13:25,2026.08.19 06:25,4367.59,4367.83,0.24,245
2026.08.19 13:26,2026.08.19 06:26,4367.37,4367.61,0.24,243
2026.08.19 13:27,2026.08.19 06:27,4368.44,4368.68,0.24,190
2026.08.19 13:28,2026.08.19 06:28,4368.67,4368.90,0.23,160
2026.08.19 13:29,2026.08.19 06:29,4368.73,4368.97,0.24,194
2026.08.19 13:30,2026.08.19 06:30,4367.45,4367.67,0.22,226
2026.08.19 13:31,2026.08.19 06:31,4366.92,4367.15,0.23,180
2026.08.19 13:32,2026.08.19 06:32,4366.96,4367.18,0.22,211
2026.08.19 13:33,2026.08.19 06:33,4367.11,4367.35,0.24,197
2026.08.19 13:34,2026.08.19 06:34,4367.37,4367.61,0.24,224
2026.08.19 13:35,2026.08.19 06:35,4367.17,4367.40,0.23,180
2026.08.19 13:36,2026.08.19 06:36,4367.13,4367.36,0.23,182
2026.08.19 13:37,2026.08.19 06:37,4367.11,4367.34,0.23,170
2026.08.19 13:38,2026.08.19 06:38,4366.70,4366.94,0.24,162
2026.08.19 13:39,2026.08.19 06:39,4366.52,4366.74,0.22,183
2026.08.19 13:40,2026.08.19 06:40,4368.07,4368.31,0.24,182
2026.08.19 13:41,2026.08.19 06:41,4367.70,4367.94,0.24,197
2026.08.19 13:42,2026.08.19 06:42,4367.80,4368.04,0.24,151
2026.08.19 13:43,2026.08.19 06:43,4367.76,4367.99,0.23,145
2026.08.19 13:44,2026.08.19 06:44,4367.86,4368.10,0.24,198
2026.08.19 13:45,2026.08.19 06:45,4368.00,4368.23,0.23,172
2026.08.19 13:46,2026.08.19 06:46,4368.39,4368.61,0.22,160
2026.08.19 13:47,2026.08.19 06:47,4369.12,4369.35,0.23,151
2026.08.19 13:48,2026.08.19 06:48,4368.67,4368.90,0.23,170
2026.08.19 13:49,2026.08.19 06:49,4368.00,4368.24,0.24,194
2026.08.19 13:50,2026.08.19 06:50,4367.61,4367.85,0.24,203
2026.08.19 13:51,2026.08.19 06:51,4367.36,4367.60,0.24,215
2026.08.19 13:52,2026.08.19 06:52,4367.21,4367.45,0.24,214
2026.08.19 13:53,2026.08.19 06:53,4367.25,4367.49,0.24,174
2026.08.19 13:54,2026.08.19 06:54,4367.12,4367.35,0.23,125
2026.08.19 13:55,2026.08.19 06:55,4367.03,4367.26,0.23,172
2026.08.19 13:56,2026.08.19 06:56,4366.52,4366.75,0.23,172
2026.08.19 13:57,2026.08.19 06:57,4366.60,4366.83,0.23,160
2026.08.19 13:58,2026.08.19 06:58,4367.31,4367.54,0.23,184
2026.08.19 13:59,2026.08.19 06:59,4368.70,4368.94,0.24,151
2026.08.19 14:00,2026.08.19 07:00,4369.73,4369.97,0.24,270
2026.08.19 14:01,2026.08.19 07:01,4370.45,4370.69,0.24,293
2026.08.19 14:02,2026.08.19 07:02,4370.24,4370.46,0.22,212
2026.08.19 14:03,2026.08.19 07:03,4370.29,4370.53,0.24,264
2026.08.19 14:04,2026.08.19 07:04,4372.69,4372.92,0.23,203
2026.08.19 14:05,2026.08.19 07:05,4373.07,4373.29,0.22,275
2026.08.19 14:06,2026.08.19 07:06,4372.20,4372.43,0.23,286
2026.08.19 14:07,2026.08.19 07:07,4372.53,4372.77,0.24,247
2026.08.19 14:08,2026.08.19 07:08,4370.84,4371.07,0.23,238
2026.08.19 14:09,2026.08.19 07:09,4372.47,4372.70,0.23,281
2026.08.19 14:10,2026.08.19 07:10,4372.29,4372.52,0.23,266
2026.08.19 14:11,2026.08.19 07:11,4373.77,4374.00,0.23,217
2026.08.19 14:12,2026.08.19 07:12,4373.56,4373.79,0.23,251
2026.08.19 14:13,2026.08.19 07:13,4373.30,4373.53,0.23,273
2026.08.19 14:14,2026.08.19 07:14,4372.72,4372.95,0.23,199
2026.08.19 14:15,2026.08.19 07:15,4371.42,4371.66,0.24,224
2026.08.19 14:16,2026.08.19 07:16,4370.11,4370.34,0.23,260
2026.08.19 14:17,2026.08.19 07:17,4370.29,4370.51,0.22,252
2026.08.19 14:18,2026.08.19 07:18,4370.39,4370.61,0.22,280
2026.08.19 14:19,2026.08.19 07:19,4369.71,4369.95,0.24,209
2026.08.19 14:20,2026.08.19 07:20,4369.00,4369.24,0.24,184
2026.08.19 14:21,2026.08.19 07:21,4371.12,4371.35,0.23,249
2026.08.19 14:22,2026.08.19 07:22,4370.35,4370.59,0.24,304
2026.08.19 14:23,2026.08.19 07:23,4370.65,4370.87,0.22,246
2026.08.19 14:24,2026.08.19 07:24,4372.09,4372.33,0.24,239
2026.08.19 14:25,2026.08.19 07:25,4371.68,4371.91,0.23,314
2026.08.19 14:26,2026.08.19 07:26,4372.80,4373.03,0.23,248
2026.08.19 14:27,2026.08.19 07:27,4371.35,4371.58,0.23,221
2026.08.19 14:28,2026.08.19 07:28,4370.95,4371.18,0.23,257
2026.08.19 14:29,2026.08.19 07:29,4370.34,4370.58,0.24,181
2026.08.19 14:30,2026.08.19 07:30,4369.73,4369.97,0.24,271
2026.08.19 14:31,2026.08.19 07:31,4369.38,4369.62,0.24,254
2026.08.19 14:32,2026.08.19 07:32,4369.84,4370.07,0.23,229
2026.08.19 14:33,2026.08.19 07:33,4369.09,4369.32,0.23,227
2026.08.19 14:34,2026.08.19 07:34,4369.66,4369.89,0.23,230
2026.08.19 14:35,2026.08.19 07:35,4368.59,4368.81,0.22,247
2026.08.19 14:36,2026.08.19 07:36,4368.70,4368.93,0.23,236
2026.08.19 14:37,2026.08.19 07:37,4368.69,4368.93,0.24,235
2026.08.19 14:38,2026.08.19 07:38,4367.36,4367.59,0.23,263
2026.08.19 14:39,2026.08.19 07:39,4366.45,4366.69,0.24,257
2026.08.19 14:40,2026.08.19 07:40,4364.29,4364.53,0.24,229
2026.08.19 14:41,2026.08.19 07:41,4363.39,4363.62,0.23,228
2026.08.19 14:42,2026.08.19 07:42,4363.59,4363.82,0.23,221
2026.08.19 14:43,2026.08.19 07:43,4363.93,4364.16,0.23,208
2026.08.19 14:44,2026.08.19 07:44,4364.62,4364.85,0.23,204
2026.08.19 14:45,2026.08.19 07:45,4365.24,4365.46,0.22,237
2026.08.19 14:46,2026.08.19 07:46,4366.16,4366.39,0.23,185
2026.08.19 14:47,2026.08.19 07:47,4366.04,4366.28,0.24,236
2026.08.19 14:48,2026.08.19 07:48,4367.38,4367.62,0.24,207
2026.08.19 14:49,2026.08.19 07:49,4365.84,4366.06,0.22,252
2026.08.19 14:50,2026.08.19 07:50,4363.76,4364.00,0.24,198
2026.08.19 14:51,2026.08.19 07:51,4364.00,4364.23,0.23,260
2026.08.19 14:52,2026.08.19 07:52,4365.23,4365.45,0.22,233
2026.08.19 14:53,2026.08.19 07:53,4365.86,4366.10,0.24,222
2026.08.19 14:54,2026.08.19 07:54,4365.39,4365.62,0.23,236
2026.08.19 14:55,2026.08.19 07:55,4365.71,4365.94,0.23,233
2026.08.19 14:56,2026.08.19 07:56,4365.63,4365.86,0.23,183
2026.08.19 14:57,2026.08.19 07:57,4365.24,4365.48,0.24,194
2026.08.19 14:58,2026.08.19 07:58,4364.47,4364.70,0.23,157
2026.08.19 14:59,2026.08.19 07:59,4364.50,4364.73,0.23,163
2026.08.19 15:00,2026.08.19 08:00,4364.26,4364.49,0.23,314
2026.08.19 15:01,2026.08.19 08:01,4363.00,4363.23,0.23,294
2026.08.19 15:02,2026.08.19 08:02,4362.90,4363.13,0.23,314
2026.08.19 15:03,2026.08.19 08:03,4363.94,4364.16,0.22,290
2026.08.19 15:04,2026.08.19 08:04,4364.72,4364.95,0.23,292
2026.08.19 15:05,2026.08.19 08:05,4365.12,4365.34,0.22,317
2026.08.19 15:06,2026.08.19 08:06,4366.63,4366.87,0.24,351
2026.08.19 15:07,2026.08.19 08:07,4367.14,4367.37,0.23,302
2026.08.19 15:08,2026.08.19 08:08,4367.35,4367.59,0.24,257
2026.08.19 15:09,2026.08.19 08:09,4367.38,4367.61,0.23,300
2026.08.19 15:10,2026.08.19 08:10,4369.01,4369.23,0.22,292
2026.08.19 15:11,2026.08.19 08:11,4367.84,4368.07,0.23,271
2026.08.19 15:12,2026.08.19 08:12,4368.76,4368.98,0.22,341
2026.08.19 15:13,2026.08.19 08:13,4368.42,4368.65,0.23,267
2026.08.19 15:14,2026.08.19 08:14,4368.73,4368.96,0.23,280
2026.08.19 15:15,2026.08.19 08:15,4369.40,4369.63,0.23,322
2026.08.19 15:16,2026.08.19 08:16,4367.53,4367.75,0.22,255
2026.08.19 15:17,2026.08.19 08:17,4366.37,4366.60,0.23,226
2026.08.19 15:18,2026.08.19 08:18,4367.89,4368.12,0.23,216
2026.08.19 15:19,2026.08.19 08:19,4371.28,4371.50,0.22,284
2026.08.19 15:20,2026.08.19 08:20,4371.59,4371.83,0.24,424
2026.08.19 15:21,2026.08.19 08:21,4372.24,4372.46,0.22,317
2026.08.19 15:22,2026.08.19 08:22,4370.13,4370.35,0.22,291
2026.08.19 15:23,2026.08.19 08:23,4370.05,4370.28,0.23,344
2026.08.19 15:24,2026.08.19 08:24,4370.13,4370.37,0.24,312
2026.08.19 15:25,2026.08.19 08:25,4369.02,4369.25,0.23,294
2026.08.19 15:26,2026.08.19 08:26,4368.81,4369.03,0.22,302
2026.08.19 15:27,2026.08.19 08:27,4370.76,4370.98,0.22,256
2026.08.19 15:28,2026.08.19 08:28,4368.91,4369.14,0.23,215
2026.08.19 15:29,2026.08.19 08:29,4368.52,4368.76,0.24,304
2026.08.19 15:30,2026.08.19 08:30,4370.54,4370.77,0.23,295
2026.08.19 15:31,2026.08.19 08:31,4371.90,4372.12,0.22,285
2026.08.19 15:32,2026.08.19 08:32,4378.02,4378.25,0.23,385
2026.08.19 15:33,2026.08.19 08:33,4384.45,4384.69,0.24,607
2026.08.19 15:34,2026.08.19 08:34,4388.11,4388.34,0.23,651
2026.08.19 15:35,2026.08.19 08:35,4394.98,4395.22,0.24,574
2026.08.19 15:36,2026.08.19 08:36,4407.04,4407.26,0.22,683
2026.08.19 15:37,2026.08.19 08:37,4414.32,4414.55,0.23,779
2026.08.19 15:38,2026.08.19 08:38,4413.96,4414.20,0.24,700
2026.08.19 15:39,2026.08.19 08:39,4416.73,4416.95,0.22,695
2026.08.19 15:40,2026.08.19 08:40,4410.91,4411.13,0.22,709
2026.08.19 15:41,2026.08.19 08:41,4413.57,4413.80,0.23,663
2026.08.19 15:42,2026.08.19 08:42,4410.33,4410.56,0.23,592
2026.08.19 15:43,2026.08.19 08:43,4416.50,4416.73,0.23,624
2026.08.19 15:44,2026.08.19 08:44,4418.48,4418.71,0.23,636
2026.08.19 15:45,2026.08.19 08:45,4414.23,4414.46,0.23,611
2026.08.19 15:46,2026.08.19 08:46,4412.10,4412.33,0.23,555
2026.08.19 15:47,2026.08.19 08:47,4418.34,4418.57,0.23,498
2026.08.19 15:48,2026.08.19 08:48,4417.42,4417.66,0.24,527
2026.08.19 15:49,2026.08.19 08:49,4412.08,4412.31,0.23,461
2026.08.19 15:50,2026.08.19 08:50,4421.00,4421.23,0.23,521
2026.08.19 15:51,2026.08.19 08:51,4419.50,4419.73,0.23,597
2026.08.19 15:52,2026.08.19 08:52,4424.77,4425.00,0.23,566
2026.08.19 15:53,2026.08.19 08:53,4426.37,4426.61,0.24,557
2026.08.19 15:54,2026.08.19 08:54,4430.68,4430.91,0.23,517
2026.08.19 15:55,2026.08.19 08:55,4439.01,4439.25,0.24,565
2026.08.19 15:56,2026.08.19 08:56,4438.60,4438.83,0.23,626
2026.08.19 15:57,2026.08.19 08:57,4435.88,4436.12,0.24,672
2026.08.19 15:58,2026.08.19 08:58,4438.36,4438.58,0.22,544
2026.08.19 15:59,2026.08.19 08:59,4437.23,4437.47,0.24,630
2026.08.19 16:00,2026.08.19 09:00,4438.57,4438.80,0.23,702
2026.08.19 16:01,2026.08.19 09:01,4431.99,4432.22,0.23,699
2026.08.19 16:02,2026.08.19 09:02,4432.60,4432.84,0.24,605
2026.08.19 16:03,2026.08.19 09:03,4427.52,4427.74,0.22,600
2026.08.19 16:04,2026.08.19 09:04,4429.46,4429.68,0.22,551
2026.08.19 16:05,2026.08.19 09:05,4426.98,4427.21,0.23,583
2026.08.19 16:06,2026.08.19 09:06,4431.19,4431.41,0.22,554
2026.08.19 16:07,2026.08.19 09:07,4436.56,4436.79,0.23,594
2026.08.19 16:08,2026.08.19 09:08,4440.31,4440.55,0.24,606
2026.08.19 16:09,2026.08.19 09:09,4443.36,4443.59,0.23,601
2026.08.19 16:10,2026.08.19 09:10,4442.59,4442.81,0.22,591
2026.08.19 16:11,2026.08.19 09:11,4455.85,4456.08,0.23,538
2026.08.19 16:12,2026.08.19 09:12,4458.85,4459.08,0.23,673
2026.08.19 16:13,2026.08.19 09:13,4456.47,4456.69,0.22,621
2026.08.19 16:14,2026.08.19 09:14,4459.37,4459.60,0.23,613
2026.08.19 16:15,2026.08.19 09:15,4459.11,4459.33,0.22,569
2026.08.19 16:16,2026.08.19 09:16,4463.76,4463.98,0.22,566
2026.08.19 16:17,2026.08.19 09:17,4458.13,4458.36,0.23,571
2026.08.19 16:18,2026.08.19 09:18,4460.11,4460.35,0.24,434
2026.08.19 16:19,2026.08.19 09:19,4458.89,4459.12,0.23,464
2026.08.19 16:20,2026.08.19 09:20,4458.49,4458.72,0.23,502
2026.08.19 16:21,2026.08.19 09:21,4456.46,4456.68,0.22,466
2026.08.19 16:22,2026.08.19 09:22,4459.31,4459.54,0.23,460
2026.08.19 16:23,2026.08.19 09:23,4459.06,4459.28,0.22,514
2026.08.19 16:24,2026.08.19 09:24,4459.42,4459.64,0.22,505
2026.08.19 16:25,2026.08.19 09:25,4460.42,4460.65,0.23,487
2026.08.19 16:26,2026.08.19 09:26,4456.42,4456.65,0.23,456
2026.08.19 16:27,2026.08.19 09:27,4459.38,4459.62,0.24,416
2026.08.19 16:28,2026.08.19 09:28,4457.74,4457.97,0.23,466
2026.08.19 16:29,2026.08.19 09:29,4457.25,4457.48,0.23,469
2026.08.19 16:30,2026.08.19 09:30,4462.51,4462.74,0.23,661
2026.08.19 16:31,2026.08.19 09:31,4464.45,4464.68,0.23,701
2026.08.19 16:32,2026.08.19 09:32,4464.63,4464.86,0.23,632
2026.08.19 16:33,2026.08.19 09:33,4462.48,4462.71,0.23,616
2026.08.19 16:34,2026.08.19 09:34,4452.09,4452.31,0.22,551
2026.08.19 16:35,2026.08.19 09:35,4444.94,4445.18,0.24,675
2026.08.19 16:36,2026.08.19 09:36,4452.68,4452.92,0.24,657
2026.08.19 16:37,2026.08.19 09:37,4454.73,4454.96,0.23,624
2026.08.19 16:38,2026.08.19 09:38,4456.76,4456.99,0.23,687
2026.08.19 16:39,2026.08.19 09:39,4455.64,4455.88,0.24,610
2026.08.19 16:40,2026.08.19 09:40,4454.24,4454.47,0.23,640
2026.08.19 16:41,2026.08.19 09:41,4456.21,4456.44,0.23,602
2026.08.19 16:42,2026.08.19 09:42,4463.52,4463.75,0.23,607
2026.08.19 16:43,2026.08.19 09:43,4461.69,4461.92,0.23,645
2026.08.19 16:44,2026.08.19 09:44,4459.20,4459.44,0.24,571
2026.08.19 16:45,2026.08.19 09:45,4460.32,4460.53,0.21,533
2026.08.19 16:46,2026.08.19 09:46,4455.75,4455.99,0.24,574
2026.08.19 16:47,2026.08.19 09:47,4454.13,4454.35,0.22,602
2026.08.19 16:48,2026.08.19 09:48,4450.27,4450.50,0.23,592
2026.08.19 16:49,2026.08.19 09:49,4447.14,4447.37,0.23,586
2026.08.19 16:50,2026.08.19 09:50,4445.68,4445.91,0.23,634
2026.08.19 16:51,2026.08.19 09:51,4452.87,4453.09,0.22,566
2026.08.19 16:52,2026.08.19 09:52,4452.89,4453.13,0.24,617
2026.08.19 16:53,2026.08.19 09:53,4452.35,4452.58,0.23,574
2026.08.19 16:54,2026.08.19 09:54,4454.28,4454.51,0.23,466
2026.08.19 16:55,2026.08.19 09:55,4456.33,4456.56,0.23,556
2026.08.19 16:56,2026.08.19 09:56,4458.18,4458.40,0.22,553
2026.08.19 16:57,2026.08.19 09:57,4462.71,4462.94,0.23,588
2026.08.19 16:58,2026.08.19 09:58,4460.16,4460.39,0.23,541
2026.08.19 16:59,2026.08.19 09:59,4456.22,4456.45,0.23,522
2026.08.19 17:00,2026.08.19 10:00,4457.09,4457.32,0.23,563
2026.08.19 17:01,2026.08.19 10:01,4457.03,4457.27,0.24,538
2026.08.19 17:02,2026.08.19 10:02,4461.00,4461.23,0.23,554
2026.08.19 17:03,2026.08.19 10:03,4460.51,4460.74,0.23,530
2026.08.19 17:04,2026.08.19 10:04,4462.32,4462.55,0.23,572
2026.08.19 17:05,2026.08.19 10:05,4464.01,4464.25,0.24,574
2026.08.19 17:06,2026.08.19 10:06,4470.03,4470.27,0.24,559
2026.08.19 17:07,2026.08.19 10:07,4468.31,4468.53,0.22,691
2026.08.19 17:08,2026.08.19 10:08,4471.65,4471.88,0.23,596
2026.08.19 17:09,2026.08.19 10:09,4472.73,4472.96,0.23,506
2026.08.19 17:10,2026.08.19 10:10,4470.09,4470.32,0.23,610
2026.08.19 17:11,2026.08.19 10:11,4473.90,4474.13,0.23,546
2026.08.19 17:12,2026.08.19 10:12,4474.95,4475.18,0.23,501
2026.08.19 17:13,2026.08.19 10:13,4473.07,4473.30,0.23,519
2026.08.19 17:14,2026.08.19 10:14,4473.60,4473.84,0.24,520
2026.08.19 17:15,2026.08.19 10:15,4478.10,4478.33,0.23,592
2026.08.19 17:16,2026.08.19 10:16,4472.53,4472.76,0.23,566
2026.08.19 17:17,2026.08.19 10:17,4473.27,4473.51,0.24,546
2026.08.19 17:18,2026.08.19 10:18,4471.90,4472.13,0.23,549
2026.08.19 17:19,2026.08.19 10:19,4472.92,4473.13,0.21,520
2026.08.19 17:20,2026.08.19 10:20,4475.86,4476.08,0.22,592
2026.08.19 17:21,2026.08.19 10:21,4473.73,4473.95,0.22,519
2026.08.19 17:22,2026.08.19 10:22,4476.34,4476.57,0.23,596
2026.08.19 17:23,2026.08.19 10:23,4479.43,4479.66,0.23,570
2026.08.19 17:24,2026.08.19 10:24,4482.29,4482.52,0.23,585
2026.08.19 17:25,2026.08.19 10:25,4484.51,4484.73,0.22,590
2026.08.19 17:26,2026.08.19 10:26,4486.67,4486.89,0.22,495
2026.08.19 17:27,2026.08.19 10:27,4486.81,4487.04,0.23,523
2026.08.19 17:28,2026.08.19 10:28,4486.09,4486.36,0.27,479
2026.08.19 17:29,2026.08.19 10:29,4488.02,4488.25,0.23,507
2026.08.19 17:30,2026.08.19 10:30,4490.10,4490.33,0.23,544
2026.08.19 17:31,2026.08.19 10:31,4488.87,4489.10,0.23,651
2026.08.19 17:32,2026.08.19 10:32,4488.85,4489.07,0.22,491
2026.08.19 17:33,2026.08.19 10:33,4487.00,4487.22,0.22,482
2026.08.19 17:34,2026.08.19 10:34,4490.50,4490.74,0.24,500
2026.08.19 17:35,2026.08.19 10:35,4489.59,4489.81,0.22,476
2026.08.19 17:36,2026.08.19 10:36,4488.68,4488.91,0.23,459
2026.08.19 17:37,2026.08.19 10:37,4489.70,4489.92,0.22,477
2026.08.19 17:38,2026.08.19 10:38,4489.43,4489.67,0.24,488
2026.08.19 17:39,2026.08.19 10:39,4490.18,4490.41,0.23,453
2026.08.19 17:40,2026.08.19 10:40,4492.80,4493.04,0.24,584
2026.08.19 17:41,2026.08.19 10:41,4493.33,4493.55,0.22,481
2026.08.19 17:42,2026.08.19 10:42,4491.64,4491.87,0.23,444
2026.08.19 17:43,2026.08.19 10:43,4490.98,4491.21,0.23,551
2026.08.19 17:44,2026.08.19 10:44,4486.66,4486.88,0.22,512
2026.08.19 17:45,2026.08.19 10:45,4483.19,4483.43,0.24,500
2026.08.19 17:46,2026.08.19 10:46,4480.01,4480.24,0.23,477
2026.08.19 17:47,2026.08.19 10:47,4480.48,4480.70,0.22,465
2026.08.19 17:48,2026.08.19 10:48,4479.89,4480.12,0.23,547
2026.08.19 17:49,2026.08.19 10:49,4480.09,4480.32,0.23,442
2026.08.19 17:50,2026.08.19 10:50,4483.31,4483.55,0.24,473
2026.08.19 17:51,2026.08.19 10:51,4485.47,4485.69,0.22,466
2026.08.19 17:52,2026.08.19 10:52,4483.54,4483.78,0.24,438
2026.08.19 17:53,2026.08.19 10:53,4485.89,4486.11,0.22,487
2026.08.19 17:54,2026.08.19 10:54,4486.71,4486.94,0.23,425
2026.08.19 17:55,2026.08.19 10:55,4488.50,4488.72,0.22,403
2026.08.19 17:56,2026.08.19 10:56,4488.05,4488.28,0.23,392
2026.08.19 17:57,2026.08.19 10:57,4489.03,4489.26,0.23,456
2026.08.19 17:58,2026.08.19 10:58,4488.09,4488.32,0.23,367
2026.08.19 17:59,2026.08.19 10:59,4483.99,4484.23,0.24,399
2026.08.19 18:00,2026.08.19 11:00,4484.85,4485.08,0.23,519
2026.08.19 18:01,2026.08.19 11:01,4481.49,4481.72,0.23,440
2026.08.19 18:02,2026.08.19 11:02,4483.29,4483.53,0.24,443
2026.08.19 18:03,2026.08.19 11:03,4484.98,4485.21,0.23,412
2026.08.19 18:04,2026.08.19 11:04,4484.97,4485.19,0.22,431
2026.08.19 18:05,2026.08.19 11:05,4486.83,4487.06,0.23,424
2026.08.19 18:06,2026.08.19 11:06,4487.11,4487.35,0.24,376
2026.08.19 18:07,2026.08.19 11:07,4484.65,4484.89,0.24,408
2026.08.19 18:08,2026.08.19 11:08,4482.24,4482.48,0.24,365
2026.08.19 18:09,2026.08.19 11:09,4482.21,4482.44,0.23,411
2026.08.19 18:10,2026.08.19 11:10,4481.23,4481.47,0.24,492
2026.08.19 18:11,2026.08.19 11:11,4484.18,4484.40,0.22,476
2026.08.19 18:12,2026.08.19 11:12,4486.27,4486.51,0.24,464
2026.08.19 18:13,2026.08.19 11:13,4485.35,4485.58,0.23,392
2026.08.19 18:14,2026.08.19 11:14,4486.94,4487.17,0.23,413
2026.08.19 18:15,2026.08.19 11:15,4485.13,4485.37,0.24,429
2026.08.19 18:16,2026.08.19 11:16,4485.45,4485.68,0.23,431
2026.08.19 18:17,2026.08.19 11:17,4485.15,4485.37,0.22,394
2026.08.19 18:18,2026.08.19 11:18,4485.94,4486.17,0.23,444
2026.08.19 18:19,2026.08.19 11:19,4485.58,4485.81,0.23,430
2026.08.19 18:20,2026.08.19 11:20,4486.04,4486.27,0.23,477
2026.08.19 18:21,2026.08.19 11:21,4485.50,4485.73,0.23,476
2026.08.19 18:22,2026.08.19 11:22,4484.13,4484.37,0.24,439
2026.08.19 18:23,2026.08.19 11:23,4481.82,4482.06,0.24,443
2026.08.19 18:24,2026.08.19 11:24,4480.17,4480.41,0.24,467
2026.08.19 18:25,2026.08.19 11:25,4481.52,4481.76,0.24,544
2026.08.19 18:26,2026.08.19 11:26,4482.25,4482.48,0.23,529
2026.08.19 18:27,2026.08.19 11:27,4481.72,4481.96,0.24,551
2026.08.19 18:28,2026.08.19 11:28,4483.76,4483.98,0.22,470
2026.08.19 18:29,2026.08.19 11:29,4480.93,4481.16,0.23,484
2026.08.19 18:30,2026.08.19 11:30,4483.09,4483.32,0.23,498
2026.08.19 18:31,2026.08.19 11:31,4483.07,4483.30,0.23,472
2026.08.19 18:32,2026.08.19 11:32,4485.76,4485.99,0.23,514
2026.08.19 18:33,2026.08.19 11:33,4484.75,4484.99,0.24,459
2026.08.19 18:34,2026.08.19 11:34,4485.62,4485.84,0.22,508
2026.08.19 18:35,2026.08.19 11:35,4486.54,4486.77,0.23,418
2026.08.19 18:36,2026.08.19 11:36,4486.35,4486.57,0.22,402
2026.08.19 18:37,2026.08.19 11:37,4486.59,4486.81,0.22,449
2026.08.19 18:38,2026.08.19 11:38,4487.59,4487.83,0.24,462
2026.08.19 18:39,2026.08.19 11:39,4486.00,4486.23,0.23,376
2026.08.19 18:40,2026.08.19 11:40,4486.64,4486.87,0.23,450
2026.08.19 18:41,2026.08.19 11:41,4487.53,4487.76,0.23,447
2026.08.19 18:42,2026.08.19 11:42,4491.84,4492.06,0.22,409
2026.08.19 18:43,2026.08.19 11:43,4490.32,4490.55,0.23,419
2026.08.19 18:44,2026.08.19 11:44,4491.80,4492.02,0.22,464
2026.08.19 18:45,2026.08.19 11:45,4491.76,4491.98,0.22,419
2026.08.19 18:46,2026.08.19 11:46,4492.02,4492.25,0.23,421
2026.08.19 18:47,2026.08.19 11:47,4493.83,4494.05,0.22,429
2026.08.19 18:48,2026.08.19 11:48,4491.22,4491.44,0.22,423
2026.08.19 18:49,2026.08.19 11:49,4489.18,4489.41,0.23,374
2026.08.19 18:50,2026.08.19 11:50,4489.85,4490.07,0.22,432
2026.08.19 18:51,2026.08.19 11:51,4491.75,4491.98,0.23,364
2026.08.19 18:52,2026.08.19 11:52,4491.95,4492.17,0.22,341
2026.08.19 18:53,2026.08.19 11:53,4490.84,4491.06,0.22,390
2026.08.19 18:54,2026.08.19 11:54,4492.05,4492.28,0.23,325
2026.08.19 18:55,2026.08.19 11:55,4492.61,4492.84,0.23,426
2026.08.19 18:56,2026.08.19 11:56,4492.17,4492.40,0.23,358
2026.08.19 18:57,2026.08.19 11:57,4490.99,4491.23,0.24,450
2026.08.19 18:58,2026.08.19 11:58,4493.61,4493.84,0.23,423
2026.08.19 18:59,2026.08.19 11:59,4494.96,4495.19,0.23,343
2026.08.19 19:00,2026.08.19 12:00,4495.27,4495.49,0.22,498
2026.08.19 19:01,2026.08.19 12:01,4495.96,4496.19,0.23,412
2026.08.19 19:02,2026.08.19 12:02,4496.38,4496.62,0.24,411
2026.08.19 19:03,2026.08.19 12:03,4493.54,4493.78,0.24,411
2026.08.19 19:04,2026.08.19 12:04,4492.79,4493.01,0.22,354
2026.08.19 19:05,2026.08.19 12:05,4491.76,4491.98,0.22,314
2026.08.19 19:06,2026.08.19 12:06,4495.49,4495.72,0.23,439
2026.08.19 19:07,2026.08.19 12:07,4496.33,4496.56,0.23,366
2026.08.19 19:08,2026.08.19 12:08,4497.20,4497.43,0.23,290
2026.08.19 19:09,2026.08.19 12:09,4497.53,4497.75,0.22,334
2026.08.19 19:10,2026.08.19 12:10,4498.51,4498.75,0.24,355
2026.08.19 19:11,2026.08.19 12:11,4496.70,4496.93,0.23,352
2026.08.19 19:12,2026.08.19 12:12,4497.29,4497.52,0.23,333
2026.08.19 19:13,2026.08.19 12:13,4497.77,4498.01,0.24,308
2026.08.19 19:14,2026.08.19 12:14,4497.75,4497.97,0.22,358
2026.08.19 19:15,2026.08.19 12:15,4497.43,4497.66,0.23,278
2026.08.19 19:16,2026.08.19 12:16,4497.18,4497.41,0.23,326
2026.08.19 19:17,2026.08.19 12:17,4495.83,4496.06,0.23,323
2026.08.19 19:18,2026.08.19 12:18,4495.55,4495.77,0.22,381
2026.08.19 19:19,2026.08.19 12:19,4495.29,4495.52,0.23,357
2026.08.19 19:20,2026.08.19 12:20,4493.86,4494.08,0.22,363
2026.08.19 19:21,2026.08.19 12:21,4493.97,4494.20,0.23,292
2026.08.19 19:22,2026.08.19 12:22,4495.78,4496.01,0.23,290
2026.08.19 19:23,2026.08.19 12:23,4494.89,4495.12,0.23,309
2026.08.19 19:24,2026.08.19 12:24,4494.10,4494.33,0.23,295
2026.08.19 19:25,2026.08.19 12:25,4493.77,4494.01,0.24,287
2026.08.19 19:26,2026.08.19 12:26,4492.27,4492.50,0.23,371
2026.08.19 19:27,2026.08.19 12:27,4491.87,4492.11,0.24,302
2026.08.19 19:28,2026.08.19 12:28,4491.03,4491.26,0.23,310
2026.08.19 19:29,2026.08.19 12:29,4491.97,4492.21,0.24,320
2026.08.19 19:30,2026.08.19 12:30,4494.10,4494.33,0.23,314
2026.08.19 19:31,2026.08.19 12:31,4494.53,4494.76,0.23,321
2026.08.19 19:32,2026.08.19 12:32,4494.05,4494.29,0.24,338
2026.08.19 19:33,2026.08.19 12:33,4494.90,4495.14,0.24,308
2026.08.19 19:34,2026.08.19 12:34,4494.64,4494.88,0.24,313
2026.08.19 19:35,2026.08.19 12:35,4493.43,4493.67,0.24,318
2026.08.19 19:36,2026.08.19 12:36,4494.87,4495.09,0.22,344
2026.08.19 19:37,2026.08.19 12:37,4495.56,4495.79,0.23,334
2026.08.19 19:38,2026.08.19 12:38,4495.15,4495.38,0.23,338
2026.08.19 19:39,2026.08.19 12:39,4495.54,4495.77,0.23,304
2026.08.19 19:40,2026.08.19 12:40,4494.82,4495.05,0.23,278
2026.08.19 19:41,2026.08.19 12:41,4494.07,4494.30,0.23,311
2026.08.19 19:42,2026.08.19 12:42,4495.37,4495.60,0.23,337
2026.08.19 19:43,2026.08.19 12:43,4494.75,4494.97,0.22,321
2026.08.19 19:44,2026.08.19 12:44,4494.37,4494.59,0.22,262
2026.08.19 19:45,2026.08.19 12:45,4495.28,4495.52,0.24,337
2026.08.19 19:46,2026.08.19 12:46,4494.00,4494.22,0.22,297
2026.08.19 19:47,2026.08.19 12:47,4495.07,4495.31,0.24,220
2026.08.19 19:48,2026.08.19 12:48,4494.64,4494.87,0.23,313
2026.08.19 19:49,2026.08.19 12:49,4494.69,4494.91,0.22,306
2026.08.19 19:50,2026.08.19 12:50,4495.08,4495.31,0.23,312
2026.08.19 19:51,2026.08.19 12:51,4497.12,4497.35,0.23,271
2026.08.19 19:52,2026.08.19 12:52,4495.47,4495.70,0.23,310
2026.08.19 19:53,2026.08.19 12:53,4494.47,4494.70,0.23,311
2026.08.19 19:54,2026.08.19 12:54,4493.76,4493.98,0.22,281
2026.08.19 19:55,2026.08.19 12:55,4494.31,4494.53,0.22,300
2026.08.19 19:56,2026.08.19 12:56,4494.67,4494.89,0.22,306
2026.08.19 19:57,2026.08.19 12:57,4494.32,4494.55,0.23,318
2026.08.19 19:58,2026.08.19 12:58,4494.24,4494.48,0.24,314
2026.08.19 19:59,2026.08.19 12:59,4496.92,4497.15,0.23,274
2026.08.19 20:00,2026.08.19 13:00,4498.99,4499.22,0.23,417
2026.08.19 20:01,2026.08.19 13:01,4496.59,4496.83,0.24,405
2026.08.19 20:02,2026.08.19 13:02,4495.66,4495.89,0.23,446
2026.08.19 20:03,2026.08.19 13:03,4496.29,4496.52,0.23,392
2026.08.19 20:04,2026.08.19 13:04,4496.05,4496.27,0.22,431
2026.08.19 20:05,2026.08.19 13:05,4497.07,4497.30,0.23,323
2026.08.19 20:06,2026.08.19 13:06,4493.08,4493.30,0.22,396
2026.08.19 20:07,2026.08.19 13:07,4492.89,4493.13,0.24,413
2026.08.19 20:08,2026.08.19 13:08,4493.61,4493.84,0.23,381
2026.08.19 20:09,2026.08.19 13:09,4493.42,4493.66,0.24,315
2026.08.19 20:10,2026.08.19 13:10,4489.49,4489.73,0.24,409
2026.08.19 20:11,2026.08.19 13:11,4491.77,4491.99,0.22,441
2026.08.19 20:12,2026.08.19 13:12,4491.45,4491.68,0.23,346
2026.08.19 20:13,2026.08.19 13:13,4492.80,4493.03,0.23,338
2026.08.19 20:14,2026.08.19 13:14,4491.45,4491.68,0.23,331
2026.08.19 20:15,2026.08.19 13:15,4490.93,4491.16,0.23,311
2026.08.19 20:16,2026.08.19 13:16,4490.16,4490.40,0.24,341
2026.08.19 20:17,2026.08.19 13:17,4488.11,4488.35,0.24,357
2026.08.19 20:18,2026.08.19 13:18,4489.07,4489.30,0.23,428
2026.08.19 20:19,2026.08.19 13:19,4489.02,4489.26,0.24,309
2026.08.19 20:20,2026.08.19 13:20,4488.49,4488.71,0.22,341
2026.08.19 20:21,2026.08.19 13:21,4489.16,4489.39,0.23,333
2026.08.19 20:22,2026.08.19 13:22,4490.35,4490.59,0.24,275
2026.08.19 20:23,2026.08.19 13:23,4489.18,4489.41,0.23,309
2026.08.19 20:24,2026.08.19 13:24,4489.20,4489.43,0.23,339
2026.08.19 20:25,2026.08.19 13:25,4488.04,4488.26,0.22,279
2026.08.19 20:26,2026.08.19 13:26,4486.33,4486.56,0.23,271
2026.08.19 20:27,2026.08.19 13:27,4487.53,4487.76,0.23,288
2026.08.19 20:28,2026.08.19 13:28,4487.76,4488.00,0.24,252
2026.08.19 20:29,2026.08.19 13:29,4486.82,4487.05,0.23,449
2026.08.19 20:30,2026.08.19 13:30,4485.53,4485.77,0.24,377
2026.08.19 20:31,2026.08.19 13:31,4486.63,4486.86,0.23,434
2026.08.19 20:32,2026.08.19 13:32,4488.47,4488.69,0.22,311
2026.08.19 20:33,2026.08.19 13:33,4487.87,4488.10,0.23,394
2026.08.19 20:34,2026.08.19 13:34,4486.98,4487.20,0.22,353
2026.08.19 20:35,2026.08.19 13:35,4489.28,4489.50,0.22,360
2026.08.19 20:36,2026.08.19 13:36,4489.14,4489.38,0.24,445
2026.08.19 20:37,2026.08.19 13:37,4488.88,4489.12,0.24,411
2026.08.19 20:38,2026.08.19 13:38,4488.43,4488.65,0.22,260
2026.08.19 20:39,2026.08.19 13:39,4488.64,4488.87,0.23,257
2026.08.19 20:40,2026.08.19 13:40,4489.95,4490.18,0.23,323
2026.08.19 20:41,2026.08.19 13:41,4491.10,4491.34,0.24,334
2026.08.19 20:42,2026.08.19 13:42,4490.22,4490.46,0.24,347
2026.08.19 20:43,2026.08.19 13:43,4488.97,4489.20,0.23,303
2026.08.19 20:44,2026.08.19 13:44,4488.59,4488.81,0.22,287
2026.08.19 20:45,2026.08.19 13:45,4488.49,4488.72,0.23,331
2026.08.19 20:46,2026.08.19 13:46,4488.19,4488.43,0.24,236
2026.08.19 20:47,2026.08.19 13:47,4488.48,4488.71,0.23,268
2026.08.19 20:48,2026.08.19 13:48,4488.52,4488.75,0.23,207
2026.08.19 20:49,2026.08.19 13:49,4488.16,4488.40,0.24,257
2026.08.19 20:50,2026.08.19 13:50,4488.61,4488.84,0.23,265
2026.08.19 20:51,2026.08.19 13:51,4487.00,4487.23,0.23,279
2026.08.19 20:52,2026.08.19 13:52,4486.06,4486.28,0.22,327
2026.08.19 20:53,2026.08.19 13:53,4486.38,4486.61,0.23,298
2026.08.19 20:54,2026.08.19 13:54,4484.87,4485.09,0.22,238
2026.08.19 20:55,2026.08.19 13:55,4485.43,4485.65,0.22,298
2026.08.19 20:56,2026.08.19 13:56,4484.64,4484.88,0.24,222
2026.08.19 20:57,2026.08.19 13:57,4485.29,4485.52,0.23,252
2026.08.19 20:58,2026.08.19 13:58,4486.47,4486.70,0.23,173
2026.08.19 20:59,2026.08.19 13:59,4489.68,4489.92,0.24,227
2026.08.19 21:00,2026.08.19 14:00,4490.65,4490.87,0.22,366
2026.08.19 21:01,2026.08.19 14:01,4493.08,4493.31,0.23,359
2026.08.19 21:02,2026.08.19 14:02,4494.16,4494.39,0.23,431
2026.08.19 21:03,2026.08.19 14:03,4494.74,4494.96,0.22,411
2026.08.19 21:04,2026.08.19 14:04,4489.07,4489.31,0.24,384
2026.08.19 21:05,2026.08.19 14:05,4488.03,4488.26,0.23,488
2026.08.19 21:06,2026.08.19 14:06,4489.94,4490.17,0.23,469
2026.08.19 21:07,2026.08.19 14:07,4489.54,4489.77,0.23,492
2026.08.19 21:08,2026.08.19 14:08,4488.75,4488.98,0.23,392
2026.08.19 21:09,2026.08.19 14:09,4489.05,4489.29,0.24,343
2026.08.19 21:10,2026.08.19 14:10,4487.22,4487.44,0.22,351
2026.08.19 21:11,2026.08.19 14:11,4488.39,4488.61,0.22,354
2026.08.19 21:12,2026.08.19 14:12,4489.21,4489.43,0.22,344
2026.08.19 21:13,2026.08.19 14:13,4487.60,4487.83,0.23,338
2026.08.19 21:14,2026.08.19 14:14,4484.02,4484.25,0.23,273
2026.08.19 21:15,2026.08.19 14:15,4485.19,4485.42,0.23,334
2026.08.19 21:16,2026.08.19 14:16,4482.94,4483.16,0.22,326
2026.08.19 21:17,2026.08.19 14:17,4483.23,4483.45,0.22,314
2026.08.19 21:18,2026.08.19 14:18,4484.89,4485.11,0.22,329
2026.08.19 21:19,2026.08.19 14:19,4483.15,4483.38,0.23,285
2026.08.19 21:20,2026.08.19 14:20,4483.12,4483.35,0.23,341
2026.08.19 21:21,2026.08.19 14:21,4482.53,4482.77,0.24,364
2026.08.19 21:22,2026.08.19 14:22,4481.62,4481.85,0.23,361
2026.08.19 21:23,2026.08.19 14:23,4481.41,4481.64,0.23,339
2026.08.19 21:24,2026.08.19 14:24,4481.24,4481.47,0.23,346
2026.08.19 21:25,2026.08.19 14:25,4478.05,4478.27,0.22,385
2026.08.19 21:26,2026.08.19 14:26,4476.73,4476.95,0.22,388
2026.08.19 21:27,2026.08.19 14:27,4475.21,4475.45,0.24,437
2026.08.19 21:28,2026.08.19 14:28,4474.82,4475.05,0.23,483
2026.08.19 21:29,2026.08.19 14:29,4473.30,4473.53,0.23,441
2026.08.19 21:30,2026.08.19 14:30,4472.38,4472.60,0.22,469
2026.08.19 21:31,2026.08.19 14:31,4474.51,4474.75,0.24,378
2026.08.19 21:32,2026.08.19 14:32,4478.91,4479.14,0.23,377
2026.08.19 21:33,2026.08.19 14:33,4479.86,4480.10,0.24,460
2026.08.19 21:34,2026.08.19 14:34,4481.62,4481.86,0.24,412
2026.08.19 21:35,2026.08.19 14:35,4479.73,4479.96,0.23,393
2026.08.19 21:36,2026.08.19 14:36,4480.31,4480.53,0.22,300
2026.08.19 21:37,2026.08.19 14:37,4481.33,4481.56,0.23,324
2026.08.19 21:38,2026.08.19 14:38,4483.19,4483.42,0.23,452
2026.08.19 21:39,2026.08.19 14:39,4487.53,4487.77,0.24,382
2026.08.19 21:40,2026.08.19 14:40,4489.97,4490.21,0.24,438
2026.08.19 21:41,2026.08.19 14:41,4491.29,4491.52,0.23,403
2026.08.19 21:42,2026.08.19 14:42,4490.65,4490.89,0.24,321
2026.08.19 21:43,2026.08.19 14:43,4490.18,4490.41,0.23,321
2026.08.19 21:44,2026.08.19 14:44,4490.33,4490.56,0.23,348
2026.08.19 21:45,2026.08.19 14:45,4490.25,4490.47,0.22,305
2026.08.19 21:46,2026.08.19 14:46,4489.59,4489.81,0.22,351
2026.08.19 21:47,2026.08.19 14:47,4490.47,4490.70,0.23,320
2026.08.19 21:48,2026.08.19 14:48,4491.60,4491.83,0.23,242
2026.08.19 21:49,2026.08.19 14:49,4492.35,4492.58,0.23,310
2026.08.19 21:50,2026.08.19 14:50,4492.07,4492.30,0.23,283
2026.08.19 21:51,2026.08.19 14:51,4491.82,4492.06,0.24,280
2026.08.19 21:52,2026.08.19 14:52,4494.24,4494.46,0.22,273
2026.08.19 21:53,2026.08.19 14:53,4494.56,4494.79,0.23,291
2026.08.19 21:54,2026.08.19 14:54,4494.79,4495.02,0.23,358
2026.08.19 21:55,2026.08.19 14:55,4494.86,4495.08,0.22,273
2026.08.19 21:56,2026.08.19 14:56,4495.51,4495.73,0.22,307
2026.08.19 21:57,2026.08.19 14:57,4495.33,4495.55,0.22,280
2026.08.19 21:58,2026.08.19 14:58,4494.67,4494.89,0.22,287
2026.08.19 21:59,2026.08.19 14:59,4495.90,4496.13,0.23,278
2026.08.19 22:00,2026.08.19 15:00,4496.02,4496.26,0.24,336
2026.08.19 22:01,2026.08.19 15:01,4495.25,4495.49,0.24,416
2026.08.19 22:02,2026.08.19 15:02,4497.61,4497.85,0.24,355
2026.08.19 22:03,2026.08.19 15:03,4496.17,4496.41,0.24,304
2026.08.19 22:04,2026.08.19 15:04,4497.48,4497.71,0.23,278
2026.08.19 22:05,2026.08.19 15:05,4495.97,4496.20,0.23,301
2026.08.19 22:06,2026.08.19 15:06,4496.75,4496.98,0.23,264
2026.08.19 22:07,2026.08.19 15:07,4502.84,4503.06,0.22,297
2026.08.19 22:08,2026.08.19 15:08,4505.10,4505.33,0.23,425
2026.08.19 22:09,2026.08.19 15:09,4502.68,4502.92,0.24,484
2026.08.19 22:10,2026.08.19 15:10,4503.85,4504.09,0.24,394
2026.08.19 22:11,2026.08.19 15:11,4504.89,4505.11,0.22,330
2026.08.19 22:12,2026.08.19 15:12,4503.50,4503.73,0.23,280
2026.08.19 22:13,2026.08.19 15:13,4503.30,4503.53,0.23,335
2026.08.19 22:14,2026.08.19 15:14,4505.09,4505.32,0.23,299
2026.08.19 22:15,2026.08.19 15:15,4504.32,4504.55,0.23,345
2026.08.19 22:16,2026.08.19 15:16,4504.03,4504.27,0.24,277
2026.08.19 22:17,2026.08.19 15:17,4505.58,4505.81,0.23,315
2026.08.19 22:18,2026.08.19 15:18,4504.74,4504.97,0.23,256
2026.08.19 22:19,2026.08.19 15:19,4503.79,4504.02,0.23,250
2026.08.19 22:20,2026.08.19 15:20,4503.07,4503.29,0.22,264
2026.08.19 22:21,2026.08.19 15:21,4503.60,4503.83,0.23,305
2026.08.19 22:22,2026.08.19 15:22,4504.43,4504.67,0.24,335
2026.08.19 22:23,2026.08.19 15:23,4504.73,4504.96,0.23,250
2026.08.19 22:24,2026.08.19 15:24,4505.15,4505.37,0.22,297
2026.08.19 22:25,2026.08.19 15:25,4505.00,4505.23,0.23,272
2026.08.19 22:26,2026.08.19 15:26,4505.76,4505.99,0.23,325
2026.08.19 22:27,2026.08.19 15:27,4507.21,4507.45,0.24,317
2026.08.19 22:28,2026.08.19 15:28,4506.81,4507.04,0.23,443
2026.08.19 22:29,2026.08.19 15:29,4506.59,4506.83,0.24,346
2026.08.19 22:30,2026.08.19 15:30,4507.41,4507.64,0.23,342
2026.08.19 22:31,2026.08.19 15:31,4508.98,4509.20,0.22,344
2026.08.19 22:32,2026.08.19 15:32,4509.08,4509.32,0.24,286
2026.08.19 22:33,2026.08.19 15:33,4509.18,4509.41,0.23,301
2026.08.19 22:34,2026.08.19 15:34,4509.49,4509.72,0.23,435
2026.08.19 22:35,2026.08.19 15:35,4507.83,4508.05,0.22,365
2026.08.19 22:36,2026.08.19 15:36,4503.97,4504.20,0.23,332
2026.08.19 22:37,2026.08.19 15:37,4505.86,4506.08,0.22,446
2026.08.19 22:38,2026.08.19 15:38,4505.65,4505.89,0.24,352
2026.08.19 22:39,2026.08.19 15:39,4505.77,4506.01,0.24,329
2026.08.19 22:40,2026.08.19 15:40,4505.83,4506.08,0.25,306
2026.08.19 22:41,2026.08.19 15:41,4504.84,4505.09,0.25,293
2026.08.19 22:42,2026.08.19 15:42,4506.17,4506.43,0.26,308
2026.08.19 22:43,2026.08.19 15:43,4506.56,4506.81,0.25,277
2026.08.19 22:44,2026.08.19 15:44,4506.93,4507.18,0.25,212
2026.08.19 22:45,2026.08.19 15:45,4506.12,4506.37,0.25,330
2026.08.19 22:46,2026.08.19 15:46,4507.09,4507.33,0.24,333
2026.08.19 22:47,2026.08.19 15:47,4509.69,4509.93,0.24,257
2026.08.19 22:48,2026.08.19 15:48,4511.11,4511.35,0.24,346
2026.08.19 22:49,2026.08.19 15:49,4511.12,4511.37,0.25,301
2026.08.19 22:50,2026.08.19 15:50,4510.57,4510.82,0.25,360
2026.08.19 22:51,2026.08.19 15:51,4511.82,4512.07,0.25,337
2026.08.19 22:52,2026.08.19 15:52,4509.16,4509.42,0.26,242
2026.08.19 22:53,2026.08.19 15:53,4511.30,4511.54,0.24,326
2026.08.19 22:54,2026.08.19 15:54,4511.39,4511.64,0.25,350
2026.08.19 22:55,2026.08.19 15:55,4511.15,4511.38,0.23,371
2026.08.19 22:56,2026.08.19 15:56,4509.64,4509.88,0.24,257
2026.08.19 22:57,2026.08.19 15:57,4511.08,4511.33,0.25,353
2026.08.19 22:58,2026.08.19 15:58,4511.05,4511.30,0.25,472
2026.08.19 22:59,2026.08.19 15:59,4509.31,4509.56,0.25,376
2026.08.19 23:00,2026.08.19 16:00,4509.79,4510.03,0.24,274
2026.08.19 23:01,2026.08.19 16:01,4509.41,4509.67,0.26,190
2026.08.19 23:02,2026.08.19 16:02,4509.89,4510.13,0.24,138
2026.08.19 23:03,2026.08.19 16:03,4509.24,4509.50,0.26,107
2026.08.19 23:04,2026.08.19 16:04,4508.79,4509.02,0.23,104
2026.08.19 23:05,2026.08.19 16:05,4508.78,4509.02,0.24,152
2026.08.19 23:06,2026.08.19 16:06,4509.27,4509.52,0.25,137
2026.08.19 23:07,2026.08.19 16:07,4509.52,4509.77,0.25,113
2026.08.19 23:08,2026.08.19 16:08,4510.41,4510.67,0.26,92
2026.08.19 23:09,2026.08.19 16:09,4510.11,4510.35,0.24,104
2026.08.19 23:10,2026.08.19 16:10,4510.17,4510.41,0.24,139
2026.08.19 23:11,2026.08.19 16:11,4507.83,4508.08,0.25,136
2026.08.19 23:12,2026.08.19 16:12,4506.80,4507.04,0.24,161
2026.08.19 23:13,2026.08.19 16:13,4506.54,4506.78,0.24,128
2026.08.19 23:14,2026.08.19 16:14,4506.54,4506.79,0.25,180
2026.08.19 23:15,2026.08.19 16:15,4507.68,4507.92,0.24,114
2026.08.19 23:16,2026.08.19 16:16,4508.84,4509.09,0.25,139
2026.08.19 23:17,2026.08.19 16:17,4509.95,4510.19,0.24,152
2026.08.19 23:18,2026.08.19 16:18,4510.48,4510.72,0.24,127
2026.08.19 23:19,2026.08.19 16:19,4511.76,4512.01,0.25,166
2026.08.19 23:20,2026.08.19 16:20,4511.62,4511.87,0.25,169
2026.08.19 23:21,2026.08.19 16:21,4510.72,4510.97,0.25,124
2026.08.19 23:22,2026.08.19 16:22,4511.95,4512.19,0.24,94
2026.08.19 23:23,2026.08.19 16:23,4514.57,4514.82,0.25,132
2026.08.19 23:24,2026.08.19 16:24,4520.66,4520.90,0.24,156
2026.08.19 23:25,2026.08.19 16:25,4521.33,4521.59,0.26,321
2026.08.19 23:26,2026.08.19 16:26,4520.68,4520.93,0.25,277
2026.08.19 23:27,2026.08.19 16:27,4518.34,4518.60,0.26,220
2026.08.19 23:28,2026.08.19 16:28,4518.55,4518.80,0.25,197
2026.08.19 23:29,2026.08.19 16:29,4518.51,4518.75,0.24,219
2026.08.19 23:30,2026.08.19 16:30,4520.69,4520.94,0.25,204
2026.08.19 23:31,2026.08.19 16:31,4521.34,4521.58,0.24,158
2026.08.19 23:32,2026.08.19 16:32,4521.91,4522.15,0.24,204
2026.08.19 23:33,2026.08.19 16:33,4521.30,4521.54,0.24,178
2026.08.19 23:34,2026.08.19 16:34,4521.07,4521.32,0.25,214
2026.08.19 23:35,2026.08.19 16:35,4520.23,4520.49,0.26,183
2026.08.19 23:36,2026.08.19 16:36,4519.08,4519.33,0.25,154
2026.08.19 23:37,2026.08.19 16:37,4519.06,4519.31,0.25,137
2026.08.19 23:38,2026.08.19 16:38,4519.64,4519.88,0.24,86
2026.08.19 23:39,2026.08.19 16:39,4519.88,4520.13,0.25,138
2026.08.19 23:40,2026.08.19 16:40,4519.89,4520.14,0.25,85
2026.08.19 23:41,2026.08.19 16:41,4519.33,4519.59,0.26,112
2026.08.19 23:42,2026.08.19 16:42,4520.22,4520.47,0.25,140
2026.08.19 23:43,2026.08.19 16:43,4518.87,4519.12,0.25,162
2026.08.19 23:44,2026.08.19 16:44,4520.42,4520.66,0.24,205
2026.08.19 23:45,2026.08.19 16:45,4521.34,4521.58,0.24,128
2026.08.19 23:46,2026.08.19 16:46,4521.39,4521.64,0.25,187
2026.08.19 23:47,2026.08.19 16:47,4520.85,4521.10,0.25,180
2026.08.19 23:48,2026.08.19 16:48,4520.86,4521.11,0.25,161
2026.08.19 23:49,2026.08.19 16:49,4522.11,4522.36,0.25,188
2026.08.19 23:50,2026.08.19 16:50,4522.28,4522.54,0.26,311
2026.08.19 23:51,2026.08.19 16:51,4521.97,4522.22,0.25,215
2026.08.19 23:52,2026.08.19 16:52,4522.22,4522.46,0.24,206
2026.08.19 23:53,2026.08.19 16:53,4523.45,4523.71,0.26,130
2026.08.19 23:54,2026.08.19 16:54,4523.59,4523.83,0.24,177
2026.08.19 23:55,2026.08.19 16:55,4523.14,4523.38,0.24,167
2026.08.19 23:56,2026.08.19 16:56,4522.87,4523.12,0.25,152
2026.08.19 23:57,2026.08.19 16:57,4522.83,4523.08,0.25,251
2026.08.19 23:58,2026.08.19 16:58,4524.87,4525.37,0.50,118
2026.08.20 01:00,2026.08.19 18:00,4525.70,4525.95,0.25,234
2026.08.20 01:01,2026.08.19 18:01,4522.38,4522.64,0.26,171
2026.08.20 01:02,2026.08.19 18:02,4521.45,4521.69,0.24,132
2026.08.20 01:03,2026.08.19 18:03,4521.14,4521.48,0.34,150
2026.08.20 01:04,2026.08.19 18:04,4521.88,4522.13,0.25,93
2026.08.20 01:05,2026.08.19 18:05,4522.47,4522.73,0.26,300
2026.08.20 01:06,2026.08.19 18:06,4522.59,4522.84,0.25,189
2026.08.20 01:07,2026.08.19 18:07,4521.42,4521.66,0.24,150
2026.08.20 01:08,2026.08.19 18:08,4520.98,4521.22,0.24,136
2026.08.20 01:09,2026.08.19 18:09,4519.69,4519.94,0.25,102
2026.08.20 01:10,2026.08.19 18:10,4519.83,4520.08,0.25,148
2026.08.20 01:11,2026.08.19 18:11,4520.62,4520.86,0.24,142
2026.08.20 01:12,2026.08.19 18:12,4520.23,4520.47,0.24,195
2026.08.20 01:13,2026.08.19 18:13,4521.03,4521.29,0.26,122
2026.08.20 01:14,2026.08.19 18:14,4520.90,4521.15,0.25,190
2026.08.20 01:15,2026.08.19 18:15,4520.03,4520.28,0.25,182
2026.08.20 01:16,2026.08.19 18:16,4519.71,4519.95,0.24,115
2026.08.20 01:17,2026.08.19 18:17,4519.50,4519.75,0.25,142
2026.08.20 01:18,2026.08.19 18:18,4520.12,4520.38,0.26,143
2026.08.20 01:19,2026.08.19 18:19,4519.76,4520.00,0.24,139
2026.08.20 01:20,2026.08.19 18:20,4519.33,4519.58,0.25,171
2026.08.20 01:21,2026.08.19 18:21,4520.73,4520.98,0.25,115
2026.08.20 01:22,2026.08.19 18:22,4520.49,4520.73,0.24,136
2026.08.20 01:23,2026.08.19 18:23,4521.23,4521.47,0.24,137
2026.08.20 01:24,2026.08.19 18:24,4520.75,4521.00,0.25,121
2026.08.20 01:25,2026.08.19 18:25,4520.10,4520.35,0.25,159
2026.08.20 01:26,2026.08.19 18:26,4520.10,4520.35,0.25,110
2026.08.20 01:27,2026.08.19 18:27,4520.66,4520.90,0.24,133
2026.08.20 01:28,2026.08.19 18:28,4521.01,4521.26,0.25,77
2026.08.20 01:29,2026.08.19 18:29,4520.93,4521.17,0.24,103
2026.08.20 01:30,2026.08.19 18:30,4521.57,4521.80,0.23,125
2026.08.20 01:31,2026.08.19 18:31,4518.66,4518.90,0.24,150
2026.08.20 01:32,2026.08.19 18:32,4518.61,4518.83,0.22,178
2026.08.20 01:33,2026.08.19 18:33,4518.79,4519.03,0.24,225
2026.08.20 01:34,2026.08.19 18:34,4519.29,4519.51,0.22,152
2026.08.20 01:35,2026.08.19 18:35,4519.35,4519.58,0.23,158
2026.08.20 01:36,2026.08.19 18:36,4518.92,4519.15,0.23,160
2026.08.20 01:37,2026.08.19 18:37,4518.75,4518.99,0.24,178
2026.08.20 01:38,2026.08.19 18:38,4518.03,4518.25,0.22,134
2026.08.20 01:39,2026.08.19 18:39,4518.82,4519.04,0.22,151
2026.08.20 01:40,2026.08.19 18:40,4518.59,4518.81,0.22,146
2026.08.20 01:41,2026.08.19 18:41,4518.58,4518.81,0.23,116
2026.08.20 01:42,2026.08.19 18:42,4518.60,4518.82,0.22,135
2026.08.20 01:43,2026.08.19 18:43,4518.53,4518.75,0.22,118
2026.08.20 01:44,2026.08.19 18:44,4518.83,4519.06,0.23,128
2026.08.20 01:45,2026.08.19 18:45,4519.12,4519.35,0.23,150
2026.08.20 01:46,2026.08.19 18:46,4519.98,4520.21,0.23,160
2026.08.20 01:47,2026.08.19 18:47,4520.69,4520.92,0.23,136
2026.08.20 01:48,2026.08.19 18:48,4519.74,4519.97,0.23,93
2026.08.20 01:49,2026.08.19 18:49,4520.81,4521.03,0.22,160
2026.08.20 01:50,2026.08.19 18:50,4521.41,4521.65,0.24,88
2026.08.20 01:51,2026.08.19 18:51,4520.16,4520.39,0.23,93
2026.08.20 01:52,2026.08.19 18:52,4519.73,4519.97,0.24,112
2026.08.20 01:53,2026.08.19 18:53,4519.40,4519.63,0.23,101
2026.08.20 01:54,2026.08.19 18:54,4519.89,4520.12,0.23,113
2026.08.20 01:55,2026.08.19 18:55,4518.96,4519.18,0.22,102
2026.08.20 01:56,2026.08.19 18:56,4519.32,4519.55,0.23,201
2026.08.20 01:57,2026.08.19 18:57,4519.59,4519.82,0.23,66
2026.08.20 01:58,2026.08.19 18:58,4518.73,4518.95,0.22,69
2026.08.20 01:59,2026.08.19 18:59,4520.82,4521.05,0.23,280
2026.08.20 02:00,2026.08.19 19:00,4523.06,4523.30,0.24,252
2026.08.20 02:01,2026.08.19 19:01,4519.20,4519.43,0.23,275
2026.08.20 02:02,2026.08.19 19:02,4520.69,4520.92,0.23,258
2026.08.20 02:03,2026.08.19 19:03,4520.74,4520.98,0.24,231
2026.08.20 02:04,2026.08.19 19:04,4522.79,4523.01,0.22,217
2026.08.20 02:05,2026.08.19 19:05,4523.42,4523.65,0.23,175
2026.08.20 02:06,2026.08.19 19:06,4522.83,4523.06,0.23,193
2026.08.20 02:07,2026.08.19 19:07,4521.78,4522.00,0.22,193
2026.08.20 02:08,2026.08.19 19:08,4521.97,4522.21,0.24,163
2026.08.20 02:09,2026.08.19 19:09,4520.03,4520.26,0.23,146
2026.08.20 02:10,2026.08.19 19:10,4519.94,4520.18,0.24,148
2026.08.20 02:11,2026.08.19 19:11,4520.45,4520.68,0.23,127
2026.08.20 02:12,2026.08.19 19:12,4520.32,4520.54,0.22,133
2026.08.20 02:13,2026.08.19 19:13,4520.14,4520.36,0.22,141
2026.08.20 02:14,2026.08.19 19:14,4518.62,4518.85,0.23,131
2026.08.20 02:15,2026.08.19 19:15,4518.61,4518.85,0.24,150
2026.08.20 02:16,2026.08.19 19:16,4519.43,4519.65,0.22,68
2026.08.20 02:17,2026.08.19 19:17,4519.54,4519.78,0.24,120
2026.08.20 02:18,2026.08.19 19:18,4519.82,4520.05,0.23,101
2026.08.20 02:19,2026.08.19 19:19,4519.23,4519.46,0.23,121
2026.08.20 02:20,2026.08.19 19:20,4518.92,4519.14,0.22,129
2026.08.20 02:21,2026.08.19 19:21,4518.53,4518.76,0.23,178
2026.08.20 02:22,2026.08.19 19:22,4516.47,4516.69,0.22,108
2026.08.20 02:23,2026.08.19 19:23,4518.80,4519.04,0.24,221
2026.08.20 02:24,2026.08.19 19:24,4517.86,4518.09,0.23,177
2026.08.20 02:25,2026.08.19 19:25,4516.93,4517.16,0.23,126
2026.08.20 02:26,2026.08.19 19:26,4517.58,4517.81,0.23,114
2026.08.20 02:27,2026.08.19 19:27,4517.90,4518.14,0.24,137
2026.08.20 02:28,2026.08.19 19:28,4517.73,4517.96,0.23,112
2026.08.20 02:29,2026.08.19 19:29,4517.29,4517.52,0.23,113
2026.08.20 02:30,2026.08.19 19:30,4517.43,4517.66,0.23,134
2026.08.20 02:31,2026.08.19 19:31,4516.97,4517.20,0.23,144
2026.08.20 02:32,2026.08.19 19:32,4517.07,4517.30,0.23,143
2026.08.20 02:33,2026.08.19 19:33,4516.31,4516.53,0.22,118
2026.08.20 02:34,2026.08.19 19:34,4514.37,4514.61,0.24,156
2026.08.20 02:35,2026.08.19 19:35,4515.87,4516.11,0.24,158
2026.08.20 02:36,2026.08.19 19:36,4514.08,4514.30,0.22,180
2026.08.20 02:37,2026.08.19 19:37,4514.20,4514.44,0.24,160
2026.08.20 02:38,2026.08.19 19:38,4513.99,4514.21,0.22,122
2026.08.20 02:39,2026.08.19 19:39,4514.23,4514.46,0.23,146
2026.08.20 02:40,2026.08.19 19:40,4514.07,4514.30,0.23,83
2026.08.20 02:41,2026.08.19 19:41,4514.16,4514.39,0.23,135
2026.08.20 02:42,2026.08.19 19:42,4514.89,4515.11,0.22,143
2026.08.20 02:43,2026.08.19 19:43,4514.48,4514.71,0.23,150
2026.08.20 02:44,2026.08.19 19:44,4516.00,4516.23,0.23,139
2026.08.20 02:45,2026.08.19 19:45,4514.72,4514.95,0.23,252
2026.08.20 02:46,2026.08.19 19:46,4515.46,4515.68,0.22,201
2026.08.20 02:47,2026.08.19 19:47,4515.33,4515.56,0.23,102
2026.08.20 02:48,2026.08.19 19:48,4514.82,4515.05,0.23,107
2026.08.20 02:49,2026.08.19 19:49,4514.72,4514.96,0.24,139
2026.08.20 02:50,2026.08.19 19:50,4514.59,4514.82,0.23,125
2026.08.20 02:51,2026.08.19 19:51,4514.27,4514.50,0.23,82
2026.08.20 02:52,2026.08.19 19:52,4512.67,4512.90,0.23,154
2026.08.20 02:53,2026.08.19 19:53,4512.99,4513.21,0.22,194
2026.08.20 02:54,2026.08.19 19:54,4512.75,4512.98,0.23,244
2026.08.20 02:55,2026.08.19 19:55,4511.98,4512.20,0.22,236
2026.08.20 02:56,2026.08.19 19:56,4511.70,4511.93,0.23,304
2026.08.20 02:57,2026.08.19 19:57,4512.02,4512.24,0.22,175
2026.08.20 02:58,2026.08.19 19:58,4511.68,4511.91,0.23,241
2026.08.20 02:59,2026.08.19 19:59,4513.23,4513.47,0.24,235
2026.08.20 03:00,2026.08.19 20:00,4515.17,4515.41,0.24,479
2026.08.20 03:01,2026.08.19 20:01,4514.63,4514.87,0.24,418
2026.08.20 03:02,2026.08.19 20:02,4516.84,4517.08,0.24,370
2026.08.20 03:03,2026.08.19 20:03,4515.64,4515.88,0.24,450
2026.08.20 03:04,2026.08.19 20:04,4516.68,4516.90,0.22,380
2026.08.20 03:05,2026.08.19 20:05,4515.14,4515.37,0.23,428
2026.08.20 03:06,2026.08.19 20:06,4515.82,4516.04,0.22,376
2026.08.20 03:07,2026.08.19 20:07,4516.38,4516.61,0.23,346
2026.08.20 03:08,2026.08.19 20:08,4514.47,4514.69,0.22,343
2026.08.20 03:09,2026.08.19 20:09,4514.13,4514.35,0.22,379
2026.08.20 03:10,2026.08.19 20:10,4514.28,4514.51,0.23,379
2026.08.20 03:11,2026.08.19 20:11,4513.96,4514.18,0.22,331
2026.08.20 03:12,2026.08.19 20:12,4513.40,4513.63,0.23,301
2026.08.20 03:13,2026.08.19 20:13,4516.12,4516.35,0.23,270
2026.08.20 03:14,2026.08.19 20:14,4515.06,4515.28,0.22,364
2026.08.20 03:15,2026.08.19 20:15,4516.09,4516.32,0.23,312
2026.08.20 03:16,2026.08.19 20:16,4520.32,4520.55,0.23,343
2026.08.20 03:17,2026.08.19 20:17,4520.40,4520.64,0.24,410
2026.08.20 03:18,2026.08.19 20:18,4518.00,4518.23,0.23,358
2026.08.20 03:19,2026.08.19 20:19,4515.45,4515.69,0.24,327
2026.08.20 03:20,2026.08.19 20:20,4511.54,4511.76,0.22,391
2026.08.20 03:21,2026.08.19 20:21,4510.75,4510.98,0.23,395
2026.08.20 03:22,2026.08.19 20:22,4510.96,4511.19,0.23,333
2026.08.20 03:23,2026.08.19 20:23,4511.68,4511.91,0.23,326
2026.08.20 03:24,2026.08.19 20:24,4511.28,4511.50,0.22,339
2026.08.20 03:25,2026.08.19 20:25,4511.49,4511.73,0.24,266
2026.08.20 03:26,2026.08.19 20:26,4509.24,4509.47,0.23,258
2026.08.20 03:27,2026.08.19 20:27,4511.88,4512.11,0.23,347
2026.08.20 03:28,2026.08.19 20:28,4510.95,4511.17,0.22,282
2026.08.20 03:29,2026.08.19 20:29,4511.21,4511.44,0.23,255
2026.08.20 03:30,2026.08.19 20:30,4511.86,4512.09,0.23,383
2026.08.20 03:31,2026.08.19 20:31,4510.79,4511.02,0.23,259
2026.08.20 03:32,2026.08.19 20:32,4510.82,4511.06,0.24,272
2026.08.20 03:33,2026.08.19 20:33,4511.58,4511.81,0.23,224
2026.08.20 03:34,2026.08.19 20:34,4509.51,4509.74,0.23,216
2026.08.20 03:35,2026.08.19 20:35,4510.90,4511.14,0.24,260
2026.08.20 03:36,2026.08.19 20:36,4511.52,4511.74,0.22,201
2026.08.20 03:37,2026.08.19 20:37,4510.05,4510.28,0.23,158
2026.08.20 03:38,2026.08.19 20:38,4509.24,4509.46,0.22,219
2026.08.20 03:39,2026.08.19 20:39,4508.19,4508.43,0.24,210
2026.08.20 03:40,2026.08.19 20:40,4506.52,4506.75,0.23,149
2026.08.20 03:41,2026.08.19 20:41,4505.22,4505.46,0.24,286
2026.08.20 03:42,2026.08.19 20:42,4504.50,4504.73,0.23,339
2026.08.20 03:43,2026.08.19 20:43,4506.88,4507.11,0.23,247
2026.08.20 03:44,2026.08.19 20:44,4506.96,4507.19,0.23,260
2026.08.20 03:45,2026.08.19 20:45,4506.69,4506.92,0.23,346
2026.08.20 03:46,2026.08.19 20:46,4507.35,4507.58,0.23,295
2026.08.20 03:47,2026.08.19 20:47,4506.63,4506.86,0.23,299
2026.08.20 03:48,2026.08.19 20:48,4507.14,4507.38,0.24,272
2026.08.20 03:49,2026.08.19 20:49,4508.88,4509.10,0.22,255
2026.08.20 03:50,2026.08.19 20:50,4505.70,4505.93,0.23,329
2026.08.20 03:51,2026.08.19 20:51,4506.78,4507.01,0.23,323
2026.08.20 03:52,2026.08.19 20:52,4506.93,4507.15,0.22,325
2026.08.20 03:53,2026.08.19 20:53,4506.06,4506.28,0.22,316
2026.08.20 03:54,2026.08.19 20:54,4506.47,4506.69,0.22,380
2026.08.20 03:55,2026.08.19 20:55,4506.16,4506.39,0.23,241
2026.08.20 03:56,2026.08.19 20:56,4508.08,4508.32,0.24,270
2026.08.20 03:57,2026.08.19 20:57,4509.68,4509.91,0.23,267
2026.08.20 03:58,2026.08.19 20:58,4505.22,4505.46,0.24,399
2026.08.20 03:59,2026.08.19 20:59,4506.85,4507.08,0.23,469
2026.08.20 04:00,2026.08.19 21:00,4501.68,4501.91,0.23,744
2026.08.20 04:01,2026.08.19 21:01,4496.66,4496.89,0.23,658
2026.08.20 04:02,2026.08.19 21:02,4495.62,4495.86,0.24,600
2026.08.20 04:03,2026.08.19 21:03,4493.33,4493.55,0.22,548
2026.08.20 04:04,2026.08.19 21:04,4494.55,4494.77,0.22,541
2026.08.20 04:05,2026.08.19 21:05,4492.11,4492.34,0.23,547
2026.08.20 04:06,2026.08.19 21:06,4495.81,4496.05,0.24,479
2026.08.20 04:07,2026.08.19 21:07,4496.70,4496.93,0.23,428
2026.08.20 04:08,2026.08.19 21:08,4498.29,4498.51,0.22,548
2026.08.20 04:09,2026.08.19 21:09,4494.98,4495.22,0.24,424
2026.08.20 04:10,2026.08.19 21:10,4493.51,4493.75,0.24,475
2026.08.20 04:11,2026.08.19 21:11,4495.09,4495.32,0.23,440
2026.08.20 04:12,2026.08.19 21:12,4492.51,4492.74,0.23,396
2026.08.20 04:13,2026.08.19 21:13,4493.25,4493.47,0.22,408
2026.08.20 04:14,2026.08.19 21:14,4497.47,4497.71,0.24,365
2026.08.20 04:15,2026.08.19 21:15,4493.30,4493.52,0.22,521
2026.08.20 04:16,2026.08.19 21:16,4496.25,4496.48,0.23,479
2026.08.20 04:17,2026.08.19 21:17,4495.64,4495.87,0.23,417
2026.08.20 04:18,2026.08.19 21:18,4498.54,4498.77,0.23,394
2026.08.20 04:19,2026.08.19 21:19,4501.58,4501.81,0.23,410
2026.08.20 04:20,2026.08.19 21:20,4501.30,4501.53,0.23,455
2026.08.20 04:21,2026.08.19 21:21,4501.30,4501.53,0.23,465
2026.08.20 04:22,2026.08.19 21:22,4501.28,4501.50,0.22,378
2026.08.20 04:23,2026.08.19 21:23,4501.56,4501.79,0.23,407
2026.08.20 04:24,2026.08.19 21:24,4500.40,4500.63,0.23,340
2026.08.20 04:25,2026.08.19 21:25,4498.72,4498.95,0.23,337
2026.08.20 04:26,2026.08.19 21:26,4499.73,4499.96,0.23,374
2026.08.20 04:27,2026.08.19 21:27,4500.19,4500.42,0.23,315
2026.08.20 04:28,2026.08.19 21:28,4500.48,4500.72,0.24,388
2026.08.20 04:29,2026.08.19 21:29,4500.10,4500.33,0.23,289
2026.08.20 04:30,2026.08.19 21:30,4497.95,4498.18,0.23,525
2026.08.20 04:31,2026.08.19 21:31,4498.13,4498.35,0.22,466
2026.08.20 04:32,2026.08.19 21:32,4498.60,4498.83,0.23,395
2026.08.20 04:33,2026.08.19 21:33,4498.14,4498.37,0.23,530
2026.08.20 04:34,2026.08.19 21:34,4498.53,4498.76,0.23,505
2026.08.20 04:35,2026.08.19 21:35,4496.94,4497.17,0.23,423
2026.08.20 04:36,2026.08.19 21:36,4496.72,4496.96,0.24,447
2026.08.20 04:37,2026.08.19 21:37,4497.91,4498.15,0.24,417
2026.08.20 04:38,2026.08.19 21:38,4495.13,4495.35,0.22,400
2026.08.20 04:39,2026.08.19 21:39,4497.39,4497.63,0.24,545
2026.08.20 04:40,2026.08.19 21:40,4496.04,4496.26,0.22,462
2026.08.20 04:41,2026.08.19 21:41,4494.05,4494.27,0.22,592
2026.08.20 04:42,2026.08.19 21:42,4495.59,4495.81,0.22,362
2026.08.20 04:43,2026.08.19 21:43,4493.93,4494.17,0.24,284
2026.08.20 04:44,2026.08.19 21:44,4493.29,4493.52,0.23,359
2026.08.20 04:45,2026.08.19 21:45,4494.83,4495.06,0.23,322
2026.08.20 04:46,2026.08.19 21:46,4492.52,4492.74,0.22,337
2026.08.20 04:47,2026.08.19 21:47,4492.62,4492.84,0.22,312
2026.08.20 04:48,2026.08.19 21:48,4489.79,4490.03,0.24,296
2026.08.20 04:49,2026.08.19 21:49,4489.92,4490.15,0.23,335
2026.08.20 04:50,2026.08.19 21:50,4488.79,4489.02,0.23,281
2026.08.20 04:51,2026.08.19 21:51,4489.23,4489.46,0.23,307
2026.08.20 04:52,2026.08.19 21:52,4485.82,4486.04,0.22,258
2026.08.20 04:53,2026.08.19 21:53,4485.27,4485.50,0.23,322
2026.08.20 04:54,2026.08.19 21:54,4485.83,4486.06,0.23,343
2026.08.20 04:55,2026.08.19 21:55,4487.12,4487.35,0.23,324
2026.08.20 04:56,2026.08.19 21:56,4486.21,4486.44,0.23,376
2026.08.20 04:57,2026.08.19 21:57,4487.21,4487.44,0.23,372
2026.08.20 04:58,2026.08.19 21:58,4490.07,4490.30,0.23,390
2026.08.20 04:59,2026.08.19 21:59,4489.21,4489.43,0.22,482
2026.08.20 05:00,2026.08.19 22:00,4492.67,4492.90,0.23,486
2026.08.20 05:01,2026.08.19 22:01,4494.97,4495.19,0.22,479
2026.08.20 05:02,2026.08.19 22:02,4497.57,4497.79,0.22,471
2026.08.20 05:03,2026.08.19 22:03,4497.13,4497.36,0.23,474
2026.08.20 05:04,2026.08.19 22:04,4497.75,4497.99,0.24,486
2026.08.20 05:05,2026.08.19 22:05,4496.37,4496.60,0.23,390
2026.08.20 05:06,2026.08.19 22:06,4494.89,4495.12,0.23,386
2026.08.20 05:07,2026.08.19 22:07,4494.28,4494.52,0.24,471
2026.08.20 05:08,2026.08.19 22:08,4496.07,4496.29,0.22,377
2026.08.20 05:09,2026.08.19 22:09,4496.78,4497.02,0.24,473
2026.08.20 05:10,2026.08.19 22:10,4497.83,4498.05,0.22,308
2026.08.20 05:11,2026.08.19 22:11,4498.94,4499.17,0.23,394
2026.08.20 05:12,2026.08.19 22:12,4498.33,4498.56,0.23,324
2026.08.20 05:13,2026.08.19 22:13,4497.83,4498.06,0.23,408
2026.08.20 05:14,2026.08.19 22:14,4495.67,4495.90,0.23,299
2026.08.20 05:15,2026.08.19 22:15,4495.18,4495.41,0.23,401
2026.08.20 05:16,2026.08.19 22:16,4496.09,4496.33,0.24,242
2026.08.20 05:17,2026.08.19 22:17,4491.53,4491.76,0.23,242
2026.08.20 05:18,2026.08.19 22:18,4491.96,4492.19,0.23,335
2026.08.20 05:19,2026.08.19 22:19,4489.85,4490.08,0.23,238
2026.08.20 05:20,2026.08.19 22:20,4490.30,4490.54,0.24,397
2026.08.20 05:21,2026.08.19 22:21,4491.45,4491.69,0.24,235
2026.08.20 05:22,2026.08.19 22:22,4492.73,4492.97,0.24,222
2026.08.20 05:23,2026.08.19 22:23,4493.88,4494.11,0.23,217
2026.08.20 05:24,2026.08.19 22:24,4493.02,4493.25,0.23,183
2026.08.20 05:25,2026.08.19 22:25,4491.87,4492.09,0.22,218
2026.08.20 05:26,2026.08.19 22:26,4492.20,4492.44,0.24,237
2026.08.20 05:27,2026.08.19 22:27,4492.84,4493.07,0.23,201
2026.08.20 05:28,2026.08.19 22:28,4492.62,4492.85,0.23,198
2026.08.20 05:29,2026.08.19 22:29,4493.00,4493.23,0.23,173
2026.08.20 05:30,2026.08.19 22:30,4494.06,4494.29,0.23,405
2026.08.20 05:31,2026.08.19 22:31,4493.83,4494.05,0.22,295
2026.08.20 05:32,2026.08.19 22:32,4492.67,4492.90,0.23,274
2026.08.20 05:33,2026.08.19 22:33,4491.60,4491.84,0.24,281
2026.08.20 05:34,2026.08.19 22:34,4491.53,4491.76,0.23,314
2026.08.20 05:35,2026.08.19 22:35,4490.70,4490.92,0.22,286
2026.08.20 05:36,2026.08.19 22:36,4493.21,4493.44,0.23,277
2026.08.20 05:37,2026.08.19 22:37,4492.61,4492.84,0.23,354
2026.08.20 05:38,2026.08.19 22:38,4492.40,4492.62,0.22,355
2026.08.20 05:39,2026.08.19 22:39,4491.21,4491.42,0.21,279
2026.08.20 05:40,2026.08.19 22:40,4493.40,4493.62,0.22,288
2026.08.20 05:41,2026.08.19 22:41,4491.07,4491.29,0.22,281
2026.08.20 05:42,2026.08.19 22:42,4491.88,4492.10,0.22,312
2026.08.20 05:43,2026.08.19 22:43,4490.66,4490.88,0.22,260
2026.08.20 05:44,2026.08.19 22:44,4491.38,4491.61,0.23,305
2026.08.20 05:45,2026.08.19 22:45,4491.19,4491.43,0.24,308
2026.08.20 05:46,2026.08.19 22:46,4491.08,4491.32,0.24,239
2026.08.20 05:47,2026.08.19 22:47,4490.66,4490.89,0.23,201
2026.08.20 05:48,2026.08.19 22:48,4489.86,4490.09,0.23,186
2026.08.20 05:49,2026.08.19 22:49,4492.77,4493.00,0.23,246
2026.08.20 05:50,2026.08.19 22:50,4490.82,4491.05,0.23,259
2026.08.20 05:51,2026.08.19 22:51,4491.40,4491.63,0.23,342
2026.08.20 05:52,2026.08.19 22:52,4491.12,4491.36,0.24,209
2026.08.20 05:53,2026.08.19 22:53,4493.34,4493.57,0.23,229
2026.08.20 05:54,2026.08.19 22:54,4492.31,4492.54,0.23,267
2026.08.20 05:55,2026.08.19 22:55,4491.62,4491.84,0.22,285
2026.08.20 05:56,2026.08.19 22:56,4492.12,4492.34,0.22,229
2026.08.20 05:57,2026.08.19 22:57,4491.91,4492.15,0.24,244
2026.08.20 05:58,2026.08.19 22:58,4490.44,4490.67,0.23,192
2026.08.20 05:59,2026.08.19 22:59,4491.54,4491.77,0.23,217
2026.08.20 06:00,2026.08.19 23:00,4495.08,4495.31,0.23,210
2026.08.20 06:01,2026.08.19 23:01,4495.33,4495.56,0.23,337
2026.08.20 06:02,2026.08.19 23:02,4494.95,4495.18,0.23,284
2026.08.20 06:03,2026.08.19 23:03,4495.43,4495.66,0.23,245
2026.08.20 06:04,2026.08.19 23:04,4496.40,4496.63,0.23,235
2026.08.20 06:05,2026.08.19 23:05,4496.63,4496.86,0.23,246
2026.08.20 06:06,2026.08.19 23:06,4496.22,4496.45,0.23,260
2026.08.20 06:07,2026.08.19 23:07,4494.82,4495.04,0.22,201
2026.08.20 06:08,2026.08.19 23:08,4491.50,4491.72,0.22,230
2026.08.20 06:09,2026.08.19 23:09,4489.29,4489.51,0.22,291
2026.08.20 06:10,2026.08.19 23:10,4489.47,4489.71,0.24,281
2026.08.20 06:11,2026.08.19 23:11,4491.78,4492.00,0.22,285
2026.08.20 06:12,2026.08.19 23:12,4491.86,4492.09,0.23,247
2026.08.20 06:13,2026.08.19 23:13,4492.46,4492.69,0.23,313
2026.08.20 06:14,2026.08.19 23:14,4492.12,4492.36,0.24,245
2026.08.20 06:15,2026.08.19 23:15,4491.57,4491.79,0.22,247
2026.08.20 06:16,2026.08.19 23:16,4492.48,4492.71,0.23,227
2026.08.20 06:17,2026.08.19 23:17,4490.91,4491.14,0.23,186
2026.08.20 06:18,2026.08.19 23:18,4492.41,4492.63,0.22,217
2026.08.20 06:19,2026.08.19 23:19,4491.55,4491.77,0.22,212
2026.08.20 06:20,2026.08.19 23:20,4493.12,4493.34,0.22,225
2026.08.20 06:21,2026.08.19 23:21,4493.65,4493.88,0.23,236
2026.08.20 06:22,2026.08.19 23:22,4494.48,4494.72,0.24,240
2026.08.20 06:23,2026.08.19 23:23,4495.25,4495.47,0.22,254
2026.08.20 06:24,2026.08.19 23:24,4494.23,4494.46,0.23,201
2026.08.20 06:25,2026.08.19 23:25,4494.82,4495.05,0.23,144
2026.08.20 06:26,2026.08.19 23:26,4494.44,4494.68,0.24,237
2026.08.20 06:27,2026.08.19 23:27,4493.99,4494.23,0.24,197
2026.08.20 06:28,2026.08.19 23:28,4493.61,4493.85,0.24,169
2026.08.20 06:29,2026.08.19 23:29,4492.91,4493.13,0.22,268
2026.08.20 06:30,2026.08.19 23:30,4496.01,4496.24,0.23,253
2026.08.20 06:31,2026.08.19 23:31,4495.44,4495.67,0.23,253
2026.08.20 06:32,2026.08.19 23:32,4496.08,4496.31,0.23,183
2026.08.20 06:33,2026.08.19 23:33,4498.11,4498.35,0.24,167
2026.08.20 06:34,2026.08.19 23:34,4497.33,4497.55,0.22,228
2026.08.20 06:35,2026.08.19 23:35,4496.08,4496.31,0.23,260
2026.08.20 06:36,2026.08.19 23:36,4495.56,4495.79,0.23,144
2026.08.20 06:37,2026.08.19 23:37,4495.60,4495.84,0.24,138
2026.08.20 06:38,2026.08.19 23:38,4497.29,4497.52,0.23,172
2026.08.20 06:39,2026.08.19 23:39,4498.03,4498.25,0.22,168
2026.08.20 06:40,2026.08.19 23:40,4496.95,4497.18,0.23,158
2026.08.20 06:41,2026.08.19 23:41,4496.39,4496.61,0.22,162
2026.08.20 06:42,2026.08.19 23:42,4496.90,4497.13,0.23,132
2026.08.20 06:43,2026.08.19 23:43,4498.27,4498.49,0.22,159
2026.08.20 06:44,2026.08.19 23:44,4497.74,4497.97,0.23,183
2026.08.20 06:45,2026.08.19 23:45,4497.54,4497.76,0.22,186
2026.08.20 06:46,2026.08.19 23:46,4497.62,4497.84,0.22,222
2026.08.20 06:47,2026.08.19 23:47,4497.77,4498.00,0.23,187
2026.08.20 06:48,2026.08.19 23:48,4498.35,4498.59,0.24,139
2026.08.20 06:49,2026.08.19 23:49,4497.03,4497.27,0.24,148
2026.08.20 06:50,2026.08.19 23:50,4498.15,4498.38,0.23,159
2026.08.20 06:51,2026.08.19 23:51,4499.46,4499.69,0.23,160
2026.08.20 06:52,2026.08.19 23:52,4499.12,4499.36,0.24,234
2026.08.20 06:53,2026.08.19 23:53,4499.76,4499.98,0.22,260
2026.08.20 06:54,2026.08.19 23:54,4500.65,4500.87,0.22,178
2026.08.20 06:55,2026.08.19 23:55,4499.89,4500.12,0.23,243
2026.08.20 06:56,2026.08.19 23:56,4499.88,4500.11,0.23,174
2026.08.20 06:57,2026.08.19 23:57,4498.29,4498.53,0.24,157
2026.08.20 06:58,2026.08.19 23:58,4498.76,4498.99,0.23,193
2026.08.20 06:59,2026.08.19 23:59,4499.04,4499.27,0.23,149
2026.08.20 07:00,2026.08.20 00:00,4497.86,4498.08,0.22,201
2026.08.20 07:01,2026.08.20 00:01,4498.36,4498.59,0.23,210
2026.08.20 07:02,2026.08.20 00:02,4496.23,4496.46,0.23,180
2026.08.20 07:03,2026.08.20 00:03,4496.06,4496.29,0.23,193
2026.08.20 07:04,2026.08.20 00:04,4496.32,4496.54,0.22,211
2026.08.20 07:05,2026.08.20 00:05,4496.77,4496.99,0.22,213
2026.08.20 07:06,2026.08.20 00:06,4497.01,4497.24,0.23,200
2026.08.20 07:07,2026.08.20 00:07,4497.40,4497.64,0.24,186
2026.08.20 07:08,2026.08.20 00:08,4497.14,4497.37,0.23,147
2026.08.20 07:09,2026.08.20 00:09,4497.25,4497.48,0.23,156
2026.08.20 07:10,2026.08.20 00:10,4496.78,4497.02,0.24,211
2026.08.20 07:11,2026.08.20 00:11,4497.12,4497.34,0.22,163
2026.08.20 07:12,2026.08.20 00:12,4497.25,4497.48,0.23,151
2026.08.20 07:13,2026.08.20 00:13,4496.45,4496.68,0.23,146
2026.08.20 07:14,2026.08.20 00:14,4495.84,4496.06,0.22,138
2026.08.20 07:15,2026.08.20 00:15,4495.84,4496.06,0.22,130
2026.08.20 07:16,2026.08.20 00:16,4497.03,4497.27,0.24,200
2026.08.20 07:17,2026.08.20 00:17,4495.91,4496.14,0.23,133
2026.08.20 07:18,2026.08.20 00:18,4496.52,4496.76,0.24,132
2026.08.20 07:19,2026.08.20 00:19,4495.35,4495.57,0.22,109
2026.08.20 07:20,2026.08.20 00:20,4495.14,4495.38,0.24,162
2026.08.20 07:21,2026.08.20 00:21,4496.18,4496.41,0.23,186
2026.08.20 07:22,2026.08.20 00:22,4494.97,4495.20,0.23,181
2026.08.20 07:23,2026.08.20 00:23,4495.25,4495.47,0.22,187
2026.08.20 07:24,2026.08.20 00:24,4494.95,4495.18,0.23,158
2026.08.20 07:25,2026.08.20 00:25,4494.37,4494.59,0.22,117
2026.08.20 07:26,2026.08.20 00:26,4494.68,4494.91,0.23,126
2026.08.20 07:27,2026.08.20 00:27,4492.75,4492.98,0.23,155
2026.08.20 07:28,2026.08.20 00:28,4490.11,4490.34,0.23,229
2026.08.20 07:29,2026.08.20 00:29,4489.78,4490.01,0.23,345
2026.08.20 07:30,2026.08.20 00:30,4489.73,4489.96,0.23,226
2026.08.20 07:31,2026.08.20 00:31,4488.47,4488.71,0.24,189
2026.08.20 07:32,2026.08.20 00:32,4488.01,4488.25,0.24,182
2026.08.20 07:33,2026.08.20 00:33,4488.10,4488.33,0.23,243
2026.08.20 07:34,2026.08.20 00:34,4487.78,4488.01,0.23,190
2026.08.20 07:35,2026.08.20 00:35,4487.62,4487.85,0.23,152
2026.08.20 07:36,2026.08.20 00:36,4487.15,4487.37,0.22,244
2026.08.20 07:37,2026.08.20 00:37,4486.58,4486.81,0.23,219
2026.08.20 07:38,2026.08.20 00:38,4487.09,4487.32,0.23,206
2026.08.20 07:39,2026.08.20 00:39,4488.40,4488.64,0.24,200
2026.08.20 07:40,2026.08.20 00:40,4488.24,4488.48,0.24,248
2026.08.20 07:41,2026.08.20 00:41,4487.72,4487.95,0.23,155
2026.08.20 07:42,2026.08.20 00:42,4487.72,4487.95,0.23,135
2026.08.20 07:43,2026.08.20 00:43,4486.87,4487.11,0.24,76
2026.08.20 07:44,2026.08.20 00:44,4488.16,4488.38,0.22,109
2026.08.20 07:45,2026.08.20 00:45,4488.68,4488.90,0.22,158
2026.08.20 07:46,2026.08.20 00:46,4488.67,4488.89,0.22,221
2026.08.20 07:47,2026.08.20 00:47,4489.31,4489.53,0.22,174
2026.08.20 07:48,2026.08.20 00:48,4490.43,4490.66,0.23,131
2026.08.20 07:49,2026.08.20 00:49,4489.82,4490.05,0.23,161
2026.08.20 07:50,2026.08.20 00:50,4489.75,4489.98,0.23,149
2026.08.20 07:51,2026.08.20 00:51,4491.28,4491.51,0.23,139
2026.08.20 07:52,2026.08.20 00:52,4490.74,4490.97,0.23,215
2026.08.20 07:53,2026.08.20 00:53,4490.25,4490.48,0.23,153
2026.08.20 07:54,2026.08.20 00:54,4490.33,4490.56,0.23,177
2026.08.20 07:55,2026.08.20 00:55,4489.80,4490.03,0.23,168
2026.08.20 07:56,2026.08.20 00:56,4489.00,4489.23,0.23,194
2026.08.20 07:57,2026.08.20 00:57,4489.44,4489.67,0.23,159
2026.08.20 07:58,2026.08.20 00:58,4488.38,4488.60,0.22,160
2026.08.20 07:59,2026.08.20 00:59,4488.90,4489.14,0.24,147
2026.08.20 08:00,2026.08.20 01:00,4489.37,4489.60,0.23,222
2026.08.20 08:01,2026.08.20 01:01,4489.95,4490.19,0.24,160
2026.08.20 08:02,2026.08.20 01:02,4491.10,4491.33,0.23,137
2026.08.20 08:03,2026.08.20 01:03,4491.52,4491.75,0.23,190
2026.08.20 08:04,2026.08.20 01:04,4492.31,4492.54,0.23,152
2026.08.20 08:05,2026.08.20 01:05,4492.07,4492.31,0.24,198
2026.08.20 08:06,2026.08.20 01:06,4491.91,4492.15,0.24,197
2026.08.20 08:07,2026.08.20 01:07,4491.87,4492.09,0.22,203
2026.08.20 08:08,2026.08.20 01:08,4491.33,4491.56,0.23,113
2026.08.20 08:09,2026.08.20 01:09,4491.11,4491.34,0.23,102
2026.08.20 08:10,2026.08.20 01:10,4489.93,4490.17,0.24,175
2026.08.20 08:11,2026.08.20 01:11,4489.00,4489.24,0.24,165
2026.08.20 08:12,2026.08.20 01:12,4487.31,4487.53,0.22,221
2026.08.20 08:13,2026.08.20 01:13,4485.26,4485.48,0.22,244
2026.08.20 08:14,2026.08.20 01:14,4485.61,4485.83,0.22,331
2026.08.20 08:15,2026.08.20 01:15,4485.40,4485.63,0.23,210
2026.08.20 08:16,2026.08.20 01:16,4486.35,4486.58,0.23,225
2026.08.20 08:17,2026.08.20 01:17,4485.49,4485.71,0.22,224
2026.08.20 08:18,2026.08.20 01:18,4484.74,4484.97,0.23,227
2026.08.20 08:19,2026.08.20 01:19,4484.88,4485.12,0.24,224
2026.08.20 08:20,2026.08.20 01:20,4486.16,4486.40,0.24,201
2026.08.20 08:21,2026.08.20 01:21,4485.02,4485.24,0.22,183
2026.08.20 08:22,2026.08.20 01:22,4486.19,4486.41,0.22,133
2026.08.20 08:23,2026.08.20 01:23,4486.34,4486.56,0.22,221
2026.08.20 08:24,2026.08.20 01:24,4485.04,4485.27,0.23,140
2026.08.20 08:25,2026.08.20 01:25,4485.11,4485.33,0.22,156
2026.08.20 08:26,2026.08.20 01:26,4484.66,4484.89,0.23,154
2026.08.20 08:27,2026.08.20 01:27,4484.76,4484.99,0.23,212
2026.08.20 08:28,2026.08.20 01:28,4484.28,4484.51,0.23,261
2026.08.20 08:29,2026.08.20 01:29,4484.26,4484.48,0.22,216
2026.08.20 08:30,2026.08.20 01:30,4484.50,4484.74,0.24,423
2026.08.20 08:31,2026.08.20 01:31,4481.76,4481.99,0.23,305
2026.08.20 08:32,2026.08.20 01:32,4482.10,4482.33,0.23,326
2026.08.20 08:33,2026.08.20 01:33,4479.57,4479.79,0.22,300
2026.08.20 08:34,2026.08.20 01:34,4480.72,4480.95,0.23,300
2026.08.20 08:35,2026.08.20 01:35,4481.20,4481.43,0.23,354
2026.08.20 08:36,2026.08.20 01:36,4479.69,4479.92,0.23,282
2026.08.20 08:37,2026.08.20 01:37,4479.61,4479.84,0.23,272
2026.08.20 08:38,2026.08.20 01:38,4479.61,4479.84,0.23,294
2026.08.20 08:39,2026.08.20 01:39,4480.52,4480.76,0.24,292
2026.08.20 08:40,2026.08.20 01:40,4479.93,4480.15,0.22,279
2026.08.20 08:41,2026.08.20 01:41,4481.59,4481.82,0.23,326
2026.08.20 08:42,2026.08.20 01:42,4481.62,4481.84,0.22,356
2026.08.20 08:43,2026.08.20 01:43,4480.36,4480.60,0.24,376
2026.08.20 08:44,2026.08.20 01:44,4479.61,4479.82,0.21,327
2026.08.20 08:45,2026.08.20 01:45,4479.38,4479.62,0.24,395
2026.08.20 08:46,2026.08.20 01:46,4480.91,4481.15,0.24,250
2026.08.20 08:47,2026.08.20 01:47,4480.93,4481.16,0.23,250
2026.08.20 08:48,2026.08.20 01:48,4481.19,4481.42,0.23,291
2026.08.20 08:49,2026.08.20 01:49,4481.27,4481.49,0.22,247
2026.08.20 08:50,2026.08.20 01:50,4480.04,4480.27,0.23,225
2026.08.20 08:51,2026.08.20 01:51,4480.03,4480.27,0.24,243
2026.08.20 08:52,2026.08.20 01:52,4478.58,4478.81,0.23,275
2026.08.20 08:53,2026.08.20 01:53,4478.55,4478.78,0.23,254
2026.08.20 08:54,2026.08.20 01:54,4479.24,4479.48,0.24,226
2026.08.20 08:55,2026.08.20 01:55,4478.96,4479.19,0.23,246
2026.08.20 08:56,2026.08.20 01:56,4480.59,4480.83,0.24,189
2026.08.20 08:57,2026.08.20 01:57,4481.70,4481.94,0.24,217
2026.08.20 08:58,2026.08.20 01:58,4481.38,4481.61,0.23,235
2026.08.20 08:59,2026.08.20 01:59,4480.84,4481.07,0.23,242
2026.08.20 09:00,2026.08.20 02:00,4481.26,4481.50,0.24,268
2026.08.20 09:01,2026.08.20 02:01,4484.24,4484.46,0.22,272
2026.08.20 09:02,2026.08.20 02:02,4484.29,4484.52,0.23,313
2026.08.20 09:03,2026.08.20 02:03,4488.48,4488.71,0.23,224
2026.08.20 09:04,2026.08.20 02:04,4489.91,4490.14,0.23,289
2026.08.20 09:05,2026.08.20 02:05,4489.84,4490.07,0.23,299
2026.08.20 09:06,2026.08.20 02:06,4489.64,4489.87,0.23,278
2026.08.20 09:07,2026.08.20 02:07,4489.64,4489.87,0.23,311
2026.08.20 09:08,2026.08.20 02:08,4490.47,4490.70,0.23,211
2026.08.20 09:09,2026.08.20 02:09,4491.68,4491.91,0.23,210
2026.08.20 09:10,2026.08.20 02:10,4491.43,4491.65,0.22,217
2026.08.20 09:11,2026.08.20 02:11,4490.67,4490.91,0.24,304
2026.08.20 09:12,2026.08.20 02:12,4492.20,4492.43,0.23,236
2026.08.20 09:13,2026.08.20 02:13,4492.93,4493.16,0.23,274
2026.08.20 09:14,2026.08.20 02:14,4494.34,4494.57,0.23,235
2026.08.20 09:15,2026.08.20 02:15,4494.23,4494.45,0.22,257
2026.08.20 09:16,2026.08.20 02:16,4495.67,4495.90,0.23,263
2026.08.20 09:17,2026.08.20 02:17,4493.16,4493.38,0.22,238
2026.08.20 09:18,2026.08.20 02:18,4493.48,4493.72,0.24,325
2026.08.20 09:19,2026.08.20 02:19,4493.42,4493.65,0.23,234
2026.08.20 09:20,2026.08.20 02:20,4493.81,4494.04,0.23,233
2026.08.20 09:21,2026.08.20 02:21,4493.51,4493.73,0.22,249
2026.08.20 09:22,2026.08.20 02:22,4492.77,4493.00,0.23,261
2026.08.20 09:23,2026.08.20 02:23,4493.08,4493.30,0.22,209
2026.08.20 09:24,2026.08.20 02:24,4493.72,4493.94,0.22,166
2026.08.20 09:25,2026.08.20 02:25,4493.75,4493.98,0.23,221
2026.08.20 09:26,2026.08.20 02:26,4493.50,4493.74,0.24,189
2026.08.20 09:27,2026.08.20 02:27,4494.78,4495.01,0.23,191
2026.08.20 09:28,2026.08.20 02:28,4493.60,4493.82,0.22,191
2026.08.20 09:29,2026.08.20 02:29,4494.10,4494.34,0.24,192
2026.08.20 09:30,2026.08.20 02:30,4494.40,4494.63,0.23,219
2026.08.20 09:31,2026.08.20 02:31,4493.97,4494.19,0.22,199
2026.08.20 09:32,2026.08.20 02:32,4493.24,4493.48,0.24,197
2026.08.20 09:33,2026.08.20 02:33,4494.74,4494.98,0.24,226
2026.08.20 09:34,2026.08.20 02:34,4494.73,4494.95,0.22,174
2026.08.20 09:35,2026.08.20 02:35,4494.60,4494.82,0.22,193
2026.08.20 09:36,2026.08.20 02:36,4494.35,4494.58,0.23,270
2026.08.20 09:37,2026.08.20 02:37,4494.17,4494.40,0.23,228
2026.08.20 09:38,2026.08.20 02:38,4493.63,4493.86,0.23,190
2026.08.20 09:39,2026.08.20 02:39,4494.17,4494.39,0.22,172
2026.08.20 09:40,2026.08.20 02:40,4493.41,4493.64,0.23,214
2026.08.20 09:41,2026.08.20 02:41,4492.94,4493.17,0.23,234
2026.08.20 09:42,2026.08.20 02:42,4492.71,4492.94,0.23,178
2026.08.20 09:43,2026.08.20 02:43,4492.09,4492.31,0.22,211
2026.08.20 09:44,2026.08.20 02:44,4494.86,4495.09,0.23,190
2026.08.20 09:45,2026.08.20 02:45,4494.76,4495.00,0.24,279
2026.08.20 09:46,2026.08.20 02:46,4494.15,4494.38,0.23,187
2026.08.20 09:47,2026.08.20 02:47,4493.97,4494.21,0.24,190
2026.08.20 09:48,2026.08.20 02:48,4493.10,4493.34,0.24,188
2026.08.20 09:49,2026.08.20 02:49,4492.41,4492.64,0.23,235
2026.08.20 09:50,2026.08.20 02:50,4492.04,4492.28,0.24,221
2026.08.20 09:51,2026.08.20 02:51,4492.37,4492.60,0.23,228
2026.08.20 09:52,2026.08.20 02:52,4492.43,4492.67,0.24,201
2026.08.20 09:53,2026.08.20 02:53,4492.22,4492.46,0.24,186
2026.08.20 09:54,2026.08.20 02:54,4491.79,4492.03,0.24,223
2026.08.20 09:55,2026.08.20 02:55,4491.83,4492.05,0.22,227
2026.08.20 09:56,2026.08.20 02:56,4492.96,4493.18,0.22,180
2026.08.20 09:57,2026.08.20 02:57,4493.42,4493.65,0.23,188
2026.08.20 09:58,2026.08.20 02:58,4493.57,4493.80,0.23,185
2026.08.20 09:59,2026.08.20 02:59,4492.52,4492.74,0.22,245
2026.08.20 10:00,2026.08.20 03:00,4492.08,4492.31,0.23,333
2026.08.20 10:01,2026.08.20 03:01,4488.88,4489.12,0.24,263
2026.08.20 10:02,2026.08.20 03:02,4488.71,4488.94,0.23,322
2026.08.20 10:03,2026.08.20 03:03,4487.64,4487.86,0.22,217
2026.08.20 10:04,2026.08.20 03:04,4488.24,4488.47,0.23,238
2026.08.20 10:05,2026.08.20 03:05,4488.84,4489.08,0.24,229
2026.08.20 10:06,2026.08.20 03:06,4488.11,4488.34,0.23,242
2026.08.20 10:07,2026.08.20 03:07,4489.73,4489.96,0.23,259
2026.08.20 10:08,2026.08.20 03:08,4488.89,4489.11,0.22,192
2026.08.20 10:09,2026.08.20 03:09,4489.21,4489.45,0.24,231
2026.08.20 10:10,2026.08.20 03:10,4489.70,4489.94,0.24,203
2026.08.20 10:11,2026.08.20 03:11,4489.47,4489.70,0.23,247
2026.08.20 10:12,2026.08.20 03:12,4488.27,4488.50,0.23,236
2026.08.20 10:13,2026.08.20 03:13,4487.59,4487.82,0.23,235
2026.08.20 10:14,2026.08.20 03:14,4489.49,4489.71,0.22,223
2026.08.20 10:15,2026.08.20 03:15,4488.12,4488.35,0.23,260
2026.08.20 10:16,2026.08.20 03:16,4487.96,4488.18,0.22,262
2026.08.20 10:17,2026.08.20 03:17,4487.49,4487.72,0.23,201
2026.08.20 10:18,2026.08.20 03:18,4486.86,4487.09,0.23,192
2026.08.20 10:19,2026.08.20 03:19,4486.83,4487.06,0.23,197
2026.08.20 10:20,2026.08.20 03:20,4487.07,4487.30,0.23,180
2026.08.20 10:21,2026.08.20 03:21,4487.31,4487.54,0.23,196
2026.08.20 10:22,2026.08.20 03:22,4486.62,4486.84,0.22,196
2026.08.20 10:23,2026.08.20 03:23,4485.84,4486.07,0.23,241
2026.08.20 10:24,2026.08.20 03:24,4485.21,4485.43,0.22,185
2026.08.20 10:25,2026.08.20 03:25,4485.57,4485.80,0.23,179
2026.08.20 10:26,2026.08.20 03:26,4484.92,4485.16,0.24,200
2026.08.20 10:27,2026.08.20 03:27,4484.11,4484.35,0.24,211
2026.08.20 10:28,2026.08.20 03:28,4484.15,4484.38,0.23,222
2026.08.20 10:29,2026.08.20 03:29,4483.96,4484.19,0.23,238
2026.08.20 10:30,2026.08.20 03:30,4485.81,4486.05,0.24,250
2026.08.20 10:31,2026.08.20 03:31,4484.53,4484.76,0.23,254
2026.08.20 10:32,2026.08.20 03:32,4486.52,4486.76,0.24,253
2026.08.20 10:33,2026.08.20 03:33,4489.13,4489.35,0.22,301
2026.08.20 10:34,2026.08.20 03:34,4490.36,4490.59,0.23,301
2026.08.20 10:35,2026.08.20 03:35,4490.71,4490.94,0.23,263
2026.08.20 10:36,2026.08.20 03:36,4489.58,4489.81,0.23,235
2026.08.20 10:37,2026.08.20 03:37,4490.68,4490.91,0.23,267
2026.08.20 10:38,2026.08.20 03:38,4489.71,4489.94,0.23,212
2026.08.20 10:39,2026.08.20 03:39,4491.25,4491.49,0.24,230
2026.08.20 10:40,2026.08.20 03:40,4491.75,4491.99,0.24,235
2026.08.20 10:41,2026.08.20 03:41,4491.29,4491.53,0.24,270
2026.08.20 10:42,2026.08.20 03:42,4489.83,4490.06,0.23,290
2026.08.20 10:43,2026.08.20 03:43,4490.48,4490.71,0.23,283
2026.08.20 10:44,2026.08.20 03:44,4492.22,4492.46,0.24,231
2026.08.20 10:45,2026.08.20 03:45,4491.73,4491.95,0.22,213
2026.08.20 10:46,2026.08.20 03:46,4491.02,4491.25,0.23,194
2026.08.20 10:47,2026.08.20 03:47,4489.37,4489.60,0.23,255
2026.08.20 10:48,2026.08.20 03:48,4489.30,4489.52,0.22,184
2026.08.20 10:49,2026.08.20 03:49,4489.36,4489.60,0.24,192
2026.08.20 10:50,2026.08.20 03:50,4490.35,4490.58,0.23,225
2026.08.20 10:51,2026.08.20 03:51,4489.50,4489.74,0.24,221
2026.08.20 10:52,2026.08.20 03:52,4489.34,4489.57,0.23,198
2026.08.20 10:53,2026.08.20 03:53,4490.73,4490.96,0.23,167
2026.08.20 10:54,2026.08.20 03:54,4491.44,4491.67,0.23,166
2026.08.20 10:55,2026.08.20 03:55,4491.04,4491.27,0.23,200
2026.08.20 10:56,2026.08.20 03:56,4490.12,4490.35,0.23,236
2026.08.20 10:57,2026.08.20 03:57,4489.93,4490.15,0.22,219
2026.08.20 10:58,2026.08.20 03:58,4490.82,4491.04,0.22,204
2026.08.20 10:59,2026.08.20 03:59,4490.76,4491.00,0.24,226
2026.08.20 11:00,2026.08.20 04:00,4493.19,4493.42,0.23,348
2026.08.20 11:01,2026.08.20 04:01,4490.77,4491.00,0.23,316
2026.08.20 11:02,2026.08.20 04:02,4493.98,4494.20,0.22,289
2026.08.20 11:03,2026.08.20 04:03,4492.41,4492.64,0.23,342
2026.08.20 11:04,2026.08.20 04:04,4491.27,4491.50,0.23,279
2026.08.20 11:05,2026.08.20 04:05,4492.83,4493.06,0.23,295
2026.08.20 11:06,2026.08.20 04:06,4493.93,4494.16,0.23,317
2026.08.20 11:07,2026.08.20 04:07,4492.86,4493.09,0.23,284
2026.08.20 11:08,2026.08.20 04:08,4494.02,4494.25,0.23,283
2026.08.20 11:09,2026.08.20 04:09,4493.05,4493.28,0.23,256
2026.08.20 11:10,2026.08.20 04:10,4492.43,4492.67,0.24,260
2026.08.20 11:11,2026.08.20 04:11,4492.10,4492.33,0.23,259
2026.08.20 11:12,2026.08.20 04:12,4492.10,4492.34,0.24,247
2026.08.20 11:13,2026.08.20 04:13,4494.21,4494.42,0.21,207
2026.08.20 11:14,2026.08.20 04:14,4494.83,4495.06,0.23,255
2026.08.20 11:15,2026.08.20 04:15,4497.02,4497.25,0.23,179
2026.08.20 11:16,2026.08.20 04:16,4497.65,4497.88,0.23,291
2026.08.20 11:17,2026.08.20 04:17,4497.39,4497.62,0.23,252
2026.08.20 11:18,2026.08.20 04:18,4496.12,4496.35,0.23,241
2026.08.20 11:19,2026.08.20 04:19,4496.31,4496.53,0.22,311
2026.08.20 11:20,2026.08.20 04:20,4496.84,4497.08,0.24,235
2026.08.20 11:21,2026.08.20 04:21,4496.78,4497.01,0.23,248
2026.08.20 11:22,2026.08.20 04:22,4497.08,4497.31,0.23,207
2026.08.20 11:23,2026.08.20 04:23,4495.55,4495.78,0.23,227
2026.08.20 11:24,2026.08.20 04:24,4495.11,4495.33,0.22,274
2026.08.20 11:25,2026.08.20 04:25,4492.78,4493.02,0.24,201
2026.08.20 11:26,2026.08.20 04:26,4490.06,4490.29,0.23,254
2026.08.20 11:27,2026.08.20 04:27,4490.83,4491.07,0.24,279
2026.08.20 11:28,2026.08.20 04:28,4491.24,4491.46,0.22,252
2026.08.20 11:29,2026.08.20 04:29,4489.78,4490.01,0.23,266
2026.08.20 11:30,2026.08.20 04:30,4488.16,4488.38,0.22,284
2026.08.20 11:31,2026.08.20 04:31,4487.52,4487.76,0.24,342
2026.08.20 11:32,2026.08.20 04:32,4488.63,4488.87,0.24,311
2026.08.20 11:33,2026.08.20 04:33,4492.98,4493.21,0.23,288
2026.08.20 11:34,2026.08.20 04:34,4494.46,4494.70,0.24,290
2026.08.20 11:35,2026.08.20 04:35,4493.76,4493.99,0.23,252
2026.08.20 11:36,2026.08.20 04:36,4494.90,4495.13,0.23,248
2026.08.20 11:37,2026.08.20 04:37,4494.32,4494.54,0.22,201
2026.08.20 11:38,2026.08.20 04:38,4491.52,4491.76,0.24,323
2026.08.20 11:39,2026.08.20 04:39,4491.86,4492.08,0.22,276
2026.08.20 11:40,2026.08.20 04:40,4490.68,4490.92,0.24,238
2026.08.20 11:41,2026.08.20 04:41,4491.96,4492.20,0.24,206
2026.08.20 11:42,2026.08.20 04:42,4492.61,4492.84,0.23,240
2026.08.20 11:43,2026.08.20 04:43,4490.66,4490.89,0.23,244
2026.08.20 11:44,2026.08.20 04:44,4491.48,4491.72,0.24,240
2026.08.20 11:45,2026.08.20 04:45,4488.74,4488.96,0.22,212
2026.08.20 11:46,2026.08.20 04:46,4488.40,4488.62,0.22,274
2026.08.20 11:47,2026.08.20 04:47,4488.22,4488.45,0.23,236
2026.08.20 11:48,2026.08.20 04:48,4488.10,4488.33,0.23,233
2026.08.20 11:49,2026.08.20 04:49,4489.16,4489.38,0.22,232
2026.08.20 11:50,2026.08.20 04:50,4489.14,4489.37,0.23,289
2026.08.20 11:51,2026.08.20 04:51,4490.06,4490.28,0.22,180
2026.08.20 11:52,2026.08.20 04:52,4490.60,4490.83,0.23,189
2026.08.20 11:53,2026.08.20 04:53,4491.63,4491.86,0.23,193
2026.08.20 11:54,2026.08.20 04:54,4490.21,4490.44,0.23,207
2026.08.20 11:55,2026.08.20 04:55,4489.03,4489.26,0.23,211
2026.08.20 11:56,2026.08.20 04:56,4488.01,4488.23,0.22,232
2026.08.20 11:57,2026.08.20 04:57,4489.06,4489.28,0.22,202
2026.08.20 11:58,2026.08.20 04:58,4489.10,4489.32,0.22,183
2026.08.20 11:59,2026.08.20 04:59,4488.90,4489.13,0.23,221
2026.08.20 12:00,2026.08.20 05:00,4489.06,4489.29,0.23,242
2026.08.20 12:01,2026.08.20 05:01,4489.66,4489.89,0.23,213
2026.08.20 12:02,2026.08.20 05:02,4490.45,4490.68,0.23,180
2026.08.20 12:03,2026.08.20 05:03,4490.61,4490.84,0.23,237
2026.08.20 12:04,2026.08.20 05:04,4489.11,4489.34,0.23,255
2026.08.20 12:05,2026.08.20 05:05,4489.94,4490.18,0.24,258
2026.08.20 12:06,2026.08.20 05:06,4491.33,4491.57,0.24,198
2026.08.20 12:07,2026.08.20 05:07,4491.74,4491.97,0.23,229
2026.08.20 12:08,2026.08.20 05:08,4491.37,4491.60,0.23,237
2026.08.20 12:09,2026.08.20 05:09,4493.81,4494.04,0.23,183
2026.08.20 12:10,2026.08.20 05:10,4492.17,4492.40,0.23,231
2026.08.20 12:11,2026.08.20 05:11,4491.73,4491.96,0.23,229
2026.08.20 12:12,2026.08.20 05:12,4491.89,4492.13,0.24,255
2026.08.20 12:13,2026.08.20 05:13,4492.22,4492.44,0.22,210
2026.08.20 12:14,2026.08.20 05:14,4492.59,4492.82,0.23,191
2026.08.20 12:15,2026.08.20 05:15,4492.81,4493.03,0.22,217
2026.08.20 12:16,2026.08.20 05:16,4491.01,4491.25,0.24,219
2026.08.20 12:17,2026.08.20 05:17,4490.67,4490.90,0.23,238
2026.08.20 12:18,2026.08.20 05:18,4489.35,4489.58,0.23,212
2026.08.20 12:19,2026.08.20 05:19,4488.96,4489.19,0.23,228
2026.08.20 12:20,2026.08.20 05:20,4492.63,4492.85,0.22,253
2026.08.20 12:21,2026.08.20 05:21,4491.14,4491.38,0.24,255
2026.08.20 12:22,2026.08.20 05:22,4490.60,4490.82,0.22,228
2026.08.20 12:23,2026.08.20 05:23,4490.12,4490.34,0.22,215
2026.08.20 12:24,2026.08.20 05:24,4490.21,4490.44,0.23,205
2026.08.20 12:25,2026.08.20 05:25,4488.99,4489.21,0.22,162
2026.08.20 12:26,2026.08.20 05:26,4489.37,4489.60,0.23,210
2026.08.20 12:27,2026.08.20 05:27,4489.01,4489.25,0.24,241
2026.08.20 12:28,2026.08.20 05:28,4490.68,4490.90,0.22,199
2026.08.20 12:29,2026.08.20 05:29,4489.16,4489.39,0.23,179
2026.08.20 12:30,2026.08.20 05:30,4489.13,4489.36,0.23,234
2026.08.20 12:31,2026.08.20 05:31,4489.99,4490.21,0.22,248
2026.08.20 12:32,2026.08.20 05:32,4487.80,4488.03,0.23,251
2026.08.20 12:33,2026.08.20 05:33,4487.67,4487.90,0.23,213
2026.08.20 12:34,2026.08.20 05:34,4487.14,4487.36,0.22,227
2026.08.20 12:35,2026.08.20 05:35,4488.22,4488.44,0.22,215
2026.08.20 12:36,2026.08.20 05:36,4485.66,4485.89,0.23,229
2026.08.20 12:37,2026.08.20 05:37,4484.73,4484.96,0.23,199
2026.08.20 12:38,2026.08.20 05:38,4486.11,4486.34,0.23,221
2026.08.20 12:39,2026.08.20 05:39,4486.91,4487.14,0.23,178
2026.08.20 12:40,2026.08.20 05:40,4486.37,4486.60,0.23,223
2026.08.20 12:41,2026.08.20 05:41,4488.90,4489.12,0.22,184
2026.08.20 12:42,2026.08.20 05:42,4490.18,4490.41,0.23,255
2026.08.20 12:43,2026.08.20 05:43,4488.92,4489.15,0.23,209
2026.08.20 12:44,2026.08.20 05:44,4488.68,4488.91,0.23,175
2026.08.20 12:45,2026.08.20 05:45,4487.81,4488.04,0.23,151
2026.08.20 12:46,2026.08.20 05:46,4486.03,4486.25,0.22,142
2026.08.20 12:47,2026.08.20 05:47,4485.87,4486.09,0.22,184
2026.08.20 12:48,2026.08.20 05:48,4485.83,4486.05,0.22,200
2026.08.20 12:49,2026.08.20 05:49,4485.38,4485.61,0.23,218
2026.08.20 12:50,2026.08.20 05:50,4484.96,4485.19,0.23,247
2026.08.20 12:51,2026.08.20 05:51,4485.16,4485.40,0.24,242
2026.08.20 12:52,2026.08.20 05:52,4482.92,4483.15,0.23,249
2026.08.20 12:53,2026.08.20 05:53,4483.71,4483.93,0.22,252
2026.08.20 12:54,2026.08.20 05:54,4482.31,4482.55,0.24,338
2026.08.20 12:55,2026.08.20 05:55,4482.27,4482.50,0.23,265
2026.08.20 12:56,2026.08.20 05:56,4482.99,4483.23,0.24,217
2026.08.20 12:57,2026.08.20 05:57,4484.20,4484.42,0.22,258
2026.08.20 12:58,2026.08.20 05:58,4483.88,4484.10,0.22,211
2026.08.20 12:59,2026.08.20 05:59,4481.73,4481.97,0.24,250
2026.08.20 13:00,2026.08.20 06:00,4482.19,4482.42,0.23,309
2026.08.20 13:01,2026.08.20 06:01,4482.91,4483.14,0.23,280
2026.08.20 13:02,2026.08.20 06:02,4485.55,4485.77,0.22,251
2026.08.20 13:03,2026.08.20 06:03,4485.45,4485.67,0.22,303
2026.08.20 13:04,2026.08.20 06:04,4486.41,4486.64,0.23,199
2026.08.20 13:05,2026.08.20 06:05,4486.27,4486.50,0.23,219
2026.08.20 13:06,2026.08.20 06:06,4486.30,4486.54,0.24,179
2026.08.20 13:07,2026.08.20 06:07,4487.20,4487.42,0.22,180
2026.08.20 13:08,2026.08.20 06:08,4489.51,4489.75,0.24,198
2026.08.20 13:09,2026.08.20 06:09,4488.22,4488.46,0.24,241
2026.08.20 13:10,2026.08.20 06:10,4488.79,4489.02,0.23,208
2026.08.20 13:11,2026.08.20 06:11,4489.10,4489.33,0.23,191
2026.08.20 13:12,2026.08.20 06:12,4490.15,4490.39,0.24,176
2026.08.20 13:13,2026.08.20 06:13,4490.31,4490.54,0.23,213
2026.08.20 13:14,2026.08.20 06:14,4490.38,4490.61,0.23,197
2026.08.20 13:15,2026.08.20 06:15,4491.17,4491.41,0.24,176
2026.08.20 13:16,2026.08.20 06:16,4490.86,4491.08,0.22,210
2026.08.20 13:17,2026.08.20 06:17,4491.16,4491.39,0.23,226
2026.08.20 13:18,2026.08.20 06:18,4490.48,4490.70,0.22,155
2026.08.20 13:19,2026.08.20 06:19,4488.17,4488.39,0.22,237
2026.08.20 13:20,2026.08.20 06:20,4487.03,4487.27,0.24,226
2026.08.20 13:21,2026.08.20 06:21,4487.07,4487.30,0.23,220
2026.08.20 13:22,2026.08.20 06:22,4486.84,4487.07,0.23,185
2026.08.20 13:23,2026.08.20 06:23,4488.67,4488.91,0.24,191
2026.08.20 13:24,2026.08.20 06:24,4489.73,4489.96,0.23,228
2026.08.20 13:25,2026.08.20 06:25,4490.16,4490.39,0.23,235
2026.08.20 13:26,2026.08.20 06:26,4491.00,4491.22,0.22,203
2026.08.20 13:27,2026.08.20 06:27,4492.92,4493.15,0.23,201
2026.08.20 13:28,2026.08.20 06:28,4493.74,4493.96,0.22,236
2026.08.20 13:29,2026.08.20 06:29,4494.31,4494.55,0.24,282
2026.08.20 13:30,2026.08.20 06:30,4493.81,4494.04,0.23,234
2026.08.20 13:31,2026.08.20 06:31,4494.14,4494.37,0.23,177
2026.08.20 13:32,2026.08.20 06:32,4493.53,4493.76,0.23,209
2026.08.20 13:33,2026.08.20 06:33,4493.06,4493.28,0.22,178
2026.08.20 13:34,2026.08.20 06:34,4492.65,4492.88,0.23,181
2026.08.20 13:35,2026.08.20 06:35,4492.98,4493.22,0.24,177
2026.08.20 13:36,2026.08.20 06:36,4493.40,4493.64,0.24,291
2026.08.20 13:37,2026.08.20 06:37,4491.28,4491.51,0.23,191
2026.08.20 13:38,2026.08.20 06:38,4490.25,4490.48,0.23,235
2026.08.20 13:39,2026.08.20 06:39,4490.86,4491.09,0.23,184
2026.08.20 13:40,2026.08.20 06:40,4490.86,4491.09,0.23,186
2026.08.20 13:41,2026.08.20 06:41,4490.90,4491.13,0.23,190
2026.08.20 13:42,2026.08.20 06:42,4490.60,4490.83,0.23,156
2026.08.20 13:43,2026.08.20 06:43,4490.80,4491.03,0.23,159
2026.08.20 13:44,2026.08.20 06:44,4490.56,4490.79,0.23,206
2026.08.20 13:45,2026.08.20 06:45,4489.31,4489.53,0.22,207
2026.08.20 13:46,2026.08.20 06:46,4490.52,4490.74,0.22,182
2026.08.20 13:47,2026.08.20 06:47,4489.85,4490.08,0.23,210
2026.08.20 13:48,2026.08.20 06:48,4490.14,4490.36,0.22,150
2026.08.20 13:49,2026.08.20 06:49,4490.63,4490.85,0.22,138
2026.08.20 13:50,2026.08.20 06:50,4489.95,4490.19,0.24,182
2026.08.20 13:51,2026.08.20 06:51,4489.32,4489.55,0.23,182
2026.08.20 13:52,2026.08.20 06:52,4488.56,4488.79,0.23,190
2026.08.20 13:53,2026.08.20 06:53,4487.82,4488.05,0.23,199
2026.08.20 13:54,2026.08.20 06:54,4488.15,4488.37,0.22,208
2026.08.20 13:55,2026.08.20 06:55,4487.90,4488.13,0.23,166
2026.08.20 13:56,2026.08.20 06:56,4488.78,4489.00,0.22,187
2026.08.20 13:57,2026.08.20 06:57,4489.34,4489.58,0.24,209
2026.08.20 13:58,2026.08.20 06:58,4490.32,4490.56,0.24,230
2026.08.20 13:59,2026.08.20 06:59,4487.79,4488.02,0.23,262
2026.08.20 14:00,2026.08.20 07:00,4490.53,4490.75,0.22,423
2026.08.20 14:01,2026.08.20 07:01,4490.15,4490.39,0.24,293
2026.08.20 14:02,2026.08.20 07:02,4490.59,4490.81,0.22,263
2026.08.20 14:03,2026.08.20 07:03,4488.65,4488.88,0.23,267
2026.08.20 14:04,2026.08.20 07:04,4486.62,4486.84,0.22,266
2026.08.20 14:05,2026.08.20 07:05,4487.27,4487.51,0.24,312
2026.08.20 14:06,2026.08.20 07:06,4487.63,4487.85,0.22,270
2026.08.20 14:07,2026.08.20 07:07,4485.86,4486.09,0.23,212
2026.08.20 14:08,2026.08.20 07:08,4487.13,4487.37,0.24,253
2026.08.20 14:09,2026.08.20 07:09,4486.56,4486.79,0.23,193
2026.08.20 14:10,2026.08.20 07:10,4485.79,4486.01,0.22,184
2026.08.20 14:11,2026.08.20 07:11,4487.02,4487.24,0.22,229
2026.08.20 14:12,2026.08.20 07:12,4484.21,4484.43,0.22,178
2026.08.20 14:13,2026.08.20 07:13,4484.88,4485.10,0.22,265
2026.08.20 14:14,2026.08.20 07:14,4484.60,4484.83,0.23,278
2026.08.20 14:15,2026.08.20 07:15,4485.14,4485.37,0.23,203
2026.08.20 14:16,2026.08.20 07:16,4483.81,4484.05,0.24,203
2026.08.20 14:17,2026.08.20 07:17,4481.63,4481.84,0.21,202
2026.08.20 14:18,2026.08.20 07:18,4482.46,4482.68,0.22,297
2026.08.20 14:19,2026.08.20 07:19,4483.19,4483.43,0.24,242
2026.08.20 14:20,2026.08.20 07:20,4483.42,4483.66,0.24,242
2026.08.20 14:21,2026.08.20 07:21,4484.82,4485.05,0.23,268
2026.08.20 14:22,2026.08.20 07:22,4485.15,4485.39,0.24,272
2026.08.20 14:23,2026.08.20 07:23,4487.03,4487.26,0.23,216
2026.08.20 14:24,2026.08.20 07:24,4489.18,4489.41,0.23,239
2026.08.20 14:25,2026.08.20 07:25,4487.51,4487.74,0.23,284
2026.08.20 14:26,2026.08.20 07:26,4487.01,4487.23,0.22,222
2026.08.20 14:27,2026.08.20 07:27,4484.37,4484.61,0.24,158
2026.08.20 14:28,2026.08.20 07:28,4484.48,4484.70,0.22,225
2026.08.20 14:29,2026.08.20 07:29,4483.96,4484.20,0.24,170
2026.08.20 14:30,2026.08.20 07:30,4484.37,4484.60,0.23,202
2026.08.20 14:31,2026.08.20 07:31,4485.29,4485.51,0.22,220
2026.08.20 14:32,2026.08.20 07:32,4483.51,4483.73,0.22,241
2026.08.20 14:33,2026.08.20 07:33,4484.27,4484.50,0.23,257
2026.08.20 14:34,2026.08.20 07:34,4486.53,4486.76,0.23,221
2026.08.20 14:35,2026.08.20 07:35,4483.64,4483.87,0.23,238
2026.08.20 14:36,2026.08.20 07:36,4481.00,4481.23,0.23,244
2026.08.20 14:37,2026.08.20 07:37,4480.25,4480.49,0.24,300
2026.08.20 14:38,2026.08.20 07:38,4481.84,4482.08,0.24,297
2026.08.20 14:39,2026.08.20 07:39,4479.27,4479.51,0.24,417
2026.08.20 14:40,2026.08.20 07:40,4478.06,4478.29,0.23,379
2026.08.20 14:41,2026.08.20 07:41,4478.26,4478.49,0.23,367
2026.08.20 14:42,2026.08.20 07:42,4476.73,4476.96,0.23,256
2026.08.20 14:43,2026.08.20 07:43,4474.45,4474.67,0.22,263
2026.08.20 14:44,2026.08.20 07:44,4471.64,4471.86,0.22,318
2026.08.20 14:45,2026.08.20 07:45,4469.45,4469.69,0.24,394
2026.08.20 14:46,2026.08.20 07:46,4470.95,4471.17,0.22,319
2026.08.20 14:47,2026.08.20 07:47,4467.94,4468.17,0.23,356
2026.08.20 14:48,2026.08.20 07:48,4471.45,4471.67,0.22,392
2026.08.20 14:49,2026.08.20 07:49,4471.38,4471.60,0.22,389
2026.08.20 14:50,2026.08.20 07:50,4469.66,4469.89,0.23,346
2026.08.20 14:51,2026.08.20 07:51,4467.65,4467.87,0.22,347
2026.08.20 14:52,2026.08.20 07:52,4470.86,4471.08,0.22,357
2026.08.20 14:53,2026.08.20 07:53,4467.78,4468.01,0.23,346
2026.08.20 14:54,2026.08.20 07:54,4469.44,4469.67,0.23,341
2026.08.20 14:55,2026.08.20 07:55,4467.41,4467.65,0.24,345
2026.08.20 14:56,2026.08.20 07:56,4466.68,4466.91,0.23,369
2026.08.20 14:57,2026.08.20 07:57,4467.34,4467.57,0.23,362
2026.08.20 14:58,2026.08.20 07:58,4466.84,4467.07,0.23,305
2026.08.20 14:59,2026.08.20 07:59,4462.83,4463.07,0.24,336
2026.08.20 15:00,2026.08.20 08:00,4460.09,4460.32,0.23,497
2026.08.20 15:01,2026.08.20 08:01,4457.95,4458.19,0.24,550
2026.08.20 15:02,2026.08.20 08:02,4459.23,4459.46,0.23,480
2026.08.20 15:03,2026.08.20 08:03,4457.47,4457.71,0.24,371
2026.08.20 15:04,2026.08.20 08:04,4455.79,4456.01,0.22,500
2026.08.20 15:05,2026.08.20 08:05,4451.38,4451.62,0.24,483
2026.08.20 15:06,2026.08.20 08:06,4453.03,4453.27,0.24,556
2026.08.20 15:07,2026.08.20 08:07,4456.27,4456.50,0.23,503
2026.08.20 15:08,2026.08.20 08:08,4456.27,4456.51,0.24,492
2026.08.20 15:09,2026.08.20 08:09,4460.05,4460.28,0.23,438
2026.08.20 15:10,2026.08.20 08:10,4460.69,4460.92,0.23,480
2026.08.20 15:11,2026.08.20 08:11,4463.15,4463.38,0.23,368
2026.08.20 15:12,2026.08.20 08:12,4465.90,4466.12,0.22,382
2026.08.20 15:13,2026.08.20 08:13,4464.26,4464.50,0.24,385
2026.08.20 15:14,2026.08.20 08:14,4462.69,4462.92,0.23,377
2026.08.20 15:15,2026.08.20 08:15,4463.42,4463.65,0.23,406
2026.08.20 15:16,2026.08.20 08:16,4465.95,4466.18,0.23,393
2026.08.20 15:17,2026.08.20 08:17,4465.00,4465.23,0.23,428
2026.08.20 15:18,2026.08.20 08:18,4466.80,4467.03,0.23,373
2026.08.20 15:19,2026.08.20 08:19,4462.56,4462.78,0.22,394
2026.08.20 15:20,2026.08.20 08:20,4463.27,4463.50,0.23,440
2026.08.20 15:21,2026.08.20 08:21,4463.94,4464.17,0.23,340
2026.08.20 15:22,2026.08.20 08:22,4464.37,4464.60,0.23,339
2026.08.20 15:23,2026.08.20 08:23,4464.18,4464.42,0.24,353
2026.08.20 15:24,2026.08.20 08:24,4458.22,4458.45,0.23,354
2026.08.20 15:25,2026.08.20 08:25,4457.97,4458.19,0.22,429
2026.08.20 15:26,2026.08.20 08:26,4459.40,4459.63,0.23,359
2026.08.20 15:27,2026.08.20 08:27,4458.73,4458.95,0.22,277
2026.08.20 15:28,2026.08.20 08:28,4459.15,4459.37,0.22,305
2026.08.20 15:29,2026.08.20 08:29,4458.54,4458.77,0.23,274
2026.08.20 15:30,2026.08.20 08:30,4455.07,4455.30,0.23,388
2026.08.20 15:31,2026.08.20 08:31,4455.38,4455.61,0.23,382
2026.08.20 15:32,2026.08.20 08:32,4454.45,4454.69,0.24,277
2026.08.20 15:33,2026.08.20 08:33,4453.29,4453.52,0.23,452
2026.08.20 15:34,2026.08.20 08:34,4453.27,4453.50,0.23,442
2026.08.20 15:35,2026.08.20 08:35,4455.65,4455.89,0.24,464
2026.08.20 15:36,2026.08.20 08:36,4458.79,4459.01,0.22,441
2026.08.20 15:37,2026.08.20 08:37,4459.40,4459.63,0.23,416
2026.08.20 15:38,2026.08.20 08:38,4462.93,4463.16,0.23,341
2026.08.20 15:39,2026.08.20 08:39,4464.18,4464.40,0.22,368
2026.08.20 15:40,2026.08.20 08:40,4463.42,4463.65,0.23,329
2026.08.20 15:41,2026.08.20 08:41,4461.43,4461.65,0.22,371
2026.08.20 15:42,2026.08.20 08:42,4465.36,4465.58,0.22,346
2026.08.20 15:43,2026.08.20 08:43,4466.85,4467.08,0.23,332
2026.08.20 15:44,2026.08.20 08:44,4466.00,4466.24,0.24,326
2026.08.20 15:45,2026.08.20 08:45,4466.81,4467.04,0.23,279
2026.08.20 15:46,2026.08.20 08:46,4468.25,4468.47,0.22,300
2026.08.20 15:47,2026.08.20 08:47,4470.37,4470.61,0.24,290
2026.08.20 15:48,2026.08.20 08:48,4471.13,4471.37,0.24,336
2026.08.20 15:49,2026.08.20 08:49,4470.53,4470.75,0.22,344
2026.08.20 15:50,2026.08.20 08:50,4473.61,4473.85,0.24,319
2026.08.20 15:51,2026.08.20 08:51,4473.39,4473.61,0.22,344
2026.08.20 15:52,2026.08.20 08:52,4472.13,4472.36,0.23,300
2026.08.20 15:53,2026.08.20 08:53,4472.51,4472.74,0.23,258
2026.08.20 15:54,2026.08.20 08:54,4473.14,4473.37,0.23,241
2026.08.20 15:55,2026.08.20 08:55,4473.92,4474.15,0.23,290
2026.08.20 15:56,2026.08.20 08:56,4473.96,4474.19,0.23,342
2026.08.20 15:57,2026.08.20 08:57,4476.93,4477.16,0.23,290
2026.08.20 15:58,2026.08.20 08:58,4474.88,4475.11,0.23,334
2026.08.20 15:59,2026.08.20 08:59,4481.65,4481.88,0.23,352
2026.08.20 16:00,2026.08.20 09:00,4483.64,4483.86,0.22,597
2026.08.20 16:01,2026.08.20 09:01,4481.70,4481.94,0.24,425
2026.08.20 16:02,2026.08.20 09:02,4480.44,4480.68,0.24,503
2026.08.20 16:03,2026.08.20 09:03,4477.83,4478.06,0.23,404
2026.08.20 16:04,2026.08.20 09:04,4477.69,4477.92,0.23,429
2026.08.20 16:05,2026.08.20 09:05,4477.53,4477.75,0.22,448
2026.08.20 16:06,2026.08.20 09:06,4477.31,4477.55,0.24,362
2026.08.20 16:07,2026.08.20 09:07,4474.99,4475.22,0.23,341
2026.08.20 16:08,2026.08.20 09:08,4474.12,4474.36,0.24,349
2026.08.20 16:09,2026.08.20 09:09,4474.06,4474.29,0.23,400
2026.08.20 16:10,2026.08.20 09:10,4474.09,4474.33,0.24,319
2026.08.20 16:11,2026.08.20 09:11,4473.68,4473.91,0.23,363
2026.08.20 16:12,2026.08.20 09:12,4474.98,4475.21,0.23,375
2026.08.20 16:13,2026.08.20 09:13,4472.36,4472.59,0.23,408
2026.08.20 16:14,2026.08.20 09:14,4472.08,4472.31,0.23,424
2026.08.20 16:15,2026.08.20 09:15,4474.25,4474.48,0.23,461
2026.08.20 16:16,2026.08.20 09:16,4473.37,4473.60,0.23,414
2026.08.20 16:17,2026.08.20 09:17,4474.36,4474.58,0.22,389
2026.08.20 16:18,2026.08.20 09:18,4474.72,4474.94,0.22,395
2026.08.20 16:19,2026.08.20 09:19,4474.44,4474.67,0.23,341
2026.08.20 16:20,2026.08.20 09:20,4474.38,4474.61,0.23,349
2026.08.20 16:21,2026.08.20 09:21,4472.72,4472.95,0.23,355
2026.08.20 16:22,2026.08.20 09:22,4473.86,4474.09,0.23,345
2026.08.20 16:23,2026.08.20 09:23,4474.08,4474.30,0.22,290
2026.08.20 16:24,2026.08.20 09:24,4472.67,4472.89,0.22,298
2026.08.20 16:25,2026.08.20 09:25,4472.81,4473.04,0.23,368
2026.08.20 16:26,2026.08.20 09:26,4473.30,4473.53,0.23,358
2026.08.20 16:27,2026.08.20 09:27,4473.48,4473.72,0.24,339
2026.08.20 16:28,2026.08.20 09:28,4470.31,4470.54,0.23,360
2026.08.20 16:29,2026.08.20 09:29,4473.83,4474.06,0.23,403
2026.08.20 16:30,2026.08.20 09:30,4471.27,4471.51,0.24,617
2026.08.20 16:31,2026.08.20 09:31,4473.36,4473.59,0.23,554
2026.08.20 16:32,2026.08.20 09:32,4475.07,4475.30,0.23,566
2026.08.20 16:33,2026.08.20 09:33,4475.87,4476.10,0.23,489
2026.08.20 16:34,2026.08.20 09:34,4483.53,4483.76,0.23,460
2026.08.20 16:35,2026.08.20 09:35,4482.34,4482.56,0.22,738
2026.08.20 16:36,2026.08.20 09:36,4483.45,4483.68,0.23,597
2026.08.20 16:37,2026.08.20 09:37,4484.36,4484.59,0.23,571
2026.08.20 16:38,2026.08.20 09:38,4483.92,4484.15,0.23,593
2026.08.20 16:39,2026.08.20 09:39,4480.84,4481.07,0.23,531
2026.08.20 16:40,2026.08.20 09:40,4483.43,4483.65,0.22,562
2026.08.20 16:41,2026.08.20 09:41,4484.93,4485.16,0.23,607
2026.08.20 16:42,2026.08.20 09:42,4486.19,4486.42,0.23,562
2026.08.20 16:43,2026.08.20 09:43,4486.32,4486.55,0.23,507
2026.08.20 16:44,2026.08.20 09:44,4485.42,4485.65,0.23,472
2026.08.20 16:45,2026.08.20 09:45,4484.11,4484.34,0.23,603
2026.08.20 16:46,2026.08.20 09:46,4482.92,4483.15,0.23,594
2026.08.20 16:47,2026.08.20 09:47,4482.19,4482.42,0.23,536
2026.08.20 16:48,2026.08.20 09:48,4483.18,4483.41,0.23,539
2026.08.20 16:49,2026.08.20 09:49,4482.81,4483.04,0.23,533
2026.08.20 16:50,2026.08.20 09:50,4482.35,4482.57,0.22,446
2026.08.20 16:51,2026.08.20 09:51,4484.07,4484.30,0.23,412
2026.08.20 16:52,2026.08.20 09:52,4483.78,4484.01,0.23,452
2026.08.20 16:53,2026.08.20 09:53,4483.00,4483.23,0.23,497
2026.08.20 16:54,2026.08.20 09:54,4483.56,4483.79,0.23,413
2026.08.20 16:55,2026.08.20 09:55,4482.68,4482.91,0.23,429
2026.08.20 16:56,2026.08.20 09:56,4481.94,4482.18,0.24,426
2026.08.20 16:57,2026.08.20 09:57,4482.35,4482.59,0.24,341
2026.08.20 16:58,2026.08.20 09:58,4481.42,4481.65,0.23,390
2026.08.20 16:59,2026.08.20 09:59,4487.82,4488.05,0.23,376
2026.08.20 17:00,2026.08.20 10:00,4488.22,4488.44,0.22,536
2026.08.20 17:01,2026.08.20 10:01,4489.09,4489.32,0.23,427
2026.08.20 17:02,2026.08.20 10:02,4483.93,4484.15,0.22,527
2026.08.20 17:03,2026.08.20 10:03,4484.08,4484.32,0.24,566
2026.08.20 17:04,2026.08.20 10:04,4482.63,4482.86,0.23,504
2026.08.20 17:05,2026.08.20 10:05,4484.42,4484.64,0.22,487
2026.08.20 17:06,2026.08.20 10:06,4483.88,4484.11,0.23,491
2026.08.20 17:07,2026.08.20 10:07,4485.30,4485.53,0.23,518
2026.08.20 17:08,2026.08.20 10:08,4485.11,4485.34,0.23,484
2026.08.20 17:09,2026.08.20 10:09,4484.67,4484.89,0.22,472
2026.08.20 17:10,2026.08.20 10:10,4487.35,4487.58,0.23,507
2026.08.20 17:11,2026.08.20 10:11,4486.67,4486.89,0.22,510
2026.08.20 17:12,2026.08.20 10:12,4487.80,4488.04,0.24,412
2026.08.20 17:13,2026.08.20 10:13,4485.39,4485.62,0.23,462
2026.08.20 17:14,2026.08.20 10:14,4484.50,4484.73,0.23,395
2026.08.20 17:15,2026.08.20 10:15,4486.35,4486.58,0.23,468
2026.08.20 17:16,2026.08.20 10:16,4486.79,4487.02,0.23,387
2026.08.20 17:17,2026.08.20 10:17,4487.60,4487.82,0.22,400
2026.08.20 17:18,2026.08.20 10:18,4481.79,4482.01,0.22,402
2026.08.20 17:19,2026.08.20 10:19,4486.57,4486.80,0.23,526
2026.08.20 17:20,2026.08.20 10:20,4488.86,4489.08,0.22,495
2026.08.20 17:21,2026.08.20 10:21,4487.49,4487.72,0.23,459
2026.08.20 17:22,2026.08.20 10:22,4490.93,4491.15,0.22,533
2026.08.20 17:23,2026.08.20 10:23,4492.07,4492.30,0.23,498
2026.08.20 17:24,2026.08.20 10:24,4491.24,4491.46,0.22,543
2026.08.20 17:25,2026.08.20 10:25,4489.04,4489.27,0.23,456
2026.08.20 17:26,2026.08.20 10:26,4487.67,4487.90,0.23,435
2026.08.20 17:27,2026.08.20 10:27,4490.17,4490.41,0.24,455
2026.08.20 17:28,2026.08.20 10:28,4491.29,4491.51,0.22,499
2026.08.20 17:29,2026.08.20 10:29,4493.32,4493.54,0.22,487
2026.08.20 17:30,2026.08.20 10:30,4492.76,4492.98,0.22,533
2026.08.20 17:31,2026.08.20 10:31,4494.21,4494.43,0.22,437
2026.08.20 17:32,2026.08.20 10:32,4494.52,4494.75,0.23,467
2026.08.20 17:33,2026.08.20 10:33,4494.62,4494.85,0.23,400
2026.08.20 17:34,2026.08.20 10:34,4497.24,4497.47,0.23,479
2026.08.20 17:35,2026.08.20 10:35,4499.94,4500.17,0.23,494
2026.08.20 17:36,2026.08.20 10:36,4497.00,4497.23,0.23,486
2026.08.20 17:37,2026.08.20 10:37,4496.37,4496.58,0.21,420
2026.08.20 17:38,2026.08.20 10:38,4495.85,4496.08,0.23,431
2026.08.20 17:39,2026.08.20 10:39,4496.37,4496.60,0.23,370
2026.08.20 17:40,2026.08.20 10:40,4494.81,4495.04,0.23,396
2026.08.20 17:41,2026.08.20 10:41,4497.87,4498.10,0.23,343
2026.08.20 17:42,2026.08.20 10:42,4499.53,4499.77,0.24,438
2026.08.20 17:43,2026.08.20 10:43,4499.93,4500.17,0.24,386
2026.08.20 17:44,2026.08.20 10:44,4502.10,4502.32,0.22,419
2026.08.20 17:45,2026.08.20 10:45,4504.32,4504.56,0.24,490
2026.08.20 17:46,2026.08.20 10:46,4503.93,4504.16,0.23,449
2026.08.20 17:47,2026.08.20 10:47,4506.27,4506.50,0.23,369
2026.08.20 17:48,2026.08.20 10:48,4507.57,4507.81,0.24,490
2026.08.20 17:49,2026.08.20 10:49,4507.23,4507.47,0.24,419
2026.08.20 17:50,2026.08.20 10:50,4506.26,4506.49,0.23,430
2026.08.20 17:51,2026.08.20 10:51,4508.39,4508.62,0.23,402
2026.08.20 17:52,2026.08.20 10:52,4508.78,4509.01,0.23,464
2026.08.20 17:53,2026.08.20 10:53,4510.05,4510.27,0.22,413
2026.08.20 17:54,2026.08.20 10:54,4509.50,4509.73,0.23,417
2026.08.20 17:55,2026.08.20 10:55,4511.79,4512.03,0.24,449
2026.08.20 17:56,2026.08.20 10:56,4514.02,4514.25,0.23,402
2026.08.20 17:57,2026.08.20 10:57,4514.62,4514.86,0.24,541
2026.08.20 17:58,2026.08.20 10:58,4515.97,4516.21,0.24,441
2026.08.20 17:59,2026.08.20 10:59,4516.84,4517.06,0.22,403
2026.08.20 18:00,2026.08.20 11:00,4521.44,4521.67,0.23,448
2026.08.20 18:01,2026.08.20 11:01,4526.70,4526.93,0.23,580
2026.08.20 18:02,2026.08.20 11:02,4533.43,4533.66,0.23,784
2026.08.20 18:03,2026.08.20 11:03,4536.48,4536.70,0.22,712
2026.08.20 18:04,2026.08.20 11:04,4533.01,4533.25,0.24,632
2026.08.20 18:05,2026.08.20 11:05,4527.26,4527.50,0.24,726
2026.08.20 18:06,2026.08.20 11:06,4531.16,4531.38,0.22,770
2026.08.20 18:07,2026.08.20 11:07,4529.54,4529.78,0.24,623
2026.08.20 18:08,2026.08.20 11:08,4523.09,4523.32,0.23,645
2026.08.20 18:09,2026.08.20 11:09,4523.30,4523.53,0.23,550
2026.08.20 18:10,2026.08.20 11:10,4524.75,4524.97,0.22,653
2026.08.20 18:11,2026.08.20 11:11,4530.28,4530.52,0.24,627
2026.08.20 18:12,2026.08.20 11:12,4533.49,4533.73,0.24,717
2026.08.20 18:13,2026.08.20 11:13,4534.50,4534.91,0.41,733
2026.08.20 18:14,2026.08.20 11:14,4534.24,4534.47,0.23,730
2026.08.20 18:15,2026.08.20 11:15,4534.49,4534.72,0.23,660
2026.08.20 18:16,2026.08.20 11:16,4538.81,4539.03,0.22,654
2026.08.20 18:17,2026.08.20 11:17,4536.94,4537.17,0.23,597
2026.08.20 18:18,2026.08.20 11:18,4539.48,4539.70,0.22,612
2026.08.20 18:19,2026.08.20 11:19,4534.70,4534.93,0.23,550
2026.08.20 18:20,2026.08.20 11:20,4530.82,4531.06,0.24,595
2026.08.20 18:21,2026.08.20 11:21,4525.63,4525.86,0.23,593
2026.08.20 18:22,2026.08.20 11:22,4525.59,4525.81,0.22,597
2026.08.20 18:23,2026.08.20 11:23,4527.04,4527.28,0.24,475
2026.08.20 18:24,2026.08.20 11:24,4526.38,4526.61,0.23,518
2026.08.20 18:25,2026.08.20 11:25,4530.09,4530.32,0.23,448
2026.08.20 18:26,2026.08.20 11:26,4533.38,4533.60,0.22,460
2026.08.20 18:27,2026.08.20 11:27,4533.14,4533.36,0.22,494
2026.08.20 18:28,2026.08.20 11:28,4532.08,4532.32,0.24,465
2026.08.20 18:29,2026.08.20 11:29,4526.97,4527.20,0.23,478
2026.08.20 18:30,2026.08.20 11:30,4529.61,4529.84,0.23,560
2026.08.20 18:31,2026.08.20 11:31,4527.73,4527.97,0.24,437
2026.08.20 18:32,2026.08.20 11:32,4523.96,4524.19,0.23,439
2026.08.20 18:33,2026.08.20 11:33,4524.28,4524.51,0.23,455
2026.08.20 18:34,2026.08.20 11:34,4524.25,4524.48,0.23,438
2026.08.20 18:35,2026.08.20 11:35,4522.90,4523.14,0.24,433
2026.08.20 18:36,2026.08.20 11:36,4522.66,4522.90,0.24,489
2026.08.20 18:37,2026.08.20 11:37,4520.64,4520.86,0.22,417
2026.08.20 18:38,2026.08.20 11:38,4519.89,4520.12,0.23,408
2026.08.20 18:39,2026.08.20 11:39,4516.91,4517.15,0.24,469
2026.08.20 18:40,2026.08.20 11:40,4514.74,4514.97,0.23,433
2026.08.20 18:41,2026.08.20 11:41,4518.87,4519.10,0.23,442
2026.08.20 18:42,2026.08.20 11:42,4511.47,4511.71,0.24,463
2026.08.20 18:43,2026.08.20 11:43,4511.23,4511.46,0.23,472
2026.08.20 18:44,2026.08.20 11:44,4515.78,4516.00,0.22,432
2026.08.20 18:45,2026.08.20 11:45,4518.11,4518.35,0.24,435
2026.08.20 18:46,2026.08.20 11:46,4518.44,4518.66,0.22,425
2026.08.20 18:47,2026.08.20 11:47,4520.53,4520.75,0.22,393
2026.08.20 18:48,2026.08.20 11:48,4519.71,4519.94,0.23,381
2026.08.20 18:49,2026.08.20 11:49,4519.49,4519.72,0.23,398
2026.08.20 18:50,2026.08.20 11:50,4518.06,4518.28,0.22,412
2026.08.20 18:51,2026.08.20 11:51,4517.16,4517.38,0.22,408
2026.08.20 18:52,2026.08.20 11:52,4517.43,4517.67,0.24,438
2026.08.20 18:53,2026.08.20 11:53,4519.15,4519.38,0.23,390
2026.08.20 18:54,2026.08.20 11:54,4519.73,4519.96,0.23,387
2026.08.20 18:55,2026.08.20 11:55,4520.50,4520.74,0.24,387
2026.08.20 18:56,2026.08.20 11:56,4521.99,4522.22,0.23,350
2026.08.20 18:57,2026.08.20 11:57,4523.15,4523.39,0.24,383
2026.08.20 18:58,2026.08.20 11:58,4521.54,4521.77,0.23,356
2026.08.20 18:59,2026.08.20 11:59,4522.69,4522.92,0.23,372
2026.08.20 19:00,2026.08.20 12:00,4524.33,4524.56,0.23,444
2026.08.20 19:01,2026.08.20 12:01,4524.46,4524.68,0.22,381
2026.08.20 19:02,2026.08.20 12:02,4522.45,4522.68,0.23,400
2026.08.20 19:03,2026.08.20 12:03,4519.81,4520.04,0.23,403
2026.08.20 19:04,2026.08.20 12:04,4519.26,4519.48,0.22,379
2026.08.20 19:05,2026.08.20 12:05,4520.91,4521.14,0.23,396
2026.08.20 19:06,2026.08.20 12:06,4519.77,4519.99,0.22,371
2026.08.20 19:07,2026.08.20 12:07,4520.26,4520.50,0.24,351
2026.08.20 19:08,2026.08.20 12:08,4519.36,4519.59,0.23,299
2026.08.20 19:09,2026.08.20 12:09,4518.78,4519.02,0.24,327
2026.08.20 19:10,2026.08.20 12:10,4516.72,4516.95,0.23,317
2026.08.20 19:11,2026.08.20 12:11,4514.48,4514.71,0.23,372
2026.08.20 19:12,2026.08.20 12:12,4512.60,4512.83,0.23,320
2026.08.20 19:13,2026.08.20 12:13,4511.88,4512.11,0.23,330
2026.08.20 19:14,2026.08.20 12:14,4508.69,4508.92,0.23,382
2026.08.20 19:15,2026.08.20 12:15,4509.53,4509.76,0.23,424
2026.08.20 19:16,2026.08.20 12:16,4510.30,4510.54,0.24,380
2026.08.20 19:17,2026.08.20 12:17,4511.02,4511.25,0.23,341
2026.08.20 19:18,2026.08.20 12:18,4512.03,4512.26,0.23,314
2026.08.20 19:19,2026.08.20 12:19,4511.36,4511.59,0.23,299
2026.08.20 19:20,2026.08.20 12:20,4510.50,4510.72,0.22,351
2026.08.20 19:21,2026.08.20 12:21,4511.99,4512.21,0.22,302
2026.08.20 19:22,2026.08.20 12:22,4509.68,4509.91,0.23,417
2026.08.20 19:23,2026.08.20 12:23,4511.90,4512.14,0.24,371
2026.08.20 19:24,2026.08.20 12:24,4509.74,4509.97,0.23,318
2026.08.20 19:25,2026.08.20 12:25,4508.14,4508.38,0.24,353
2026.08.20 19:26,2026.08.20 12:26,4506.00,4506.23,0.23,378
2026.08.20 19:27,2026.08.20 12:27,4508.13,4508.37,0.24,359
2026.08.20 19:28,2026.08.20 12:28,4509.29,4509.53,0.24,350
2026.08.20 19:29,2026.08.20 12:29,4506.64,4506.87,0.23,319
2026.08.20 19:30,2026.08.20 12:30,4505.33,4505.55,0.22,403
2026.08.20 19:31,2026.08.20 12:31,4505.10,4505.34,0.24,409
2026.08.20 19:32,2026.08.20 12:32,4507.14,4507.37,0.23,403
2026.08.20 19:33,2026.08.20 12:33,4509.20,4509.43,0.23,319
2026.08.20 19:34,2026.08.20 12:34,4510.73,4510.96,0.23,392
2026.08.20 19:35,2026.08.20 12:35,4511.73,4511.96,0.23,342
2026.08.20 19:36,2026.08.20 12:36,4510.23,4510.46,0.23,466
2026.08.20 19:37,2026.08.20 12:37,4508.55,4508.77,0.22,346
2026.08.20 19:38,2026.08.20 12:38,4507.26,4507.49,0.23,342
2026.08.20 19:39,2026.08.20 12:39,4509.46,4509.68,0.22,348
2026.08.20 19:40,2026.08.20 12:40,4509.27,4509.51,0.24,355
2026.08.20 19:41,2026.08.20 12:41,4508.06,4508.29,0.23,300
2026.08.20 19:42,2026.08.20 12:42,4508.26,4508.49,0.23,307
2026.08.20 19:43,2026.08.20 12:43,4509.36,4509.60,0.24,336
2026.08.20 19:44,2026.08.20 12:44,4508.76,4509.00,0.24,291
2026.08.20 19:45,2026.08.20 12:45,4511.81,4512.04,0.23,282
2026.08.20 19:46,2026.08.20 12:46,4511.14,4511.37,0.23,318
2026.08.20 19:47,2026.08.20 12:47,4511.15,4511.37,0.22,269
2026.08.20 19:48,2026.08.20 12:48,4511.50,4511.73,0.23,284
2026.08.20 19:49,2026.08.20 12:49,4511.75,4511.97,0.22,264
2026.08.20 19:50,2026.08.20 12:50,4511.32,4511.55,0.23,344
2026.08.20 19:51,2026.08.20 12:51,4509.94,4510.17,0.23,313
2026.08.20 19:52,2026.08.20 12:52,4510.32,4510.55,0.23,249
2026.08.20 19:53,2026.08.20 12:53,4509.96,4510.20,0.24,273
2026.08.20 19:54,2026.08.20 12:54,4509.91,4510.15,0.24,243
2026.08.20 19:55,2026.08.20 12:55,4509.15,4509.38,0.23,318
2026.08.20 19:56,2026.08.20 12:56,4510.12,4510.36,0.24,294
2026.08.20 19:57,2026.08.20 12:57,4509.79,4510.03,0.24,357
2026.08.20 19:58,2026.08.20 12:58,4509.84,4510.07,0.23,272
2026.08.20 19:59,2026.08.20 12:59,4511.63,4511.86,0.23,279
2026.08.20 20:00,2026.08.20 13:00,4511.99,4512.21,0.22,276
2026.08.20 20:01,2026.08.20 13:01,4511.33,4511.56,0.23,250
2026.08.20 20:02,2026.08.20 13:02,4511.31,4511.55,0.24,334
2026.08.20 20:03,2026.08.20 13:03,4511.18,4511.41,0.23,243
2026.08.20 20:04,2026.08.20 13:04,4511.30,4511.54,0.24,232
2026.08.20 20:05,2026.08.20 13:05,4510.15,4510.37,0.22,231
2026.08.20 20:06,2026.08.20 13:06,4510.81,4511.04,0.23,255
2026.08.20 20:07,2026.08.20 13:07,4508.85,4509.08,0.23,245
2026.08.20 20:08,2026.08.20 13:08,4510.45,4510.69,0.24,304
2026.08.20 20:09,2026.08.20 13:09,4509.63,4509.85,0.22,230
2026.08.20 20:10,2026.08.20 13:10,4508.59,4508.81,0.22,237
2026.08.20 20:11,2026.08.20 13:11,4508.90,4509.14,0.24,274
2026.08.20 20:12,2026.08.20 13:12,4508.50,4508.74,0.24,228
2026.08.20 20:13,2026.08.20 13:13,4509.21,4509.44,0.23,231
2026.08.20 20:14,2026.08.20 13:14,4508.39,4508.62,0.23,310
2026.08.20 20:15,2026.08.20 13:15,4509.79,4510.02,0.23,282
2026.08.20 20:16,2026.08.20 13:16,4510.77,4510.99,0.22,375
2026.08.20 20:17,2026.08.20 13:17,4510.91,4511.14,0.23,301
2026.08.20 20:18,2026.08.20 13:18,4508.70,4508.93,0.23,307
2026.08.20 20:19,2026.08.20 13:19,4510.10,4510.33,0.23,267
2026.08.20 20:20,2026.08.20 13:20,4511.49,4511.72,0.23,312
2026.08.20 20:21,2026.08.20 13:21,4512.82,4513.04,0.22,288
2026.08.20 20:22,2026.08.20 13:22,4512.34,4512.57,0.23,349
2026.08.20 20:23,2026.08.20 13:23,4511.08,4511.32,0.24,237
2026.08.20 20:24,2026.08.20 13:24,4511.05,4511.29,0.24,341
2026.08.20 20:25,2026.08.20 13:25,4512.79,4513.03,0.24,299
2026.08.20 20:26,2026.08.20 13:26,4509.43,4509.67,0.24,288
2026.08.20 20:27,2026.08.20 13:27,4511.28,4511.50,0.22,317
2026.08.20 20:28,2026.08.20 13:28,4513.20,4513.42,0.22,218
2026.08.20 20:29,2026.08.20 13:29,4511.12,4511.34,0.22,444
2026.08.20 20:30,2026.08.20 13:30,4515.80,4516.03,0.23,340
2026.08.20 20:31,2026.08.20 13:31,4515.98,4516.21,0.23,297
2026.08.20 20:32,2026.08.20 13:32,4516.35,4516.58,0.23,299
2026.08.20 20:33,2026.08.20 13:33,4517.52,4517.75,0.23,293
2026.08.20 20:34,2026.08.20 13:34,4517.53,4517.77,0.24,367
2026.08.20 20:35,2026.08.20 13:35,4516.71,4516.93,0.22,313
2026.08.20 20:36,2026.08.20 13:36,4517.00,4517.23,0.23,231
2026.08.20 20:37,2026.08.20 13:37,4517.33,4517.56,0.23,262
2026.08.20 20:38,2026.08.20 13:38,4516.81,4517.05,0.24,231
2026.08.20 20:39,2026.08.20 13:39,4517.34,4517.57,0.23,241
2026.08.20 20:40,2026.08.20 13:40,4516.69,4516.91,0.22,237
2026.08.20 20:41,2026.08.20 13:41,4517.28,4517.51,0.23,228
2026.08.20 20:42,2026.08.20 13:42,4517.70,4517.94,0.24,260
2026.08.20 20:43,2026.08.20 13:43,4518.22,4518.44,0.22,230
2026.08.20 20:44,2026.08.20 13:44,4518.24,4518.46,0.22,251
2026.08.20 20:45,2026.08.20 13:45,4519.58,4519.81,0.23,278
2026.08.20 20:46,2026.08.20 13:46,4519.27,4519.50,0.23,292
2026.08.20 20:47,2026.08.20 13:47,4519.68,4519.91,0.23,258
2026.08.20 20:48,2026.08.20 13:48,4519.14,4519.35,0.21,257
2026.08.20 20:49,2026.08.20 13:49,4518.97,4519.21,0.24,301
2026.08.20 20:50,2026.08.20 13:50,4518.86,4519.08,0.22,283
2026.08.20 20:51,2026.08.20 13:51,4518.44,4518.67,0.23,242
2026.08.20 20:52,2026.08.20 13:52,4517.77,4517.99,0.22,236
2026.08.20 20:53,2026.08.20 13:53,4518.36,4518.59,0.23,251
2026.08.20 20:54,2026.08.20 13:54,4518.43,4518.67,0.24,227
2026.08.20 20:55,2026.08.20 13:55,4519.10,4519.32,0.22,266
2026.08.20 20:56,2026.08.20 13:56,4519.62,4519.85,0.23,268
2026.08.20 20:57,2026.08.20 13:57,4519.32,4519.55,0.23,256
2026.08.20 20:58,2026.08.20 13:58,4519.10,4519.33,0.23,247
2026.08.20 20:59,2026.08.20 13:59,4520.05,4520.29,0.24,252
2026.08.20 21:00,2026.08.20 14:00,4518.33,4518.55,0.22,292
2026.08.20 21:01,2026.08.20 14:01,4520.50,4520.74,0.24,353
2026.08.20 21:02,2026.08.20 14:02,4521.58,4521.82,0.24,305
2026.08.20 21:03,2026.08.20 14:03,4521.40,4521.62,0.22,316
2026.08.20 21:04,2026.08.20 14:04,4520.64,4520.88,0.24,275
2026.08.20 21:05,2026.08.20 14:05,4520.25,4520.49,0.24,302
2026.08.20 21:06,2026.08.20 14:06,4517.35,4517.56,0.21,264
2026.08.20 21:07,2026.08.20 14:07,4515.98,4516.22,0.24,433
2026.08.20 21:08,2026.08.20 14:08,4516.16,4516.39,0.23,372
2026.08.20 21:09,2026.08.20 14:09,4514.86,4515.08,0.22,271
2026.08.20 21:10,2026.08.20 14:10,4513.49,4513.72,0.23,375
2026.08.20 21:11,2026.08.20 14:11,4510.38,4510.62,0.24,368
2026.08.20 21:12,2026.08.20 14:12,4510.48,4510.70,0.22,400
2026.08.20 21:13,2026.08.20 14:13,4510.57,4510.79,0.22,336
2026.08.20 21:14,2026.08.20 14:14,4511.41,4511.64,0.23,343
2026.08.20 21:15,2026.08.20 14:15,4509.15,4509.38,0.23,354
2026.08.20 21:16,2026.08.20 14:16,4510.11,4510.34,0.23,380
2026.08.20 21:17,2026.08.20 14:17,4513.41,4513.64,0.23,290
2026.08.20 21:18,2026.08.20 14:18,4515.75,4515.97,0.22,331
2026.08.20 21:19,2026.08.20 14:19,4515.43,4515.66,0.23,385
2026.08.20 21:20,2026.08.20 14:20,4516.26,4516.49,0.23,307
2026.08.20 21:21,2026.08.20 14:21,4517.09,4517.33,0.24,258
2026.08.20 21:22,2026.08.20 14:22,4515.72,4515.94,0.22,284
2026.08.20 21:23,2026.08.20 14:23,4516.61,4516.85,0.24,283
2026.08.20 21:24,2026.08.20 14:24,4517.62,4517.85,0.23,189
2026.08.20 21:25,2026.08.20 14:25,4518.56,4518.78,0.22,283
2026.08.20 21:26,2026.08.20 14:26,4518.98,4519.20,0.22,272
2026.08.20 21:27,2026.08.20 14:27,4518.54,4518.78,0.24,299
2026.08.20 21:28,2026.08.20 14:28,4519.24,4519.46,0.22,271
2026.08.20 21:29,2026.08.20 14:29,4519.99,4520.21,0.22,273
2026.08.20 21:30,2026.08.20 14:30,4520.64,4520.86,0.22,356
2026.08.20 21:31,2026.08.20 14:31,4520.95,4521.17,0.22,285
2026.08.20 21:32,2026.08.20 14:32,4519.74,4519.97,0.23,276
2026.08.20 21:33,2026.08.20 14:33,4520.01,4520.24,0.23,232
2026.08.20 21:34,2026.08.20 14:34,4519.72,4519.96,0.24,205
2026.08.20 21:35,2026.08.20 14:35,4521.04,4521.27,0.23,306
2026.08.20 21:36,2026.08.20 14:36,4522.52,4522.75,0.23,309
2026.08.20 21:37,2026.08.20 14:37,4522.43,4522.67,0.24,358
2026.08.20 21:38,2026.08.20 14:38,4521.27,4521.49,0.22,298
2026.08.20 21:39,2026.08.20 14:39,4520.72,4520.95,0.23,283
2026.08.20 21:40,2026.08.20 14:40,4521.32,4521.54,0.22,244
2026.08.20 21:41,2026.08.20 14:41,4521.69,4521.92,0.23,184
2026.08.20 21:42,2026.08.20 14:42,4520.58,4520.81,0.23,241
2026.08.20 21:43,2026.08.20 14:43,4519.91,4520.13,0.22,257
2026.08.20 21:44,2026.08.20 14:44,4519.39,4519.62,0.23,284
2026.08.20 21:45,2026.08.20 14:45,4518.61,4518.83,0.22,299
2026.08.20 21:46,2026.08.20 14:46,4518.69,4518.92,0.23,236
2026.08.20 21:47,2026.08.20 14:47,4519.55,4519.78,0.23,258
2026.08.20 21:48,2026.08.20 14:48,4521.08,4521.30,0.22,271
2026.08.20 21:49,2026.08.20 14:49,4522.41,4522.64,0.23,287
2026.08.20 21:50,2026.08.20 14:50,4524.27,4524.49,0.22,277
2026.08.20 21:51,2026.08.20 14:51,4524.15,4524.38,0.23,299
2026.08.20 21:52,2026.08.20 14:52,4523.78,4524.02,0.24,251
2026.08.20 21:53,2026.08.20 14:53,4524.26,4524.49,0.23,238
2026.08.20 21:54,2026.08.20 14:54,4523.81,4524.04,0.23,258
2026.08.20 21:55,2026.08.20 14:55,4524.21,4524.43,0.22,305
2026.08.20 21:56,2026.08.20 14:56,4523.91,4524.15,0.24,256
2026.08.20 21:57,2026.08.20 14:57,4521.94,4522.16,0.22,241
2026.08.20 21:58,2026.08.20 14:58,4522.11,4522.33,0.22,278
2026.08.20 21:59,2026.08.20 14:59,4521.11,4521.34,0.23,343
2026.08.20 22:00,2026.08.20 15:00,4521.43,4521.66,0.23,395
2026.08.20 22:01,2026.08.20 15:01,4520.52,4520.76,0.24,271
2026.08.20 22:02,2026.08.20 15:02,4521.93,4522.16,0.23,239
2026.08.20 22:03,2026.08.20 15:03,4520.86,4521.09,0.23,236
2026.08.20 22:04,2026.08.20 15:04,4521.92,4522.16,0.24,254
2026.08.20 22:05,2026.08.20 15:05,4522.49,4522.72,0.23,226
2026.08.20 22:06,2026.08.20 15:06,4523.46,4523.69,0.23,262
2026.08.20 22:07,2026.08.20 15:07,4525.11,4525.33,0.22,245
2026.08.20 22:08,2026.08.20 15:08,4526.14,4526.38,0.24,233
2026.08.20 22:09,2026.08.20 15:09,4524.39,4524.62,0.23,305
2026.08.20 22:10,2026.08.20 15:10,4524.59,4524.81,0.22,310
2026.08.20 22:11,2026.08.20 15:11,4525.71,4525.92,0.21,215
2026.08.20 22:12,2026.08.20 15:12,4527.62,4527.86,0.24,285
2026.08.20 22:13,2026.08.20 15:13,4527.60,4527.84,0.24,324
2026.08.20 22:14,2026.08.20 15:14,4528.27,4528.50,0.23,319
2026.08.20 22:15,2026.08.20 15:15,4528.95,4529.18,0.23,286
2026.08.20 22:16,2026.08.20 15:16,4528.21,4528.44,0.23,290
2026.08.20 22:17,2026.08.20 15:17,4527.64,4527.86,0.22,222
2026.08.20 22:18,2026.08.20 15:18,4525.79,4526.02,0.23,216
2026.08.20 22:19,2026.08.20 15:19,4525.10,4525.33,0.23,293
2026.08.20 22:20,2026.08.20 15:20,4524.81,4525.03,0.22,283
2026.08.20 22:21,2026.08.20 15:21,4525.15,4525.38,0.23,281
2026.08.20 22:22,2026.08.20 15:22,4527.77,4528.00,0.23,295
2026.08.20 22:23,2026.08.20 15:23,4527.05,4527.27,0.22,293
2026.08.20 22:24,2026.08.20 15:24,4527.00,4527.23,0.23,240
2026.08.20 22:25,2026.08.20 15:25,4525.66,4525.89,0.23,233
2026.08.20 22:26,2026.08.20 15:26,4525.38,4525.61,0.23,225
2026.08.20 22:27,2026.08.20 15:27,4523.64,4523.87,0.23,228
2026.08.20 22:28,2026.08.20 15:28,4522.69,4522.91,0.22,288
2026.08.20 22:29,2026.08.20 15:29,4523.80,4524.03,0.23,247
2026.08.20 22:30,2026.08.20 15:30,4523.31,4523.54,0.23,309
2026.08.20 22:31,2026.08.20 15:31,4524.21,4524.44,0.23,256
2026.08.20 22:32,2026.08.20 15:32,4523.65,4523.88,0.23,232
2026.08.20 22:33,2026.08.20 15:33,4524.31,4524.54,0.23,204
2026.08.20 22:34,2026.08.20 15:34,4523.79,4524.01,0.22,237
2026.08.20 22:35,2026.08.20 15:35,4525.59,4525.82,0.23,250
2026.08.20 22:36,2026.08.20 15:36,4526.31,4526.53,0.22,295
2026.08.20 22:37,2026.08.20 15:37,4527.59,4527.81,0.22,323
2026.08.20 22:38,2026.08.20 15:38,4528.80,4529.02,0.22,385
2026.08.20 22:39,2026.08.20 15:39,4527.92,4528.15,0.23,254
2026.08.20 22:40,2026.08.20 15:40,4527.60,4527.86,0.26,261
2026.08.20 22:41,2026.08.20 15:41,4526.80,4527.05,0.25,203
2026.08.20 22:42,2026.08.20 15:42,4527.11,4527.35,0.24,270
2026.08.20 22:43,2026.08.20 15:43,4526.88,4527.13,0.25,235
2026.08.20 22:44,2026.08.20 15:44,4526.85,4527.09,0.24,246
2026.08.20 22:45,2026.08.20 15:45,4526.54,4526.79,0.25,300
2026.08.20 22:46,2026.08.20 15:46,4525.98,4526.21,0.23,244
2026.08.20 22:47,2026.08.20 15:47,4528.19,4528.44,0.25,280
2026.08.20 22:48,2026.08.20 15:48,4528.80,4529.04,0.24,342
2026.08.20 22:49,2026.08.20 15:49,4530.65,4530.90,0.25,283
2026.08.20 22:50,2026.08.20 15:50,4529.01,4529.27,0.26,403
2026.08.20 22:51,2026.08.20 15:51,4529.66,4529.91,0.25,319
2026.08.20 22:52,2026.08.20 15:52,4530.90,4531.15,0.25,321
2026.08.20 22:53,2026.08.20 15:53,4530.98,4531.22,0.24,269
2026.08.20 22:54,2026.08.20 15:54,4530.74,4530.99,0.25,360
2026.08.20 22:55,2026.08.20 15:55,4529.11,4529.35,0.24,332
2026.08.20 22:56,2026.08.20 15:56,4528.45,4528.71,0.26,305
2026.08.20 22:57,2026.08.20 15:57,4528.22,4528.46,0.24,331
2026.08.20 22:58,2026.08.20 15:58,4528.08,4528.32,0.24,281
2026.08.20 22:59,2026.08.20 15:59,4528.67,4528.91,0.24,400
2026.08.20 23:00,2026.08.20 16:00,4527.57,4527.82,0.25,242
2026.08.20 23:01,2026.08.20 16:01,4526.56,4526.80,0.24,126
2026.08.20 23:02,2026.08.20 16:02,4527.68,4527.92,0.24,166
2026.08.20 23:03,2026.08.20 16:03,4527.11,4527.35,0.24,112
2026.08.20 23:04,2026.08.20 16:04,4527.03,4527.28,0.25,103
2026.08.20 23:05,2026.08.20 16:05,4525.84,4526.09,0.25,136
2026.08.20 23:06,2026.08.20 16:06,4525.58,4525.84,0.26,132
2026.08.20 23:07,2026.08.20 16:07,4522.94,4523.19,0.25,111
2026.08.20 23:08,2026.08.20 16:08,4522.97,4523.23,0.26,231
2026.08.20 23:09,2026.08.20 16:09,4524.24,4524.49,0.25,194
2026.08.20 23:10,2026.08.20 16:10,4524.34,4524.58,0.24,140
2026.08.20 23:11,2026.08.20 16:11,4524.00,4524.25,0.25,93
2026.08.20 23:12,2026.08.20 16:12,4522.45,4522.70,0.25,114
2026.08.20 23:13,2026.08.20 16:13,4522.58,4522.83,0.25,222
2026.08.20 23:14,2026.08.20 16:14,4521.79,4522.05,0.26,119
2026.08.20 23:15,2026.08.20 16:15,4522.03,4522.28,0.25,148
2026.08.20 23:16,2026.08.20 16:16,4521.21,4521.46,0.25,67
2026.08.20 23:17,2026.08.20 16:17,4521.92,4522.18,0.26,212
2026.08.20 23:18,2026.08.20 16:18,4521.96,4522.20,0.24,113
2026.08.20 23:19,2026.08.20 16:19,4521.83,4522.09,0.26,70
2026.08.20 23:20,2026.08.20 16:20,4521.73,4521.98,0.25,53
2026.08.20 23:21,2026.08.20 16:21,4521.29,4521.54,0.25,42
2026.08.20 23:22,2026.08.20 16:22,4521.47,4521.72,0.25,108
2026.08.20 23:23,2026.08.20 16:23,4521.05,4521.31,0.26,157
2026.08.20 23:24,2026.08.20 16:24,4520.80,4521.06,0.26,87
2026.08.20 23:25,2026.08.20 16:25,4520.73,4520.98,0.25,113
2026.08.20 23:26,2026.08.20 16:26,4521.38,4521.63,0.25,59
2026.08.20 23:27,2026.08.20 16:27,4521.03,4521.27,0.24,130
2026.08.20 23:28,2026.08.20 16:28,4520.80,4521.05,0.25,108
2026.08.20 23:29,2026.08.20 16:29,4520.74,4520.98,0.24,93
2026.08.20 23:30,2026.08.20 16:30,4519.49,4519.75,0.26,172
2026.08.20 23:31,2026.08.20 16:31,4519.15,4519.39,0.24,198
2026.08.20 23:32,2026.08.20 16:32,4518.22,4518.47,0.25,92
2026.08.20 23:33,2026.08.20 16:33,4517.88,4518.13,0.25,186
2026.08.20 23:34,2026.08.20 16:34,4517.66,4517.91,0.25,255
2026.08.20 23:35,2026.08.20 16:35,4517.91,4518.17,0.26,165
2026.08.20 23:36,2026.08.20 16:36,4517.94,4518.19,0.25,79
2026.08.20 23:37,2026.08.20 16:37,4518.61,4518.84,0.23,70
2026.08.20 23:38,2026.08.20 16:38,4517.93,4518.18,0.25,168
2026.08.20 23:39,2026.08.20 16:39,4518.40,4518.63,0.23,86
2026.08.20 23:40,2026.08.20 16:40,4518.32,4518.57,0.25,75
2026.08.20 23:41,2026.08.20 16:41,4518.22,4518.46,0.24,55
2026.08.20 23:42,2026.08.20 16:42,4518.47,4518.72,0.25,55
2026.08.20 23:43,2026.08.20 16:43,4518.31,4518.55,0.24,81
2026.08.20 23:44,2026.08.20 16:44,4518.48,4518.73,0.25,65
2026.08.20 23:45,2026.08.20 16:45,4518.81,4519.05,0.24,98
2026.08.20 23:46,2026.08.20 16:46,4518.28,4518.52,0.24,61
2026.08.20 23:47,2026.08.20 16:47,4517.93,4518.17,0.24,79
2026.08.20 23:48,2026.08.20 16:48,4518.49,4518.73,0.24,52
2026.08.20 23:49,2026.08.20 16:49,4518.56,4518.81,0.25,49
2026.08.20 23:50,2026.08.20 16:50,4520.53,4520.77,0.24,89
2026.08.20 23:51,2026.08.20 16:51,4521.05,4521.29,0.24,90
2026.08.20 23:52,2026.08.20 16:52,4520.76,4521.00,0.24,119
2026.08.20 23:53,2026.08.20 16:53,4519.42,4519.66,0.24,65
2026.08.20 23:54,2026.08.20 16:54,4518.93,4519.19,0.26,201
2026.08.20 23:55,2026.08.20 16:55,4519.18,4519.43,0.25,200
2026.08.20 23:56,2026.08.20 16:56,4518.89,4519.13,0.24,140
2026.08.20 23:57,2026.08.20 16:57,4519.31,4519.57,0.26,91
2026.08.20 23:58,2026.08.20 16:58,4520.76,4521.01,0.25,112
2026.08.21 01:00,2026.08.20 18:00,4520.17,4520.43,0.26,162
2026.08.21 01:01,2026.08.20 18:01,4520.01,4520.26,0.25,105
2026.08.21 01:02,2026.08.20 18:02,4520.09,4520.33,0.24,35
2026.08.21 01:03,2026.08.20 18:03,4519.70,4519.95,0.25,58
2026.08.21 01:04,2026.08.20 18:04,4520.50,4520.75,0.25,99
2026.08.21 01:05,2026.08.20 18:05,4520.46,4520.71,0.25,73
2026.08.21 01:06,2026.08.20 18:06,4519.93,4520.17,0.24,97
2026.08.21 01:07,2026.08.20 18:07,4519.78,4520.03,0.25,90
2026.08.21 01:08,2026.08.20 18:08,4518.33,4518.59,0.26,35
2026.08.21 01:09,2026.08.20 18:09,4517.12,4517.38,0.26,94
2026.08.21 01:10,2026.08.20 18:10,4518.59,4518.83,0.24,76
2026.08.21 01:11,2026.08.20 18:11,4518.41,4518.64,0.23,114
2026.08.21 01:12,2026.08.20 18:12,4518.31,4518.55,0.24,69
2026.08.21 01:13,2026.08.20 18:13,4518.61,4518.85,0.24,70
2026.08.21 01:14,2026.08.20 18:14,4519.97,4520.20,0.23,79
2026.08.21 01:15,2026.08.20 18:15,4519.91,4520.14,0.23,92
2026.08.21 01:16,2026.08.20 18:16,4519.98,4520.24,0.26,72
2026.08.21 01:17,2026.08.20 18:17,4519.70,4519.94,0.24,70
2026.08.21 01:18,2026.08.20 18:18,4519.83,4520.09,0.26,100
2026.08.21 01:19,2026.08.20 18:19,4520.01,4520.25,0.24,89
2026.08.21 01:20,2026.08.20 18:20,4518.76,4519.00,0.24,80
2026.08.21 01:21,2026.08.20 18:21,4518.74,4518.98,0.24,85
2026.08.21 01:22,2026.08.20 18:22,4518.13,4518.39,0.26,81
2026.08.21 01:23,2026.08.20 18:23,4518.92,4519.16,0.24,45
2026.08.21 01:24,2026.08.20 18:24,4519.21,4519.46,0.25,72
2026.08.21 01:25,2026.08.20 18:25,4519.17,4519.42,0.25,107
2026.08.21 01:26,2026.08.20 18:26,4519.96,4520.21,0.25,76
2026.08.21 01:27,2026.08.20 18:27,4520.42,4520.66,0.24,156
2026.08.21 01:28,2026.08.20 18:28,4519.49,4519.73,0.24,149
2026.08.21 01:29,2026.08.20 18:29,4518.55,4518.79,0.24,89
2026.08.21 01:30,2026.08.20 18:30,4519.17,4519.40,0.23,136
2026.08.21 01:31,2026.08.20 18:31,4519.15,4519.38,0.23,88
2026.08.21 01:32,2026.08.20 18:32,4519.82,4520.05,0.23,89
2026.08.21 01:33,2026.08.20 18:33,4519.95,4520.18,0.23,78
2026.08.21 01:34,2026.08.20 18:34,4520.27,4520.50,0.23,73
2026.08.21 01:35,2026.08.20 18:35,4520.74,4520.96,0.22,74
2026.08.21 01:36,2026.08.20 18:36,4520.87,4521.09,0.22,113
2026.08.21 01:37,2026.08.20 18:37,4522.41,4522.63,0.22,88
2026.08.21 01:38,2026.08.20 18:38,4521.73,4521.96,0.23,122
2026.08.21 01:39,2026.08.20 18:39,4521.97,4522.20,0.23,77
2026.08.21 01:40,2026.08.20 18:40,4522.53,4522.77,0.24,145
2026.08.21 01:41,2026.08.20 18:41,4522.44,4522.66,0.22,154
2026.08.21 01:42,2026.08.20 18:42,4523.31,4523.55,0.24,96
2026.08.21 01:43,2026.08.20 18:43,4522.38,4522.59,0.21,125
2026.08.21 01:44,2026.08.20 18:44,4523.34,4523.57,0.23,150
2026.08.21 01:45,2026.08.20 18:45,4522.73,4522.96,0.23,108
2026.08.21 01:46,2026.08.20 18:46,4520.87,4521.11,0.24,161
2026.08.21 01:47,2026.08.20 18:47,4520.56,4520.79,0.23,124
2026.08.21 01:48,2026.08.20 18:48,4521.94,4522.18,0.24,117
2026.08.21 01:49,2026.08.20 18:49,4521.88,4522.11,0.23,136
2026.08.21 01:50,2026.08.20 18:50,4523.01,4523.23,0.22,82
2026.08.21 01:51,2026.08.20 18:51,4523.83,4524.05,0.22,105
2026.08.21 01:52,2026.08.20 18:52,4524.24,4524.47,0.23,168
2026.08.21 01:53,2026.08.20 18:53,4523.46,4523.70,0.24,108
2026.08.21 01:54,2026.08.20 18:54,4524.14,4524.38,0.24,87
2026.08.21 01:55,2026.08.20 18:55,4523.92,4524.16,0.24,96
2026.08.21 01:56,2026.08.20 18:56,4523.66,4523.89,0.23,136
2026.08.21 01:57,2026.08.20 18:57,4523.95,4524.19,0.24,67
2026.08.21 01:58,2026.08.20 18:58,4524.17,4524.41,0.24,88
2026.08.21 01:59,2026.08.20 18:59,4524.05,4524.29,0.24,116
2026.08.21 02:00,2026.08.20 19:00,4524.51,4524.75,0.24,120
2026.08.21 02:01,2026.08.20 19:01,4526.64,4526.88,0.24,116
2026.08.21 02:02,2026.08.20 19:02,4529.65,4529.89,0.24,207
2026.08.21 02:03,2026.08.20 19:03,4529.27,4529.49,0.22,294
2026.08.21 02:04,2026.08.20 19:04,4529.47,4529.70,0.23,196
2026.08.21 02:05,2026.08.20 19:05,4528.93,4529.17,0.24,99
2026.08.21 02:06,2026.08.20 19:06,4528.20,4528.42,0.22,197
2026.08.21 02:07,2026.08.20 19:07,4525.28,4525.51,0.23,173
2026.08.21 02:08,2026.08.20 19:08,4527.09,4527.32,0.23,151
2026.08.21 02:09,2026.08.20 19:09,4528.01,4528.24,0.23,211
2026.08.21 02:10,2026.08.20 19:10,4528.73,4528.96,0.23,139
2026.08.21 02:11,2026.08.20 19:11,4532.17,4532.40,0.23,173
2026.08.21 02:12,2026.08.20 19:12,4531.65,4531.88,0.23,290
2026.08.21 02:13,2026.08.20 19:13,4531.64,4531.87,0.23,222
2026.08.21 02:14,2026.08.20 19:14,4531.06,4531.28,0.22,175
2026.08.21 02:15,2026.08.20 19:15,4531.04,4531.26,0.22,179
2026.08.21 02:16,2026.08.20 19:16,4530.57,4530.81,0.24,181
2026.08.21 02:17,2026.08.20 19:17,4531.47,4531.70,0.23,182
2026.08.21 02:18,2026.08.20 19:18,4531.75,4531.98,0.23,135
2026.08.21 02:19,2026.08.20 19:19,4530.77,4531.00,0.23,118
2026.08.21 02:20,2026.08.20 19:20,4530.16,4530.40,0.24,99
2026.08.21 02:21,2026.08.20 19:21,4528.24,4528.47,0.23,104
2026.08.21 02:22,2026.08.20 19:22,4529.02,4529.25,0.23,117
2026.08.21 02:23,2026.08.20 19:23,4528.96,4529.20,0.24,169
2026.08.21 02:24,2026.08.20 19:24,4529.67,4529.90,0.23,130
2026.08.21 02:25,2026.08.20 19:25,4528.92,4529.16,0.24,142
2026.08.21 02:26,2026.08.20 19:26,4529.19,4529.42,0.23,270
2026.08.21 02:27,2026.08.20 19:27,4525.61,4525.84,0.23,151
2026.08.21 02:28,2026.08.20 19:28,4526.30,4526.53,0.23,217
2026.08.21 02:29,2026.08.20 19:29,4526.96,4527.18,0.22,218
2026.08.21 02:30,2026.08.20 19:30,4526.10,4526.33,0.23,190
2026.08.21 02:31,2026.08.20 19:31,4524.67,4524.91,0.24,155
2026.08.21 02:32,2026.08.20 19:32,4524.32,4524.55,0.23,190
2026.08.21 02:33,2026.08.20 19:33,4523.78,4524.01,0.23,144
2026.08.21 02:34,2026.08.20 19:34,4522.57,4522.80,0.23,159
2026.08.21 02:35,2026.08.20 19:35,4522.15,4522.37,0.22,190
2026.08.21 02:36,2026.08.20 19:36,4523.08,4523.30,0.22,381
2026.08.21 02:37,2026.08.20 19:37,4524.10,4524.33,0.23,301
2026.08.21 02:38,2026.08.20 19:38,4523.53,4523.76,0.23,224
2026.08.21 02:39,2026.08.20 19:39,4524.41,4524.64,0.23,228
2026.08.21 02:40,2026.08.20 19:40,4524.84,4525.07,0.23,158
2026.08.21 02:41,2026.08.20 19:41,4523.92,4524.15,0.23,147
2026.08.21 02:42,2026.08.20 19:42,4524.39,4524.62,0.23,129
2026.08.21 02:43,2026.08.20 19:43,4524.54,4524.76,0.22,131
2026.08.21 02:44,2026.08.20 19:44,4524.13,4524.35,0.22,104
2026.08.21 02:45,2026.08.20 19:45,4524.01,4524.25,0.24,131
2026.08.21 02:46,2026.08.20 19:46,4525.39,4525.61,0.22,157
2026.08.21 02:47,2026.08.20 19:47,4525.01,4525.23,0.22,128
2026.08.21 02:48,2026.08.20 19:48,4527.16,4527.38,0.22,95
2026.08.21 02:49,2026.08.20 19:49,4527.61,4527.84,0.23,179
2026.08.21 02:50,2026.08.20 19:50,4526.17,4526.40,0.23,233
2026.08.21 02:51,2026.08.20 19:51,4526.17,4526.40,0.23,253
2026.08.21 02:52,2026.08.20 19:52,4527.08,4527.31,0.23,213
2026.08.21 02:53,2026.08.20 19:53,4527.73,4527.97,0.24,207
2026.08.21 02:54,2026.08.20 19:54,4526.34,4526.57,0.23,214
2026.08.21 02:55,2026.08.20 19:55,4526.54,4526.77,0.23,228
2026.08.21 02:56,2026.08.20 19:56,4526.85,4527.08,0.23,185
2026.08.21 02:57,2026.08.20 19:57,4527.16,4527.40,0.24,203
2026.08.21 02:58,2026.08.20 19:58,4526.29,4526.52,0.23,254
2026.08.21 02:59,2026.08.20 19:59,4525.79,4526.02,0.23,210
2026.08.21 03:00,2026.08.20 20:00,4525.33,4525.55,0.22,332
2026.08.21 03:01,2026.08.20 20:01,4525.41,4525.63,0.22,283
2026.08.21 03:02,2026.08.20 20:02,4524.26,4524.49,0.23,311
2026.08.21 03:03,2026.08.20 20:03,4522.36,4522.60,0.24,324
2026.08.21 03:04,2026.08.20 20:04,4521.39,4521.62,0.23,270
2026.08.21 03:05,2026.08.20 20:05,4520.55,4520.78,0.23,263
2026.08.21 03:06,2026.08.20 20:06,4522.03,4522.25,0.22,314
2026.08.21 03:07,2026.08.20 20:07,4522.20,4522.44,0.24,280
2026.08.21 03:08,2026.08.20 20:08,4520.22,4520.45,0.23,307
2026.08.21 03:09,2026.08.20 20:09,4522.58,4522.81,0.23,330
2026.08.21 03:10,2026.08.20 20:10,4521.20,4521.43,0.23,267
2026.08.21 03:11,2026.08.20 20:11,4520.34,4520.57,0.23,269
2026.08.21 03:12,2026.08.20 20:12,4520.32,4520.56,0.24,427
2026.08.21 03:13,2026.08.20 20:13,4518.41,4518.64,0.23,407
2026.08.21 03:14,2026.08.20 20:14,4517.18,4517.40,0.22,296
2026.08.21 03:15,2026.08.20 20:15,4516.89,4517.12,0.23,302
2026.08.21 03:16,2026.08.20 20:16,4517.55,4517.77,0.22,306
2026.08.21 03:17,2026.08.20 20:17,4518.55,4518.79,0.24,378
2026.08.21 03:18,2026.08.20 20:18,4517.92,4518.15,0.23,245
2026.08.21 03:19,2026.08.20 20:19,4518.49,4518.73,0.24,319
2026.08.21 03:20,2026.08.20 20:20,4517.16,4517.40,0.24,337
2026.08.21 03:21,2026.08.20 20:21,4517.86,4518.09,0.23,280
2026.08.21 03:22,2026.08.20 20:22,4518.67,4518.89,0.22,239
2026.08.21 03:23,2026.08.20 20:23,4517.56,4517.79,0.23,222
2026.08.21 03:24,2026.08.20 20:24,4518.45,4518.69,0.24,242
2026.08.21 03:25,2026.08.20 20:25,4520.43,4520.66,0.23,312
2026.08.21 03:26,2026.08.20 20:26,4518.87,4519.11,0.24,231
2026.08.21 03:27,2026.08.20 20:27,4518.35,4518.58,0.23,242
2026.08.21 03:28,2026.08.20 20:28,4514.02,4514.25,0.23,262
2026.08.21 03:29,2026.08.20 20:29,4514.14,4514.38,0.24,384
2026.08.21 03:30,2026.08.20 20:30,4514.74,4514.97,0.23,269
2026.08.21 03:31,2026.08.20 20:31,4515.08,4515.31,0.23,267
2026.08.21 03:32,2026.08.20 20:32,4515.34,4515.56,0.22,209
2026.08.21 03:33,2026.08.20 20:33,4515.02,4515.26,0.24,215
2026.08.21 03:34,2026.08.20 20:34,4515.59,4515.83,0.24,295
2026.08.21 03:35,2026.08.20 20:35,4513.44,4513.68,0.24,303
2026.08.21 03:36,2026.08.20 20:36,4513.47,4513.69,0.22,360
2026.08.21 03:37,2026.08.20 20:37,4513.22,4513.46,0.24,225
2026.08.21 03:38,2026.08.20 20:38,4513.39,4513.62,0.23,338
2026.08.21 03:39,2026.08.20 20:39,4512.57,4512.79,0.22,207
2026.08.21 03:40,2026.08.20 20:40,4511.40,4511.63,0.23,256
2026.08.21 03:41,2026.08.20 20:41,4511.01,4511.24,0.23,231
2026.08.21 03:42,2026.08.20 20:42,4511.47,4511.71,0.24,163
2026.08.21 03:43,2026.08.20 20:43,4514.04,4514.27,0.23,247
2026.08.21 03:44,2026.08.20 20:44,4513.36,4513.60,0.24,239
2026.08.21 03:45,2026.08.20 20:45,4511.54,4511.76,0.22,249
2026.08.21 03:46,2026.08.20 20:46,4510.45,4510.69,0.24,229
2026.08.21 03:47,2026.08.20 20:47,4510.91,4511.12,0.21,278
2026.08.21 03:48,2026.08.20 20:48,4512.36,4512.59,0.23,247
2026.08.21 03:49,2026.08.20 20:49,4511.70,4511.93,0.23,221
2026.08.21 03:50,2026.08.20 20:50,4510.26,4510.50,0.24,178
2026.08.21 03:51,2026.08.20 20:51,4512.27,4512.50,0.23,218
2026.08.21 03:52,2026.08.20 20:52,4510.25,4510.49,0.24,213
2026.08.21 03:53,2026.08.20 20:53,4511.11,4511.34,0.23,306
2026.08.21 03:54,2026.08.20 20:54,4510.67,4510.91,0.24,277
2026.08.21 03:55,2026.08.20 20:55,4510.78,4511.02,0.24,302
2026.08.21 03:56,2026.08.20 20:56,4510.77,4510.99,0.22,225
2026.08.21 03:57,2026.08.20 20:57,4511.39,4511.62,0.23,208
2026.08.21 03:58,2026.08.20 20:58,4510.81,4511.05,0.24,214
2026.08.21 03:59,2026.08.20 20:59,4512.74,4512.97,0.23,312
2026.08.21 04:00,2026.08.20 21:00,4511.45,4511.68,0.23,600
2026.08.21 04:01,2026.08.20 21:01,4516.56,4516.79,0.23,518
2026.08.21 04:02,2026.08.20 21:02,4517.36,4517.60,0.24,503
2026.08.21 04:03,2026.08.20 21:03,4515.07,4515.29,0.22,493
2026.08.21 04:04,2026.08.20 21:04,4513.85,4514.08,0.23,459
2026.08.21 04:05,2026.08.20 21:05,4515.35,4515.58,0.23,458
2026.08.21 04:06,2026.08.20 21:06,4515.13,4515.37,0.24,482
2026.08.21 04:07,2026.08.20 21:07,4513.91,4514.14,0.23,453
2026.08.21 04:08,2026.08.20 21:08,4514.05,4514.28,0.23,466
2026.08.21 04:09,2026.08.20 21:09,4513.84,4514.08,0.24,536
2026.08.21 04:10,2026.08.20 21:10,4513.14,4513.37,0.23,403
2026.08.21 04:11,2026.08.20 21:11,4517.61,4517.83,0.22,365
2026.08.21 04:12,2026.08.20 21:12,4519.30,4519.53,0.23,453
2026.08.21 04:13,2026.08.20 21:13,4520.05,4520.28,0.23,409
2026.08.21 04:14,2026.08.20 21:14,4523.67,4523.90,0.23,362
2026.08.21 04:15,2026.08.20 21:15,4524.59,4524.82,0.23,431
2026.08.21 04:16,2026.08.20 21:16,4524.73,4524.96,0.23,360
2026.08.21 04:17,2026.08.20 21:17,4523.86,4524.09,0.23,355
2026.08.21 04:18,2026.08.20 21:18,4523.63,4523.87,0.24,314
2026.08.21 04:19,2026.08.20 21:19,4524.99,4525.21,0.22,307
2026.08.21 04:20,2026.08.20 21:20,4526.65,4526.89,0.24,411
2026.08.21 04:21,2026.08.20 21:21,4525.83,4526.05,0.22,406
2026.08.21 04:22,2026.08.20 21:22,4527.10,4527.33,0.23,307
2026.08.21 04:23,2026.08.20 21:23,4526.65,4526.87,0.22,303
2026.08.21 04:24,2026.08.20 21:24,4526.52,4526.74,0.22,379
2026.08.21 04:25,2026.08.20 21:25,4525.87,4526.11,0.24,315
2026.08.21 04:26,2026.08.20 21:26,4530.01,4530.24,0.23,342
2026.08.21 04:27,2026.08.20 21:27,4529.82,4530.05,0.23,366
2026.08.21 04:28,2026.08.20 21:28,4529.82,4530.05,0.23,327
2026.08.21 04:29,2026.08.20 21:29,4528.68,4528.91,0.23,336
2026.08.21 04:30,2026.08.20 21:30,4532.57,4532.80,0.23,394
2026.08.21 04:31,2026.08.20 21:31,4534.94,4535.18,0.24,421
2026.08.21 04:32,2026.08.20 21:32,4535.94,4536.18,0.24,336
2026.08.21 04:33,2026.08.20 21:33,4537.27,4537.51,0.24,368
2026.08.21 04:34,2026.08.20 21:34,4537.80,4538.03,0.23,357
2026.08.21 04:35,2026.08.20 21:35,4535.94,4536.17,0.23,430
2026.08.21 04:36,2026.08.20 21:36,4536.05,4536.28,0.23,486
2026.08.21 04:37,2026.08.20 21:37,4530.44,4530.67,0.23,384
2026.08.21 04:38,2026.08.20 21:38,4527.97,4528.20,0.23,361
2026.08.21 04:39,2026.08.20 21:39,4525.93,4526.16,0.23,294
2026.08.21 04:40,2026.08.20 21:40,4525.53,4525.77,0.24,340
2026.08.21 04:41,2026.08.20 21:41,4525.42,4525.64,0.22,323
2026.08.21 04:42,2026.08.20 21:42,4525.23,4525.46,0.23,269
2026.08.21 04:43,2026.08.20 21:43,4526.61,4526.84,0.23,285
2026.08.21 04:44,2026.08.20 21:44,4526.67,4526.90,0.23,246
2026.08.21 04:45,2026.08.20 21:45,4527.37,4527.60,0.23,242
2026.08.21 04:46,2026.08.20 21:46,4530.99,4531.23,0.24,244
2026.08.21 04:47,2026.08.20 21:47,4532.15,4532.38,0.23,292
2026.08.21 04:48,2026.08.20 21:48,4530.93,4531.16,0.23,237
2026.08.21 04:49,2026.08.20 21:49,4527.38,4527.60,0.22,245
2026.08.21 04:50,2026.08.20 21:50,4527.04,4527.26,0.22,343
2026.08.21 04:51,2026.08.20 21:51,4526.99,4527.21,0.22,308
2026.08.21 04:52,2026.08.20 21:52,4527.40,4527.62,0.22,317
2026.08.21 04:53,2026.08.20 21:53,4526.88,4527.11,0.23,273
2026.08.21 04:54,2026.08.20 21:54,4527.43,4527.66,0.23,264
2026.08.21 04:55,2026.08.20 21:55,4527.96,4528.20,0.24,304
2026.08.21 04:56,2026.08.20 21:56,4529.89,4530.11,0.22,297
2026.08.21 04:57,2026.08.20 21:57,4529.75,4529.98,0.23,308
2026.08.21 04:58,2026.08.20 21:58,4530.61,4530.85,0.24,281
2026.08.21 04:59,2026.08.20 21:59,4529.99,4530.22,0.23,305
2026.08.21 05:00,2026.08.20 22:00,4529.50,4529.73,0.23,345
2026.08.21 05:01,2026.08.20 22:01,4526.76,4526.98,0.22,312
2026.08.21 05:02,2026.08.20 22:02,4525.60,4525.83,0.23,310
2026.08.21 05:03,2026.08.20 22:03,4521.94,4522.17,0.23,324
2026.08.21 05:04,2026.08.20 22:04,4521.98,4522.21,0.23,296
2026.08.21 05:05,2026.08.20 22:05,4524.15,4524.37,0.22,368
2026.08.21 05:06,2026.08.20 22:06,4522.31,4522.55,0.24,338
2026.08.21 05:07,2026.08.20 22:07,4523.15,4523.39,0.24,308
2026.08.21 05:08,2026.08.20 22:08,4523.36,4523.60,0.24,290
2026.08.21 05:09,2026.08.20 22:09,4520.62,4520.86,0.24,252
2026.08.21 05:10,2026.08.20 22:10,4521.17,4521.41,0.24,287
2026.08.21 05:11,2026.08.20 22:11,4518.51,4518.74,0.23,272
2026.08.21 05:12,2026.08.20 22:12,4521.64,4521.86,0.22,320
2026.08.21 05:13,2026.08.20 22:13,4520.98,4521.21,0.23,279
2026.08.21 05:14,2026.08.20 22:14,4521.02,4521.25,0.23,279
2026.08.21 05:15,2026.08.20 22:15,4521.91,4522.14,0.23,219
2026.08.21 05:16,2026.08.20 22:16,4521.42,4521.65,0.23,220
2026.08.21 05:17,2026.08.20 22:17,4521.26,4521.50,0.24,206
2026.08.21 05:18,2026.08.20 22:18,4522.35,4522.58,0.23,163
2026.08.21 05:19,2026.08.20 22:19,4522.88,4523.12,0.24,103
2026.08.21 05:20,2026.08.20 22:20,4522.64,4522.88,0.24,131
2026.08.21 05:21,2026.08.20 22:21,4524.64,4524.87,0.23,143
2026.08.21 05:22,2026.08.20 22:22,4526.53,4526.75,0.22,195
2026.08.21 05:23,2026.08.20 22:23,4527.09,4527.32,0.23,256
2026.08.21 05:24,2026.08.20 22:24,4528.79,4529.01,0.22,202
2026.08.21 05:25,2026.08.20 22:25,4528.55,4528.77,0.22,239
2026.08.21 05:26,2026.08.20 22:26,4528.43,4528.66,0.23,165
2026.08.21 05:27,2026.08.20 22:27,4527.24,4527.47,0.23,191
2026.08.21 05:28,2026.08.20 22:28,4526.92,4527.15,0.23,203
2026.08.21 05:29,2026.08.20 22:29,4526.66,4526.89,0.23,188
2026.08.21 05:30,2026.08.20 22:30,4529.69,4529.91,0.22,406
2026.08.21 05:31,2026.08.20 22:31,4528.17,4528.40,0.23,343
2026.08.21 05:32,2026.08.20 22:32,4526.24,4526.47,0.23,336
2026.08.21 05:33,2026.08.20 22:33,4526.75,4526.98,0.23,270
2026.08.21 05:34,2026.08.20 22:34,4527.91,4528.15,0.24,306
2026.08.21 05:35,2026.08.20 22:35,4527.30,4527.53,0.23,348
2026.08.21 05:36,2026.08.20 22:36,4528.19,4528.42,0.23,252
2026.08.21 05:37,2026.08.20 22:37,4529.53,4529.77,0.24,282
2026.08.21 05:38,2026.08.20 22:38,4531.26,4531.49,0.23,254
2026.08.21 05:39,2026.08.20 22:39,4533.15,4533.39,0.24,249
2026.08.21 05:40,2026.08.20 22:40,4533.61,4533.84,0.23,272
2026.08.21 05:41,2026.08.20 22:41,4533.90,4534.12,0.22,289
2026.08.21 05:42,2026.08.20 22:42,4535.78,4536.00,0.22,218
2026.08.21 05:43,2026.08.20 22:43,4536.25,4536.48,0.23,236
2026.08.21 05:44,2026.08.20 22:44,4535.80,4536.04,0.24,256
2026.08.21 05:45,2026.08.20 22:45,4536.48,4536.71,0.23,319
2026.08.21 05:46,2026.08.20 22:46,4536.61,4536.84,0.23,233
2026.08.21 05:47,2026.08.20 22:47,4538.15,4538.38,0.23,235
2026.08.21 05:48,2026.08.20 22:48,4538.87,4539.11,0.24,276
2026.08.21 05:49,2026.08.20 22:49,4537.34,4537.56,0.22,254
2026.08.21 05:50,2026.08.20 22:50,4538.50,4538.73,0.23,259
2026.08.21 05:51,2026.08.20 22:51,4542.00,4542.21,0.21,264
2026.08.21 05:52,2026.08.20 22:52,4539.61,4539.84,0.23,354
2026.08.21 05:53,2026.08.20 22:53,4540.88,4541.11,0.23,263
2026.08.21 05:54,2026.08.20 22:54,4539.22,4539.44,0.22,271
2026.08.21 05:55,2026.08.20 22:55,4537.80,4538.03,0.23,304
2026.08.21 05:56,2026.08.20 22:56,4537.53,4537.77,0.24,257
2026.08.21 05:57,2026.08.20 22:57,4535.68,4535.92,0.24,194
2026.08.21 05:58,2026.08.20 22:58,4534.02,4534.25,0.23,242
2026.08.21 05:59,2026.08.20 22:59,4533.61,4533.83,0.22,267
2026.08.21 06:00,2026.08.20 23:00,4534.21,4534.44,0.23,304
2026.08.21 06:01,2026.08.20 23:01,4537.83,4538.07,0.24,224
2026.08.21 06:02,2026.08.20 23:02,4537.44,4537.66,0.22,236
2026.08.21 06:03,2026.08.20 23:03,4533.10,4533.34,0.24,246
2026.08.21 06:04,2026.08.20 23:04,4533.80,4534.03,0.23,256
2026.08.21 06:05,2026.08.20 23:05,4533.34,4533.57,0.23,176
2026.08.21 06:06,2026.08.20 23:06,4534.30,4534.54,0.24,252
2026.08.21 06:07,2026.08.20 23:07,4534.90,4535.12,0.22,227
2026.08.21 06:08,2026.08.20 23:08,4534.39,4534.63,0.24,200
2026.08.21 06:09,2026.08.20 23:09,4534.93,4535.16,0.23,217
2026.08.21 06:10,2026.08.20 23:10,4535.43,4535.65,0.22,201
2026.08.21 06:11,2026.08.20 23:11,4535.97,4536.20,0.23,204
2026.08.21 06:12,2026.08.20 23:12,4535.17,4535.40,0.23,156
2026.08.21 06:13,2026.08.20 23:13,4532.66,4532.90,0.24,254
2026.08.21 06:14,2026.08.20 23:14,4532.50,4532.72,0.22,272
2026.08.21 06:15,2026.08.20 23:15,4533.75,4533.97,0.22,232
2026.08.21 06:16,2026.08.20 23:16,4532.90,4533.14,0.24,187
2026.08.21 06:17,2026.08.20 23:17,4533.87,4534.11,0.24,190
2026.08.21 06:18,2026.08.20 23:18,4533.25,4533.48,0.23,219
2026.08.21 06:19,2026.08.20 23:19,4534.07,4534.31,0.24,185
2026.08.21 06:20,2026.08.20 23:20,4533.47,4533.69,0.22,198
2026.08.21 06:21,2026.08.20 23:21,4533.81,4534.04,0.23,157
2026.08.21 06:22,2026.08.20 23:22,4533.77,4534.01,0.24,178
2026.08.21 06:23,2026.08.20 23:23,4533.68,4533.91,0.23,163
2026.08.21 06:24,2026.08.20 23:24,4533.79,4534.01,0.22,243
2026.08.21 06:25,2026.08.20 23:25,4532.73,4532.96,0.23,205
2026.08.21 06:26,2026.08.20 23:26,4532.41,4532.64,0.23,215
2026.08.21 06:27,2026.08.20 23:27,4531.55,4531.78,0.23,225
2026.08.21 06:28,2026.08.20 23:28,4530.18,4530.41,0.23,234
2026.08.21 06:29,2026.08.20 23:29,4530.68,4530.92,0.24,254
2026.08.21 06:30,2026.08.20 23:30,4531.70,4531.94,0.24,222
2026.08.21 06:31,2026.08.20 23:31,4535.21,4535.45,0.24,234
2026.08.21 06:32,2026.08.20 23:32,4534.73,4534.96,0.23,198
2026.08.21 06:33,2026.08.20 23:33,4535.61,4535.85,0.24,191
2026.08.21 06:34,2026.08.20 23:34,4533.34,4533.56,0.22,154
2026.08.21 06:35,2026.08.20 23:35,4530.95,4531.18,0.23,198
2026.08.21 06:36,2026.08.20 23:36,4531.40,4531.63,0.23,208
2026.08.21 06:37,2026.08.20 23:37,4530.26,4530.50,0.24,164
2026.08.21 06:38,2026.08.20 23:38,4529.50,4529.72,0.22,230
2026.08.21 06:39,2026.08.20 23:39,4527.46,4527.68,0.22,202
2026.08.21 06:40,2026.08.20 23:40,4527.43,4527.66,0.23,264
2026.08.21 06:41,2026.08.20 23:41,4528.31,4528.53,0.22,249
2026.08.21 06:42,2026.08.20 23:42,4528.72,4528.95,0.23,159
2026.08.21 06:43,2026.08.20 23:43,4529.13,4529.36,0.23,169
2026.08.21 06:44,2026.08.20 23:44,4528.63,4528.86,0.23,141
2026.08.21 06:45,2026.08.20 23:45,4530.38,4530.61,0.23,143
2026.08.21 06:46,2026.08.20 23:46,4530.85,4531.07,0.22,161
2026.08.21 06:47,2026.08.20 23:47,4533.35,4533.57,0.22,173
2026.08.21 06:48,2026.08.20 23:48,4531.72,4531.94,0.22,208
2026.08.21 06:49,2026.08.20 23:49,4531.72,4531.95,0.23,152
2026.08.21 06:50,2026.08.20 23:50,4532.40,4532.63,0.23,188
2026.08.21 06:51,2026.08.20 23:51,4532.94,4533.17,0.23,136
2026.08.21 06:52,2026.08.20 23:52,4532.74,4532.98,0.24,157
2026.08.21 06:53,2026.08.20 23:53,4532.70,4532.93,0.23,140
2026.08.21 06:54,2026.08.20 23:54,4533.69,4533.93,0.24,108
2026.08.21 06:55,2026.08.20 23:55,4533.18,4533.42,0.24,146
2026.08.21 06:56,2026.08.20 23:56,4533.07,4533.29,0.22,124
2026.08.21 06:57,2026.08.20 23:57,4534.76,4535.00,0.24,182
2026.08.21 06:58,2026.08.20 23:58,4535.44,4535.67,0.23,165
2026.08.21 06:59,2026.08.20 23:59,4536.45,4536.67,0.22,183
2026.08.21 07:00,2026.08.21 00:00,4536.86,4537.09,0.23,186
2026.08.21 07:01,2026.08.21 00:01,4537.89,4538.10,0.21,194
2026.08.21 07:02,2026.08.21 00:02,4537.23,4537.47,0.24,163
2026.08.21 07:03,2026.08.21 00:03,4538.70,4538.93,0.23,178
2026.08.21 07:04,2026.08.21 00:04,4538.64,4538.88,0.24,157
2026.08.21 07:05,2026.08.21 00:05,4537.53,4537.76,0.23,130
2026.08.21 07:06,2026.08.21 00:06,4536.51,4536.75,0.24,198
2026.08.21 07:07,2026.08.21 00:07,4536.42,4536.64,0.22,190
2026.08.21 07:08,2026.08.21 00:08,4538.04,4538.28,0.24,124
2026.08.21 07:09,2026.08.21 00:09,4539.19,4539.41,0.22,176
2026.08.21 07:10,2026.08.21 00:10,4537.77,4538.00,0.23,194
2026.08.21 07:11,2026.08.21 00:11,4537.86,4538.09,0.23,196
2026.08.21 07:12,2026.08.21 00:12,4539.66,4539.90,0.24,110
2026.08.21 07:13,2026.08.21 00:13,4540.54,4540.78,0.24,146
2026.08.21 07:14,2026.08.21 00:14,4538.98,4539.20,0.22,250
2026.08.21 07:15,2026.08.21 00:15,4537.65,4537.88,0.23,237
2026.08.21 07:16,2026.08.21 00:16,4538.55,4538.77,0.22,184
2026.08.21 07:17,2026.08.21 00:17,4540.28,4540.51,0.23,160
2026.08.21 07:18,2026.08.21 00:18,4540.84,4541.08,0.24,193
2026.08.21 07:19,2026.08.21 00:19,4542.79,4543.03,0.24,127
2026.08.21 07:20,2026.08.21 00:20,4544.17,4544.40,0.23,213
2026.08.21 07:21,2026.08.21 00:21,4542.19,4542.41,0.22,288
2026.08.21 07:22,2026.08.21 00:22,4543.12,4543.35,0.23,220
2026.08.21 07:23,2026.08.21 00:23,4543.36,4543.59,0.23,210
2026.08.21 07:24,2026.08.21 00:24,4544.06,4544.29,0.23,157
2026.08.21 07:25,2026.08.21 00:25,4545.31,4545.54,0.23,161
2026.08.21 07:26,2026.08.21 00:26,4546.49,4546.73,0.24,167
2026.08.21 07:27,2026.08.21 00:27,4546.50,4546.73,0.23,216
2026.08.21 07:28,2026.08.21 00:28,4547.10,4547.32,0.22,217
2026.08.21 07:29,2026.08.21 00:29,4545.51,4545.74,0.23,146
2026.08.21 07:30,2026.08.21 00:30,4547.04,4547.27,0.23,216
2026.08.21 07:31,2026.08.21 00:31,4544.76,4544.98,0.22,210
2026.08.21 07:32,2026.08.21 00:32,4544.28,4544.51,0.23,202
2026.08.21 07:33,2026.08.21 00:33,4544.63,4544.85,0.22,199
2026.08.21 07:34,2026.08.21 00:34,4543.54,4543.78,0.24,154
2026.08.21 07:35,2026.08.21 00:35,4542.62,4542.85,0.23,129
2026.08.21 07:36,2026.08.21 00:36,4542.80,4543.03,0.23,152
2026.08.21 07:37,2026.08.21 00:37,4542.01,4542.24,0.23,151
2026.08.21 07:38,2026.08.21 00:38,4541.99,4542.21,0.22,154
2026.08.21 07:39,2026.08.21 00:39,4542.53,4542.75,0.22,120
2026.08.21 07:40,2026.08.21 00:40,4541.14,4541.37,0.23,152
2026.08.21 07:41,2026.08.21 00:41,4540.88,4541.11,0.23,148
2026.08.21 07:42,2026.08.21 00:42,4541.60,4541.83,0.23,172
2026.08.21 07:43,2026.08.21 00:43,4541.85,4542.07,0.22,157
2026.08.21 07:44,2026.08.21 00:44,4540.75,4540.98,0.23,144
2026.08.21 07:45,2026.08.21 00:45,4541.56,4541.79,0.23,149
2026.08.21 07:46,2026.08.21 00:46,4541.57,4541.80,0.23,169
2026.08.21 07:47,2026.08.21 00:47,4542.00,4542.22,0.22,115
2026.08.21 07:48,2026.08.21 00:48,4540.98,4541.20,0.22,126
2026.08.21 07:49,2026.08.21 00:49,4541.43,4541.66,0.23,151
2026.08.21 07:50,2026.08.21 00:50,4541.62,4541.85,0.23,157
2026.08.21 07:51,2026.08.21 00:51,4542.17,4542.40,0.23,112
2026.08.21 07:52,2026.08.21 00:52,4541.99,4542.22,0.23,172
2026.08.21 07:53,2026.08.21 00:53,4541.28,4541.51,0.23,135
2026.08.21 07:54,2026.08.21 00:54,4541.57,4541.81,0.24,123
2026.08.21 07:55,2026.08.21 00:55,4541.30,4541.53,0.23,143
2026.08.21 07:56,2026.08.21 00:56,4541.63,4541.87,0.24,132
2026.08.21 07:57,2026.08.21 00:57,4541.23,4541.47,0.24,142
2026.08.21 07:58,2026.08.21 00:58,4540.46,4540.70,0.24,134
2026.08.21 07:59,2026.08.21 00:59,4539.74,4539.97,0.23,150
2026.08.21 08:00,2026.08.21 01:00,4537.72,4537.94,0.22,210
2026.08.21 08:01,2026.08.21 01:01,4536.86,4537.09,0.23,174
2026.08.21 08:02,2026.08.21 01:02,4537.61,4537.84,0.23,259
2026.08.21 08:03,2026.08.21 01:03,4537.74,4537.97,0.23,157
2026.08.21 08:04,2026.08.21 01:04,4539.32,4539.54,0.22,164
2026.08.21 08:05,2026.08.21 01:05,4539.17,4539.40,0.23,231
2026.08.21 08:06,2026.08.21 01:06,4536.89,4537.11,0.22,114
2026.08.21 08:07,2026.08.21 01:07,4536.37,4536.60,0.23,154
2026.08.21 08:08,2026.08.21 01:08,4536.78,4537.00,0.22,197
2026.08.21 08:09,2026.08.21 01:09,4535.87,4536.09,0.22,148
2026.08.21 08:10,2026.08.21 01:10,4536.28,4536.51,0.23,215
2026.08.21 08:11,2026.08.21 01:11,4535.82,4536.05,0.23,166
2026.08.21 08:12,2026.08.21 01:12,4535.65,4535.88,0.23,138
2026.08.21 08:13,2026.08.21 01:13,4537.51,4537.73,0.22,165
2026.08.21 08:14,2026.08.21 01:14,4535.91,4536.14,0.23,168
2026.08.21 08:15,2026.08.21 01:15,4535.03,4535.25,0.22,184
2026.08.21 08:16,2026.08.21 01:16,4532.97,4533.21,0.24,160
2026.08.21 08:17,2026.08.21 01:17,4533.40,4533.64,0.24,336
2026.08.21 08:18,2026.08.21 01:18,4533.37,4533.60,0.23,238
2026.08.21 08:19,2026.08.21 01:19,4533.79,4534.02,0.23,154
2026.08.21 08:20,2026.08.21 01:20,4533.11,4533.35,0.24,167
2026.08.21 08:21,2026.08.21 01:21,4534.19,4534.41,0.22,125
2026.08.21 08:22,2026.08.21 01:22,4534.27,4534.49,0.22,175
2026.08.21 08:23,2026.08.21 01:23,4533.89,4534.12,0.23,134
2026.08.21 08:24,2026.08.21 01:24,4533.84,4534.08,0.24,136
2026.08.21 08:25,2026.08.21 01:25,4531.81,4532.05,0.24,196
2026.08.21 08:26,2026.08.21 01:26,4531.42,4531.64,0.22,167
2026.08.21 08:27,2026.08.21 01:27,4531.72,4531.94,0.22,216
2026.08.21 08:28,2026.08.21 01:28,4531.17,4531.39,0.22,201
2026.08.21 08:29,2026.08.21 01:29,4533.04,4533.26,0.22,144
2026.08.21 08:30,2026.08.21 01:30,4532.08,4532.31,0.23,412
2026.08.21 08:31,2026.08.21 01:31,4535.18,4535.40,0.22,312
2026.08.21 08:32,2026.08.21 01:32,4537.65,4537.88,0.23,268
2026.08.21 08:33,2026.08.21 01:33,4537.49,4537.72,0.23,339
2026.08.21 08:34,2026.08.21 01:34,4539.32,4539.54,0.22,319
2026.08.21 08:35,2026.08.21 01:35,4540.48,4540.72,0.24,320
2026.08.21 08:36,2026.08.21 01:36,4538.26,4538.50,0.24,217
2026.08.21 08:37,2026.08.21 01:37,4538.64,4538.87,0.23,278
2026.08.21 08:38,2026.08.21 01:38,4535.28,4535.50,0.22,218
2026.08.21 08:39,2026.08.21 01:39,4536.88,4537.12,0.24,277
2026.08.21 08:40,2026.08.21 01:40,4536.58,4536.82,0.24,255
2026.08.21 08:41,2026.08.21 01:41,4539.36,4539.59,0.23,228
2026.08.21 08:42,2026.08.21 01:42,4538.72,4538.96,0.24,228
2026.08.21 08:43,2026.08.21 01:43,4542.48,4542.70,0.22,223
2026.08.21 08:44,2026.08.21 01:44,4542.46,4542.69,0.23,264
2026.08.21 08:45,2026.08.21 01:45,4542.65,4542.89,0.24,239
2026.08.21 08:46,2026.08.21 01:46,4542.68,4542.92,0.24,210
2026.08.21 08:47,2026.08.21 01:47,4543.09,4543.32,0.23,245
2026.08.21 08:48,2026.08.21 01:48,4546.05,4546.29,0.24,211
2026.08.21 08:49,2026.08.21 01:49,4545.25,4545.48,0.23,246
2026.08.21 08:50,2026.08.21 01:50,4548.04,4548.27,0.23,303
2026.08.21 08:51,2026.08.21 01:51,4548.88,4549.10,0.22,351
2026.08.21 08:52,2026.08.21 01:52,4548.38,4548.62,0.24,290
2026.08.21 08:53,2026.08.21 01:53,4547.58,4547.81,0.23,254
2026.08.21 08:54,2026.08.21 01:54,4551.74,4551.96,0.22,263
2026.08.21 08:55,2026.08.21 01:55,4552.12,4552.36,0.24,377
2026.08.21 08:56,2026.08.21 01:56,4553.27,4553.51,0.24,315
2026.08.21 08:57,2026.08.21 01:57,4554.98,4555.21,0.23,273
2026.08.21 08:58,2026.08.21 01:58,4554.02,4554.24,0.22,320
2026.08.21 08:59,2026.08.21 01:59,4553.75,4553.99,0.24,282
2026.08.21 09:00,2026.08.21 02:00,4552.10,4552.33,0.23,363
2026.08.21 09:01,2026.08.21 02:01,4549.39,4549.62,0.23,360
2026.08.21 09:02,2026.08.21 02:02,4549.06,4549.28,0.22,370
2026.08.21 09:03,2026.08.21 02:03,4549.45,4549.68,0.23,342
2026.08.21 09:04,2026.08.21 02:04,4550.12,4550.35,0.23,246
2026.08.21 09:05,2026.08.21 02:05,4549.76,4550.00,0.24,302
2026.08.21 09:06,2026.08.21 02:06,4548.36,4548.58,0.22,252
2026.08.21 09:07,2026.08.21 02:07,4547.63,4547.87,0.24,273
2026.08.21 09:08,2026.08.21 02:08,4548.12,4548.35,0.23,323
2026.08.21 09:09,2026.08.21 02:09,4548.41,4548.63,0.22,228
2026.08.21 09:10,2026.08.21 02:10,4546.13,4546.35,0.22,248
2026.08.21 09:11,2026.08.21 02:11,4546.97,4547.19,0.22,299
2026.08.21 09:12,2026.08.21 02:12,4548.06,4548.30,0.24,312
2026.08.21 09:13,2026.08.21 02:13,4549.60,4549.83,0.23,429
2026.08.21 09:14,2026.08.21 02:14,4552.61,4552.84,0.23,350
2026.08.21 09:15,2026.08.21 02:15,4554.61,4554.83,0.22,338
2026.08.21 09:16,2026.08.21 02:16,4555.97,4556.19,0.22,361
2026.08.21 09:17,2026.08.21 02:17,4554.27,4554.50,0.23,353
2026.08.21 09:18,2026.08.21 02:18,4555.23,4555.46,0.23,293
2026.08.21 09:19,2026.08.21 02:19,4555.25,4555.48,0.23,287
2026.08.21 09:20,2026.08.21 02:20,4553.55,4553.78,0.23,307
2026.08.21 09:21,2026.08.21 02:21,4552.47,4552.70,0.23,346
2026.08.21 09:22,2026.08.21 02:22,4550.42,4550.65,0.23,296
2026.08.21 09:23,2026.08.21 02:23,4550.27,4550.50,0.23,305
2026.08.21 09:24,2026.08.21 02:24,4552.19,4552.41,0.22,289
2026.08.21 09:25,2026.08.21 02:25,4554.61,4554.83,0.22,242
2026.08.21 09:26,2026.08.21 02:26,4556.63,4556.86,0.23,274
2026.08.21 09:27,2026.08.21 02:27,4556.79,4557.02,0.23,289
2026.08.21 09:28,2026.08.21 02:28,4556.03,4556.27,0.24,295
2026.08.21 09:29,2026.08.21 02:29,4555.67,4555.90,0.23,250
2026.08.21 09:30,2026.08.21 02:30,4557.37,4557.60,0.23,247
2026.08.21 09:31,2026.08.21 02:31,4558.92,4559.15,0.23,221
2026.08.21 09:32,2026.08.21 02:32,4561.12,4561.35,0.23,365
2026.08.21 09:33,2026.08.21 02:33,4562.06,4562.28,0.22,427
2026.08.21 09:34,2026.08.21 02:34,4564.75,4564.98,0.23,462
2026.08.21 09:35,2026.08.21 02:35,4564.07,4564.31,0.24,427
2026.08.21 09:36,2026.08.21 02:36,4565.46,4565.69,0.23,265
2026.08.21 09:37,2026.08.21 02:37,4564.43,4564.67,0.24,279
2026.08.21 09:38,2026.08.21 02:38,4565.08,4565.32,0.24,234
2026.08.21 09:39,2026.08.21 02:39,4560.79,4561.00,0.21,221
2026.08.21 09:40,2026.08.21 02:40,4561.38,4561.61,0.23,350
2026.08.21 09:41,2026.08.21 02:41,4563.91,4564.15,0.24,339
2026.08.21 09:42,2026.08.21 02:42,4564.38,4564.61,0.23,281
2026.08.21 09:43,2026.08.21 02:43,4563.58,4563.82,0.24,266
2026.08.21 09:44,2026.08.21 02:44,4563.26,4563.49,0.23,238
2026.08.21 09:45,2026.08.21 02:45,4563.36,4563.58,0.22,325
2026.08.21 09:46,2026.08.21 02:46,4564.25,4564.48,0.23,232
2026.08.21 09:47,2026.08.21 02:47,4565.93,4566.17,0.24,203
2026.08.21 09:48,2026.08.21 02:48,4567.15,4567.38,0.23,221
2026.08.21 09:49,2026.08.21 02:49,4566.84,4567.07,0.23,348
2026.08.21 09:50,2026.08.21 02:50,4566.37,4566.59,0.22,295
2026.08.21 09:51,2026.08.21 02:51,4565.95,4566.18,0.23,249
2026.08.21 09:52,2026.08.21 02:52,4565.07,4565.30,0.23,228
2026.08.21 09:53,2026.08.21 02:53,4564.93,4565.15,0.22,225
2026.08.21 09:54,2026.08.21 02:54,4564.36,4564.60,0.24,218
2026.08.21 09:55,2026.08.21 02:55,4564.55,4564.77,0.22,216
2026.08.21 09:56,2026.08.21 02:56,4564.14,4564.37,0.23,284
2026.08.21 09:57,2026.08.21 02:57,4563.07,4563.30,0.23,183
2026.08.21 09:58,2026.08.21 02:58,4561.05,4561.28,0.23,229
2026.08.21 09:59,2026.08.21 02:59,4561.66,4561.90,0.24,342
2026.08.21 10:00,2026.08.21 03:00,4562.24,4562.47,0.23,316
2026.08.21 10:01,2026.08.21 03:01,4561.03,4561.27,0.24,235
2026.08.21 10:02,2026.08.21 03:02,4563.60,4563.83,0.23,215
2026.08.21 10:03,2026.08.21 03:03,4564.45,4564.67,0.22,266
2026.08.21 10:04,2026.08.21 03:04,4563.43,4563.65,0.22,263
2026.08.21 10:05,2026.08.21 03:05,4563.98,4564.20,0.22,269
2026.08.21 10:06,2026.08.21 03:06,4563.60,4563.83,0.23,191
2026.08.21 10:07,2026.08.21 03:07,4562.24,4562.46,0.22,219
2026.08.21 10:08,2026.08.21 03:08,4559.57,4559.79,0.22,229
2026.08.21 10:09,2026.08.21 03:09,4559.53,4559.76,0.23,256
2026.08.21 10:10,2026.08.21 03:10,4559.80,4560.03,0.23,252
2026.08.21 10:11,2026.08.21 03:11,4559.55,4559.77,0.22,191
2026.08.21 10:12,2026.08.21 03:12,4559.25,4559.47,0.22,222
2026.08.21 10:13,2026.08.21 03:13,4561.24,4561.48,0.24,237
2026.08.21 10:14,2026.08.21 03:14,4561.62,4561.85,0.23,177
2026.08.21 10:15,2026.08.21 03:15,4561.26,4561.50,0.24,220
2026.08.21 10:16,2026.08.21 03:16,4563.47,4563.70,0.23,207
2026.08.21 10:17,2026.08.21 03:17,4566.26,4566.49,0.23,225
2026.08.21 10:18,2026.08.21 03:18,4566.22,4566.45,0.23,250
2026.08.21 10:19,2026.08.21 03:19,4565.84,4566.07,0.23,220
2026.08.21 10:20,2026.08.21 03:20,4565.56,4565.79,0.23,205
2026.08.21 10:21,2026.08.21 03:21,4565.61,4565.84,0.23,258
2026.08.21 10:22,2026.08.21 03:22,4564.31,4564.53,0.22,239
2026.08.21 10:23,2026.08.21 03:23,4563.47,4563.70,0.23,238
2026.08.21 10:24,2026.08.21 03:24,4564.13,4564.36,0.23,210
2026.08.21 10:25,2026.08.21 03:25,4561.26,4561.48,0.22,215
2026.08.21 10:26,2026.08.21 03:26,4561.20,4561.42,0.22,250
2026.08.21 10:27,2026.08.21 03:27,4561.84,4562.07,0.23,175
2026.08.21 10:28,2026.08.21 03:28,4561.58,4561.81,0.23,167
2026.08.21 10:29,2026.08.21 03:29,4563.11,4563.34,0.23,190
2026.08.21 10:30,2026.08.21 03:30,4562.86,4563.10,0.24,271
2026.08.21 10:31,2026.08.21 03:31,4562.45,4562.68,0.23,270
2026.08.21 10:32,2026.08.21 03:32,4562.71,4562.94,0.23,217
2026.08.21 10:33,2026.08.21 03:33,4561.98,4562.20,0.22,211
2026.08.21 10:34,2026.08.21 03:34,4561.41,4561.63,0.22,186
2026.08.21 10:35,2026.08.21 03:35,4562.45,4562.67,0.22,192
2026.08.21 10:36,2026.08.21 03:36,4560.51,4560.74,0.23,268
2026.08.21 10:37,2026.08.21 03:37,4564.47,4564.70,0.23,197
2026.08.21 10:38,2026.08.21 03:38,4564.52,4564.75,0.23,240
2026.08.21 10:39,2026.08.21 03:39,4563.03,4563.26,0.23,210
2026.08.21 10:40,2026.08.21 03:40,4564.37,4564.59,0.22,217
2026.08.21 10:41,2026.08.21 03:41,4565.75,4565.99,0.24,220
2026.08.21 10:42,2026.08.21 03:42,4565.02,4565.25,0.23,229
2026.08.21 10:43,2026.08.21 03:43,4563.74,4563.97,0.23,249
2026.08.21 10:44,2026.08.21 03:44,4564.88,4565.11,0.23,261
2026.08.21 10:45,2026.08.21 03:45,4564.06,4564.30,0.24,200
2026.08.21 10:46,2026.08.21 03:46,4566.70,4566.93,0.23,210
2026.08.21 10:47,2026.08.21 03:47,4564.49,4564.72,0.23,267
2026.08.21 10:48,2026.08.21 03:48,4565.66,4565.89,0.23,291
2026.08.21 10:49,2026.08.21 03:49,4565.40,4565.63,0.23,311
2026.08.21 10:50,2026.08.21 03:50,4565.25,4565.49,0.24,270
2026.08.21 10:51,2026.08.21 03:51,4563.70,4563.93,0.23,208
2026.08.21 10:52,2026.08.21 03:52,4562.65,4562.88,0.23,235
2026.08.21 10:53,2026.08.21 03:53,4561.70,4561.92,0.22,181
2026.08.21 10:54,2026.08.21 03:54,4561.51,4561.74,0.23,211
2026.08.21 10:55,2026.08.21 03:55,4562.57,4562.80,0.23,211
2026.08.21 10:56,2026.08.21 03:56,4564.77,4565.00,0.23,251
2026.08.21 10:57,2026.08.21 03:57,4563.19,4563.43,0.24,232
2026.08.21 10:58,2026.08.21 03:58,4564.30,4564.52,0.22,202
2026.08.21 10:59,2026.08.21 03:59,4564.98,4565.21,0.23,190
2026.08.21 11:00,2026.08.21 04:00,4564.86,4565.10,0.24,325
2026.08.21 11:01,2026.08.21 04:01,4563.25,4563.48,0.23,277
2026.08.21 11:02,2026.08.21 04:02,4563.46,4563.70,0.24,236
2026.08.21 11:03,2026.08.21 04:03,4561.90,4562.14,0.24,214
2026.08.21 11:04,2026.08.21 04:04,4560.94,4561.18,0.24,216
2026.08.21 11:05,2026.08.21 04:05,4560.09,4560.32,0.23,232
2026.08.21 11:06,2026.08.21 04:06,4559.96,4560.19,0.23,373
2026.08.21 11:07,2026.08.21 04:07,4561.78,4562.02,0.24,280
2026.08.21 11:08,2026.08.21 04:08,4562.11,4562.33,0.22,260
2026.08.21 11:09,2026.08.21 04:09,4562.49,4562.73,0.24,281
2026.08.21 11:10,2026.08.21 04:10,4563.67,4563.91,0.24,216
2026.08.21 11:11,2026.08.21 04:11,4565.23,4565.45,0.22,226
2026.08.21 11:12,2026.08.21 04:12,4567.68,4567.91,0.23,263
2026.08.21 11:13,2026.08.21 04:13,4566.35,4566.58,0.23,264
2026.08.21 11:14,2026.08.21 04:14,4565.57,4565.80,0.23,276
2026.08.21 11:15,2026.08.21 04:15,4566.39,4566.63,0.24,332
2026.08.21 11:16,2026.08.21 04:16,4570.20,4570.43,0.23,244
2026.08.21 11:17,2026.08.21 04:17,4569.39,4569.62,0.23,295
2026.08.21 11:18,2026.08.21 04:18,4572.61,4572.84,0.23,257
2026.08.21 11:19,2026.08.21 04:19,4572.29,4572.51,0.22,330
2026.08.21 11:20,2026.08.21 04:20,4575.27,4575.51,0.24,310
2026.08.21 11:21,2026.08.21 04:21,4575.31,4575.54,0.23,301
2026.08.21 11:22,2026.08.21 04:22,4577.51,4577.74,0.23,273
2026.08.21 11:23,2026.08.21 04:23,4577.43,4577.67,0.24,302
2026.08.21 11:24,2026.08.21 04:24,4579.89,4580.13,0.24,294
2026.08.21 11:25,2026.08.21 04:25,4579.65,4579.87,0.22,384
2026.08.21 11:26,2026.08.21 04:26,4580.56,4580.78,0.22,351
2026.08.21 11:27,2026.08.21 04:27,4579.81,4580.04,0.23,293
2026.08.21 11:28,2026.08.21 04:28,4579.29,4579.52,0.23,351
2026.08.21 11:29,2026.08.21 04:29,4579.04,4579.27,0.23,293
2026.08.21 11:30,2026.08.21 04:30,4578.33,4578.56,0.23,334
2026.08.21 11:31,2026.08.21 04:31,4579.81,4580.03,0.22,291
2026.08.21 11:32,2026.08.21 04:32,4580.10,4580.34,0.24,311
2026.08.21 11:33,2026.08.21 04:33,4580.58,4580.81,0.23,300
2026.08.21 11:34,2026.08.21 04:34,4581.56,4581.79,0.23,289
2026.08.21 11:35,2026.08.21 04:35,4580.74,4580.97,0.23,284
2026.08.21 11:36,2026.08.21 04:36,4581.81,4582.03,0.22,291
2026.08.21 11:37,2026.08.21 04:37,4580.04,4580.28,0.24,256
2026.08.21 11:38,2026.08.21 04:38,4578.87,4579.09,0.22,306
2026.08.21 11:39,2026.08.21 04:39,4580.17,4580.40,0.23,373
2026.08.21 11:40,2026.08.21 04:40,4582.38,4582.61,0.23,252
2026.08.21 11:41,2026.08.21 04:41,4582.63,4582.86,0.23,229
2026.08.21 11:42,2026.08.21 04:42,4582.37,4582.61,0.24,257
2026.08.21 11:43,2026.08.21 04:43,4582.83,4583.07,0.24,261
2026.08.21 11:44,2026.08.21 04:44,4581.01,4581.23,0.22,268
2026.08.21 11:45,2026.08.21 04:45,4582.54,4582.78,0.24,241
2026.08.21 11:46,2026.08.21 04:46,4583.16,4583.40,0.24,201
2026.08.21 11:47,2026.08.21 04:47,4582.63,4582.87,0.24,206
2026.08.21 11:48,2026.08.21 04:48,4581.55,4581.79,0.24,255
2026.08.21 11:49,2026.08.21 04:49,4581.24,4581.47,0.23,242
2026.08.21 11:50,2026.08.21 04:50,4581.79,4582.02,0.23,249
2026.08.21 11:51,2026.08.21 04:51,4581.30,4581.52,0.22,314
2026.08.21 11:52,2026.08.21 04:52,4581.33,4581.56,0.23,206
2026.08.21 11:53,2026.08.21 04:53,4581.30,4581.52,0.22,215
2026.08.21 11:54,2026.08.21 04:54,4580.92,4581.14,0.22,202
2026.08.21 11:55,2026.08.21 04:55,4580.68,4580.91,0.23,216
2026.08.21 11:56,2026.08.21 04:56,4581.81,4582.04,0.23,207
2026.08.21 11:57,2026.08.21 04:57,4582.53,4582.75,0.22,202
2026.08.21 11:58,2026.08.21 04:58,4584.80,4585.02,0.22,236
2026.08.21 11:59,2026.08.21 04:59,4583.64,4583.87,0.23,295
2026.08.21 12:00,2026.08.21 05:00,4585.34,4585.57,0.23,314
2026.08.21 12:01,2026.08.21 05:01,4583.67,4583.89,0.22,236
2026.08.21 12:02,2026.08.21 05:02,4582.22,4582.44,0.22,248
2026.08.21 12:03,2026.08.21 05:03,4585.63,4585.86,0.23,295
2026.08.21 12:04,2026.08.21 05:04,4585.46,4585.69,0.23,259
2026.08.21 12:05,2026.08.21 05:05,4587.68,4587.90,0.22,271
2026.08.21 12:06,2026.08.21 05:06,4588.99,4589.23,0.24,305
2026.08.21 12:07,2026.08.21 05:07,4591.22,4591.46,0.24,367
2026.08.21 12:08,2026.08.21 05:08,4596.02,4596.25,0.23,374
2026.08.21 12:09,2026.08.21 05:09,4596.36,4596.60,0.24,445
2026.08.21 12:10,2026.08.21 05:10,4596.29,4596.52,0.23,362
2026.08.21 12:11,2026.08.21 05:11,4596.27,4596.51,0.24,292
2026.08.21 12:12,2026.08.21 05:12,4599.95,4600.19,0.24,355
2026.08.21 12:13,2026.08.21 05:13,4599.03,4599.25,0.22,418
2026.08.21 12:14,2026.08.21 05:14,4599.86,4600.12,0.26,284
2026.08.21 12:15,2026.08.21 05:15,4600.21,4600.41,0.20,258
2026.08.21 12:16,2026.08.21 05:16,4601.09,4601.31,0.22,255
2026.08.21 12:17,2026.08.21 05:17,4596.74,4596.99,0.25,225
2026.08.21 12:18,2026.08.21 05:18,4593.10,4593.38,0.28,305
2026.08.21 12:19,2026.08.21 05:19,4591.85,4592.11,0.26,300
2026.08.21 12:20,2026.08.21 05:20,4588.67,4588.88,0.21,313
2026.08.21 12:21,2026.08.21 05:21,4588.52,4588.75,0.23,313
2026.08.21 12:22,2026.08.21 05:22,4586.69,4586.94,0.25,257
2026.08.21 12:23,2026.08.21 05:23,4586.14,4586.38,0.24,315
2026.08.21 12:24,2026.08.21 05:24,4587.14,4587.33,0.19,258
2026.08.21 12:25,2026.08.21 05:25,4586.23,4586.47,0.24,256
2026.08.21 12:26,2026.08.21 05:26,4584.64,4584.91,0.27,252
2026.08.21 12:27,2026.08.21 05:27,4581.92,4582.17,0.25,233
2026.08.21 12:28,2026.08.21 05:28,4582.27,4582.51,0.24,268
2026.08.21 12:29,2026.08.21 05:29,4582.74,4582.98,0.24,212
2026.08.21 12:30,2026.08.21 05:30,4584.21,4584.43,0.22,349
2026.08.21 12:31,2026.08.21 05:31,4584.10,4584.32,0.22,271
2026.08.21 12:32,2026.08.21 05:32,4582.52,4582.76,0.24,250
2026.08.21 12:33,2026.08.21 05:33,4583.24,4583.46,0.22,245
2026.08.21 12:34,2026.08.21 05:34,4582.46,4582.68,0.22,180
2026.08.21 12:35,2026.08.21 05:35,4583.17,4583.41,0.24,272
2026.08.21 12:36,2026.08.21 05:36,4584.39,4584.61,0.22,189
2026.08.21 12:37,2026.08.21 05:37,4584.10,4584.33,0.23,225
2026.08.21 12:38,2026.08.21 05:38,4584.73,4584.96,0.23,197
2026.08.21 12:39,2026.08.21 05:39,4584.89,4585.13,0.24,220
2026.08.21 12:40,2026.08.21 05:40,4586.53,4586.76,0.23,252
2026.08.21 12:41,2026.08.21 05:41,4583.52,4583.75,0.23,199
2026.08.21 12:42,2026.08.21 05:42,4583.86,4584.09,0.23,209
2026.08.21 12:43,2026.08.21 05:43,4582.54,4582.78,0.24,183
2026.08.21 12:44,2026.08.21 05:44,4582.30,4582.54,0.24,227
2026.08.21 12:45,2026.08.21 05:45,4581.70,4581.94,0.24,189
2026.08.21 12:46,2026.08.21 05:46,4583.56,4583.78,0.22,176
2026.08.21 12:47,2026.08.21 05:47,4581.72,4581.95,0.23,198
2026.08.21 12:48,2026.08.21 05:48,4580.98,4581.22,0.24,194
2026.08.21 12:49,2026.08.21 05:49,4581.35,4581.58,0.23,230
2026.08.21 12:50,2026.08.21 05:50,4581.07,4581.31,0.24,274
2026.08.21 12:51,2026.08.21 05:51,4581.28,4581.52,0.24,274
2026.08.21 12:52,2026.08.21 05:52,4582.32,4582.54,0.22,273
2026.08.21 12:53,2026.08.21 05:53,4584.02,4584.24,0.22,253
2026.08.21 12:54,2026.08.21 05:54,4585.11,4585.35,0.24,226
2026.08.21 12:55,2026.08.21 05:55,4584.78,4585.02,0.24,254
2026.08.21 12:56,2026.08.21 05:56,4584.32,4584.54,0.22,179
2026.08.21 12:57,2026.08.21 05:57,4582.20,4582.42,0.22,204
2026.08.21 12:58,2026.08.21 05:58,4582.44,4582.67,0.23,250
2026.08.21 12:59,2026.08.21 05:59,4582.78,4583.01,0.23,262
2026.08.21 13:00,2026.08.21 06:00,4586.07,4586.30,0.23,280
2026.08.21 13:01,2026.08.21 06:01,4587.41,4587.64,0.23,257
2026.08.21 13:02,2026.08.21 06:02,4587.07,4587.30,0.23,330
2026.08.21 13:03,2026.08.21 06:03,4585.65,4585.89,0.24,230
2026.08.21 13:04,2026.08.21 06:04,4583.62,4583.86,0.24,222
2026.08.21 13:05,2026.08.21 06:05,4584.84,4585.06,0.22,292
2026.08.21 13:06,2026.08.21 06:06,4583.70,4583.93,0.23,210
2026.08.21 13:07,2026.08.21 06:07,4583.22,4583.44,0.22,252
2026.08.21 13:08,2026.08.21 06:08,4583.24,4583.47,0.23,227
2026.08.21 13:09,2026.08.21 06:09,4583.14,4583.37,0.23,271
2026.08.21 13:10,2026.08.21 06:10,4580.21,4580.43,0.22,277
2026.08.21 13:11,2026.08.21 06:11,4580.09,4580.33,0.24,297
2026.08.21 13:12,2026.08.21 06:12,4578.26,4578.49,0.23,314
2026.08.21 13:13,2026.08.21 06:13,4579.43,4579.66,0.23,294
2026.08.21 13:14,2026.08.21 06:14,4580.46,4580.70,0.24,258
2026.08.21 13:15,2026.08.21 06:15,4582.06,4582.28,0.22,281
2026.08.21 13:16,2026.08.21 06:16,4583.46,4583.69,0.23,238
2026.08.21 13:17,2026.08.21 06:17,4586.89,4587.12,0.23,295
2026.08.21 13:18,2026.08.21 06:18,4584.36,4584.59,0.23,249
2026.08.21 13:19,2026.08.21 06:19,4585.79,4586.02,0.23,236
2026.08.21 13:20,2026.08.21 06:20,4583.62,4583.85,0.23,239
2026.08.21 13:21,2026.08.21 06:21,4584.53,4584.76,0.23,244
2026.08.21 13:22,2026.08.21 06:22,4585.37,4585.60,0.23,192
2026.08.21 13:23,2026.08.21 06:23,4585.95,4586.18,0.23,145
2026.08.21 13:24,2026.08.21 06:24,4586.45,4586.69,0.24,236
2026.08.21 13:25,2026.08.21 06:25,4587.72,4587.95,0.23,184
2026.08.21 13:26,2026.08.21 06:26,4587.50,4587.72,0.22,274
2026.08.21 13:27,2026.08.21 06:27,4587.77,4587.99,0.22,288
2026.08.21 13:28,2026.08.21 06:28,4588.29,4588.53,0.24,257
2026.08.21 13:29,2026.08.21 06:29,4587.31,4587.54,0.23,206
2026.08.21 13:30,2026.08.21 06:30,4586.65,4586.87,0.22,237
2026.08.21 13:31,2026.08.21 06:31,4587.37,4587.60,0.23,237
2026.08.21 13:32,2026.08.21 06:32,4588.66,4588.89,0.23,185
2026.08.21 13:33,2026.08.21 06:33,4590.42,4590.66,0.24,175
2026.08.21 13:34,2026.08.21 06:34,4590.18,4590.41,0.23,304
2026.08.21 13:35,2026.08.21 06:35,4590.51,4590.74,0.23,273
2026.08.21 13:36,2026.08.21 06:36,4592.40,4592.63,0.23,242
2026.08.21 13:37,2026.08.21 06:37,4592.22,4592.45,0.23,282
2026.08.21 13:38,2026.08.21 06:38,4593.05,4593.27,0.22,189
2026.08.21 13:39,2026.08.21 06:39,4592.57,4592.80,0.23,174
2026.08.21 13:40,2026.08.21 06:40,4592.69,4592.92,0.23,226
2026.08.21 13:41,2026.08.21 06:41,4592.46,4592.70,0.24,194
2026.08.21 13:42,2026.08.21 06:42,4593.93,4594.16,0.23,185
2026.08.21 13:43,2026.08.21 06:43,4592.79,4593.01,0.22,136
2026.08.21 13:44,2026.08.21 06:44,4592.98,4593.21,0.23,173
2026.08.21 13:45,2026.08.21 06:45,4591.63,4591.85,0.22,204
2026.08.21 13:46,2026.08.21 06:46,4591.32,4591.55,0.23,219
2026.08.21 13:47,2026.08.21 06:47,4591.03,4591.26,0.23,201
2026.08.21 13:48,2026.08.21 06:48,4590.60,4590.83,0.23,161
2026.08.21 13:49,2026.08.21 06:49,4590.24,4590.47,0.23,254
2026.08.21 13:50,2026.08.21 06:50,4590.48,4590.70,0.22,216
2026.08.21 13:51,2026.08.21 06:51,4588.40,4588.62,0.22,202
2026.08.21 13:52,2026.08.21 06:52,4591.81,4592.04,0.23,254
2026.08.21 13:53,2026.08.21 06:53,4590.49,4590.73,0.24,272
2026.08.21 13:54,2026.08.21 06:54,4590.16,4590.40,0.24,260
2026.08.21 13:55,2026.08.21 06:55,4588.63,4588.86,0.23,207
2026.08.21 13:56,2026.08.21 06:56,4588.46,4588.70,0.24,273
2026.08.21 13:57,2026.08.21 06:57,4588.13,4588.36,0.23,233
2026.08.21 13:58,2026.08.21 06:58,4588.27,4588.51,0.24,230
2026.08.21 13:59,2026.08.21 06:59,4588.35,4588.58,0.23,249
2026.08.21 14:00,2026.08.21 07:00,4588.67,4588.90,0.23,359
2026.08.21 14:01,2026.08.21 07:01,4591.16,4591.39,0.23,307
2026.08.21 14:02,2026.08.21 07:02,4594.69,4594.93,0.24,263
2026.08.21 14:03,2026.08.21 07:03,4593.62,4593.85,0.23,288
2026.08.21 14:04,2026.08.21 07:04,4594.70,4594.94,0.24,222
2026.08.21 14:05,2026.08.21 07:05,4593.28,4593.52,0.24,288
2026.08.21 14:06,2026.08.21 07:06,4592.82,4593.04,0.22,273
2026.08.21 14:07,2026.08.21 07:07,4592.20,4592.42,0.22,223
2026.08.21 14:08,2026.08.21 07:08,4592.19,4592.42,0.23,281
2026.08.21 14:09,2026.08.21 07:09,4592.66,4592.89,0.23,228
2026.08.21 14:10,2026.08.21 07:10,4592.08,4592.30,0.22,217
2026.08.21 14:11,2026.08.21 07:11,4588.71,4588.94,0.23,221
2026.08.21 14:12,2026.08.21 07:12,4588.81,4589.05,0.24,238
2026.08.21 14:13,2026.08.21 07:13,4590.59,4590.82,0.23,221
2026.08.21 14:14,2026.08.21 07:14,4592.34,4592.58,0.24,273
2026.08.21 14:15,2026.08.21 07:15,4591.72,4591.95,0.23,276
2026.08.21 14:16,2026.08.21 07:16,4593.61,4593.85,0.24,230
2026.08.21 14:17,2026.08.21 07:17,4597.58,4597.80,0.22,290
2026.08.21 14:18,2026.08.21 07:18,4596.19,4596.41,0.22,304
2026.08.21 14:19,2026.08.21 07:19,4596.98,4597.22,0.24,230
2026.08.21 14:20,2026.08.21 07:20,4598.63,4598.86,0.23,234
2026.08.21 14:21,2026.08.21 07:21,4598.65,4598.87,0.22,301
2026.08.21 14:22,2026.08.21 07:22,4596.38,4596.62,0.24,448
2026.08.21 14:23,2026.08.21 07:23,4597.44,4597.68,0.24,306
2026.08.21 14:24,2026.08.21 07:24,4599.52,4599.75,0.23,444
2026.08.21 14:25,2026.08.21 07:25,4597.61,4597.85,0.24,413
2026.08.21 14:26,2026.08.21 07:26,4596.35,4596.58,0.23,359
2026.08.21 14:27,2026.08.21 07:27,4597.16,4597.39,0.23,307
2026.08.21 14:28,2026.08.21 07:28,4598.54,4598.78,0.24,272
2026.08.21 14:29,2026.08.21 07:29,4597.19,4597.42,0.23,315
2026.08.21 14:30,2026.08.21 07:30,4596.85,4597.09,0.24,309
2026.08.21 14:31,2026.08.21 07:31,4593.73,4593.97,0.24,310
2026.08.21 14:32,2026.08.21 07:32,4595.17,4595.39,0.22,364
2026.08.21 14:33,2026.08.21 07:33,4595.07,4595.29,0.22,330
2026.08.21 14:34,2026.08.21 07:34,4597.05,4597.28,0.23,320
2026.08.21 14:35,2026.08.21 07:35,4601.81,4602.04,0.23,292
2026.08.21 14:36,2026.08.21 07:36,4603.70,4603.94,0.24,394
2026.08.21 14:37,2026.08.21 07:37,4600.60,4600.84,0.24,360
2026.08.21 14:38,2026.08.21 07:38,4596.92,4597.15,0.23,378
2026.08.21 14:39,2026.08.21 07:39,4596.18,4596.41,0.23,343
2026.08.21 14:40,2026.08.21 07:40,4594.71,4594.93,0.22,336
2026.08.21 14:41,2026.08.21 07:41,4594.14,4594.36,0.22,338
2026.08.21 14:42,2026.08.21 07:42,4594.63,4594.86,0.23,306
2026.08.21 14:43,2026.08.21 07:43,4597.44,4597.67,0.23,267
2026.08.21 14:44,2026.08.21 07:44,4597.56,4597.78,0.22,246
2026.08.21 14:45,2026.08.21 07:45,4597.29,4597.52,0.23,223
2026.08.21 14:46,2026.08.21 07:46,4598.91,4599.15,0.24,217
2026.08.21 14:47,2026.08.21 07:47,4598.62,4598.85,0.23,238
2026.08.21 14:48,2026.08.21 07:48,4599.66,4599.89,0.23,284
2026.08.21 14:49,2026.08.21 07:49,4599.84,4600.07,0.23,233
2026.08.21 14:50,2026.08.21 07:50,4597.71,4597.94,0.23,303
2026.08.21 14:51,2026.08.21 07:51,4597.08,4597.32,0.24,275
2026.08.21 14:52,2026.08.21 07:52,4596.33,4596.56,0.23,293
2026.08.21 14:53,2026.08.21 07:53,4597.38,4597.61,0.23,316
2026.08.21 14:54,2026.08.21 07:54,4597.66,4597.89,0.23,335
2026.08.21 14:55,2026.08.21 07:55,4597.31,4597.54,0.23,269
2026.08.21 14:56,2026.08.21 07:56,4598.60,4598.82,0.22,311
2026.08.21 14:57,2026.08.21 07:57,4597.28,4597.52,0.24,243
2026.08.21 14:58,2026.08.21 07:58,4596.83,4597.07,0.24,239
2026.08.21 14:59,2026.08.21 07:59,4596.23,4596.47,0.24,233
2026.08.21 15:00,2026.08.21 08:00,4600.20,4600.43,0.23,390
2026.08.21 15:01,2026.08.21 08:01,4597.57,4597.79,0.22,301
2026.08.21 15:02,2026.08.21 08:02,4594.04,4594.27,0.23,327
2026.08.21 15:03,2026.08.21 08:03,4595.17,4595.40,0.23,375
2026.08.21 15:04,2026.08.21 08:04,4597.10,4597.33,0.23,301
2026.08.21 15:05,2026.08.21 08:05,4595.94,4596.16,0.22,328
2026.08.21 15:06,2026.08.21 08:06,4596.49,4596.73,0.24,323
2026.08.21 15:07,2026.08.21 08:07,4595.39,4595.62,0.23,300
2026.08.21 15:08,2026.08.21 08:08,4592.61,4592.84,0.23,293
2026.08.21 15:09,2026.08.21 08:09,4591.67,4591.90,0.23,355
2026.08.21 15:10,2026.08.21 08:10,4590.49,4590.73,0.24,355
2026.08.21 15:11,2026.08.21 08:11,4589.76,4590.00,0.24,344
2026.08.21 15:12,2026.08.21 08:12,4589.53,4589.76,0.23,242
2026.08.21 15:13,2026.08.21 08:13,4593.35,4593.57,0.22,227
2026.08.21 15:14,2026.08.21 08:14,4593.99,4594.22,0.23,376
2026.08.21 15:15,2026.08.21 08:15,4591.41,4591.63,0.22,318
2026.08.21 15:16,2026.08.21 08:16,4589.56,4589.79,0.23,309
2026.08.21 15:17,2026.08.21 08:17,4587.22,4587.45,0.23,336
2026.08.21 15:18,2026.08.21 08:18,4587.23,4587.46,0.23,351
2026.08.21 15:19,2026.08.21 08:19,4585.98,4586.22,0.24,346
2026.08.21 15:20,2026.08.21 08:20,4583.40,4583.63,0.23,389
2026.08.21 15:21,2026.08.21 08:21,4584.09,4584.33,0.24,442
2026.08.21 15:22,2026.08.21 08:22,4583.60,4583.83,0.23,306
2026.08.21 15:23,2026.08.21 08:23,4587.73,4587.95,0.22,319
2026.08.21 15:24,2026.08.21 08:24,4585.03,4585.26,0.23,363
2026.08.21 15:25,2026.08.21 08:25,4585.69,4585.93,0.24,314
2026.08.21 15:26,2026.08.21 08:26,4586.14,4586.37,0.23,246
2026.08.21 15:27,2026.08.21 08:27,4586.19,4586.42,0.23,210
2026.08.21 15:28,2026.08.21 08:28,4585.10,4585.33,0.23,199
2026.08.21 15:29,2026.08.21 08:29,4580.24,4580.47,0.23,209
2026.08.21 15:30,2026.08.21 08:30,4582.73,4582.97,0.24,411
2026.08.21 15:31,2026.08.21 08:31,4578.62,4578.85,0.23,274
2026.08.21 15:32,2026.08.21 08:32,4578.13,4578.35,0.22,363
2026.08.21 15:33,2026.08.21 08:33,4577.03,4577.26,0.23,329
2026.08.21 15:34,2026.08.21 08:34,4571.47,4571.70,0.23,298
2026.08.21 15:35,2026.08.21 08:35,4570.41,4570.65,0.24,476
2026.08.21 15:36,2026.08.21 08:36,4570.64,4570.86,0.22,370
2026.08.21 15:37,2026.08.21 08:37,4569.27,4569.51,0.24,432
2026.08.21 15:38,2026.08.21 08:38,4565.45,4565.68,0.23,399
2026.08.21 15:39,2026.08.21 08:39,4567.11,4567.33,0.22,444
2026.08.21 15:40,2026.08.21 08:40,4570.05,4570.29,0.24,447
2026.08.21 15:41,2026.08.21 08:41,4571.63,4571.87,0.24,447
2026.08.21 15:42,2026.08.21 08:42,4575.45,4575.67,0.22,365
2026.08.21 15:43,2026.08.21 08:43,4574.20,4574.42,0.22,414
2026.08.21 15:44,2026.08.21 08:44,4575.60,4575.84,0.24,423
2026.08.21 15:45,2026.08.21 08:45,4576.23,4576.46,0.23,314
2026.08.21 15:46,2026.08.21 08:46,4576.52,4576.76,0.24,288
2026.08.21 15:47,2026.08.21 08:47,4578.65,4578.88,0.23,304
2026.08.21 15:48,2026.08.21 08:48,4578.94,4579.16,0.22,294
2026.08.21 15:49,2026.08.21 08:49,4579.25,4579.48,0.23,241
2026.08.21 15:50,2026.08.21 08:50,4579.60,4579.83,0.23,313
2026.08.21 15:51,2026.08.21 08:51,4578.54,4578.76,0.22,261
2026.08.21 15:52,2026.08.21 08:52,4578.70,4578.93,0.23,279
2026.08.21 15:53,2026.08.21 08:53,4579.85,4580.08,0.23,247
2026.08.21 15:54,2026.08.21 08:54,4578.33,4578.55,0.22,279
2026.08.21 15:55,2026.08.21 08:55,4578.02,4578.26,0.24,315
2026.08.21 15:56,2026.08.21 08:56,4575.87,4576.10,0.23,287
2026.08.21 15:57,2026.08.21 08:57,4577.53,4577.76,0.23,323
2026.08.21 15:58,2026.08.21 08:58,4577.60,4577.82,0.22,325
2026.08.21 15:59,2026.08.21 08:59,4582.37,4582.61,0.24,309
2026.08.21 16:00,2026.08.21 09:00,4582.95,4583.17,0.22,541
2026.08.21 16:01,2026.08.21 09:01,4583.37,4583.60,0.23,447
2026.08.21 16:02,2026.08.21 09:02,4581.65,4581.89,0.24,417
2026.08.21 16:03,2026.08.21 09:03,4580.17,4580.40,0.23,402
2026.08.21 16:04,2026.08.21 09:04,4580.87,4581.11,0.24,409
2026.08.21 16:05,2026.08.21 09:05,4583.37,4583.60,0.23,417
2026.08.21 16:06,2026.08.21 09:06,4580.50,4580.74,0.24,427
2026.08.21 16:07,2026.08.21 09:07,4582.55,4582.79,0.24,360
2026.08.21 16:08,2026.08.21 09:08,4580.51,4580.74,0.23,344
2026.08.21 16:09,2026.08.21 09:09,4580.74,4580.95,0.21,378
2026.08.21 16:10,2026.08.21 09:10,4586.27,4586.51,0.24,380
2026.08.21 16:11,2026.08.21 09:11,4585.35,4585.58,0.23,400
2026.08.21 16:12,2026.08.21 09:12,4584.72,4584.94,0.22,355
2026.08.21 16:13,2026.08.21 09:13,4584.83,4585.05,0.22,311
2026.08.21 16:14,2026.08.21 09:14,4587.59,4587.83,0.24,276
2026.08.21 16:15,2026.08.21 09:15,4585.20,4585.43,0.23,349
2026.08.21 16:16,2026.08.21 09:16,4581.31,4581.54,0.23,337
2026.08.21 16:17,2026.08.21 09:17,4580.82,4581.06,0.24,444
2026.08.21 16:18,2026.08.21 09:18,4580.53,4580.76,0.23,426
2026.08.21 16:19,2026.08.21 09:19,4582.33,4582.57,0.24,334
2026.08.21 16:20,2026.08.21 09:20,4584.87,4585.10,0.23,345
2026.08.21 16:21,2026.08.21 09:21,4583.63,4583.86,0.23,281
2026.08.21 16:22,2026.08.21 09:22,4583.72,4583.95,0.23,352
2026.08.21 16:23,2026.08.21 09:23,4583.36,4583.59,0.23,410
2026.08.21 16:24,2026.08.21 09:24,4583.30,4583.54,0.24,276
2026.08.21 16:25,2026.08.21 09:25,4582.49,4582.72,0.23,354
2026.08.21 16:26,2026.08.21 09:26,4582.14,4582.37,0.23,319
2026.08.21 16:27,2026.08.21 09:27,4583.91,4584.14,0.23,320
2026.08.21 16:28,2026.08.21 09:28,4584.38,4584.61,0.23,347
2026.08.21 16:29,2026.08.21 09:29,4582.49,4582.71,0.22,389
2026.08.21 16:30,2026.08.21 09:30,4582.48,4582.72,0.24,608
2026.08.21 16:31,2026.08.21 09:31,4583.41,4583.63,0.22,532
2026.08.21 16:32,2026.08.21 09:32,4577.73,4577.97,0.24,570
2026.08.21 16:33,2026.08.21 09:33,4574.53,4574.76,0.23,663
2026.08.21 16:34,2026.08.21 09:34,4578.66,4578.88,0.22,602
2026.08.21 16:35,2026.08.21 09:35,4582.46,4582.68,0.22,576
2026.08.21 16:36,2026.08.21 09:36,4586.84,4587.06,0.22,551
2026.08.21 16:37,2026.08.21 09:37,4590.62,4590.85,0.23,510
2026.08.21 16:38,2026.08.21 09:38,4587.12,4587.36,0.24,615
2026.08.21 16:39,2026.08.21 09:39,4588.57,4588.81,0.24,558
2026.08.21 16:40,2026.08.21 09:40,4588.69,4588.92,0.23,600
2026.08.21 16:41,2026.08.21 09:41,4587.91,4588.14,0.23,549
2026.08.21 16:42,2026.08.21 09:42,4587.02,4587.25,0.23,470
2026.08.21 16:43,2026.08.21 09:43,4587.67,4587.89,0.22,447
2026.08.21 16:44,2026.08.21 09:44,4587.77,4588.01,0.24,431
2026.08.21 16:45,2026.08.21 09:45,4588.92,4589.14,0.22,457
2026.08.21 16:46,2026.08.21 09:46,4589.79,4590.02,0.23,415
2026.08.21 16:47,2026.08.21 09:47,4588.70,4588.93,0.23,425
2026.08.21 16:48,2026.08.21 09:48,4589.96,4590.18,0.22,481
2026.08.21 16:49,2026.08.21 09:49,4589.39,4589.62,0.23,479
2026.08.21 16:50,2026.08.21 09:50,4585.43,4585.65,0.22,512
2026.08.21 16:51,2026.08.21 09:51,4582.18,4582.41,0.23,511
2026.08.21 16:52,2026.08.21 09:52,4580.61,4580.84,0.23,545
2026.08.21 16:53,2026.08.21 09:53,4579.54,4579.77,0.23,459
2026.08.21 16:54,2026.08.21 09:54,4584.43,4584.66,0.23,438
2026.08.21 16:55,2026.08.21 09:55,4585.28,4585.52,0.24,444
2026.08.21 16:56,2026.08.21 09:56,4582.08,4582.32,0.24,494
2026.08.21 16:57,2026.08.21 09:57,4581.27,4581.51,0.24,425
2026.08.21 16:58,2026.08.21 09:58,4581.92,4582.14,0.22,392
2026.08.21 16:59,2026.08.21 09:59,4582.85,4583.07,0.22,376
2026.08.21 17:00,2026.08.21 10:00,4583.27,4583.50,0.23,497
2026.08.21 17:01,2026.08.21 10:01,4585.47,4585.70,0.23,463
2026.08.21 17:02,2026.08.21 10:02,4585.60,4585.83,0.23,478
2026.08.21 17:03,2026.08.21 10:03,4586.98,4587.20,0.22,458
2026.08.21 17:04,2026.08.21 10:04,4590.16,4590.40,0.24,381
2026.08.21 17:05,2026.08.21 10:05,4587.73,4587.95,0.22,439
2026.08.21 17:06,2026.08.21 10:06,4584.29,4584.53,0.24,382
2026.08.21 17:07,2026.08.21 10:07,4584.97,4585.20,0.23,391
2026.08.21 17:08,2026.08.21 10:08,4587.50,4587.73,0.23,483
2026.08.21 17:09,2026.08.21 10:09,4587.01,4587.23,0.22,323
2026.08.21 17:10,2026.08.21 10:10,4587.74,4587.97,0.23,373
2026.08.21 17:11,2026.08.21 10:11,4588.26,4588.49,0.23,366
2026.08.21 17:12,2026.08.21 10:12,4588.41,4588.64,0.23,407
2026.08.21 17:13,2026.08.21 10:13,4589.45,4589.69,0.24,380
2026.08.21 17:14,2026.08.21 10:14,4587.85,4588.07,0.22,350
2026.08.21 17:15,2026.08.21 10:15,4588.23,4588.46,0.23,454
2026.08.21 17:16,2026.08.21 10:16,4589.64,4589.87,0.23,384
2026.08.21 17:17,2026.08.21 10:17,4589.58,4589.81,0.23,366
2026.08.21 17:18,2026.08.21 10:18,4590.34,4590.58,0.24,347
2026.08.21 17:19,2026.08.21 10:19,4592.09,4592.33,0.24,370
2026.08.21 17:20,2026.08.21 10:20,4596.53,4596.76,0.23,426
2026.08.21 17:21,2026.08.21 10:21,4596.82,4597.05,0.23,421
2026.08.21 17:22,2026.08.21 10:22,4596.46,4596.69,0.23,471
2026.08.21 17:23,2026.08.21 10:23,4596.93,4597.17,0.24,403
2026.08.21 17:24,2026.08.21 10:24,4599.93,4600.16,0.23,372
2026.08.21 17:25,2026.08.21 10:25,4599.00,4599.22,0.22,394
2026.08.21 17:26,2026.08.21 10:26,4602.46,4602.70,0.24,395
2026.08.21 17:27,2026.08.21 10:27,4602.50,4602.73,0.23,401
2026.08.21 17:28,2026.08.21 10:28,4602.05,4602.28,0.23,344
2026.08.21 17:29,2026.08.21 10:29,4600.42,4600.64,0.22,352
2026.08.21 17:30,2026.08.21 10:30,4600.20,4600.43,0.23,440
2026.08.21 17:31,2026.08.21 10:31,4596.48,4596.71,0.23,413
2026.08.21 17:32,2026.08.21 10:32,4593.79,4594.03,0.24,453
2026.08.21 17:33,2026.08.21 10:33,4591.93,4592.16,0.23,449
2026.08.21 17:34,2026.08.21 10:34,4590.96,4591.19,0.23,444
2026.08.21 17:35,2026.08.21 10:35,4589.13,4589.36,0.23,537
2026.08.21 17:36,2026.08.21 10:36,4587.54,4587.77,0.23,537
2026.08.21 17:37,2026.08.21 10:37,4583.35,4583.59,0.24,486
2026.08.21 17:38,2026.08.21 10:38,4584.23,4584.46,0.23,564
2026.08.21 17:39,2026.08.21 10:39,4585.01,4585.24,0.23,541
2026.08.21 17:40,2026.08.21 10:40,4586.98,4587.21,0.23,613
2026.08.21 17:41,2026.08.21 10:41,4585.53,4585.76,0.23,485
2026.08.21 17:42,2026.08.21 10:42,4589.40,4589.63,0.23,566
2026.08.21 17:43,2026.08.21 10:43,4583.49,4583.73,0.24,514
2026.08.21 17:44,2026.08.21 10:44,4583.19,4583.43,0.24,527
2026.08.21 17:45,2026.08.21 10:45,4587.30,4587.52,0.22,542
2026.08.21 17:46,2026.08.21 10:46,4585.98,4586.20,0.22,478
2026.08.21 17:47,2026.08.21 10:47,4588.81,4589.05,0.24,419
2026.08.21 17:48,2026.08.21 10:48,4590.36,4590.59,0.23,434
2026.08.21 17:49,2026.08.21 10:49,4594.86,4595.08,0.22,449
2026.08.21 17:50,2026.08.21 10:50,4593.01,4593.25,0.24,459
2026.08.21 17:51,2026.08.21 10:51,4590.75,4590.98,0.23,418
2026.08.21 17:52,2026.08.21 10:52,4591.52,4591.75,0.23,471
2026.08.21 17:53,2026.08.21 10:53,4589.28,4589.52,0.24,408
2026.08.21 17:54,2026.08.21 10:54,4585.61,4585.85,0.24,438
2026.08.21 17:55,2026.08.21 10:55,4587.82,4588.06,0.24,510
2026.08.21 17:56,2026.08.21 10:56,4591.30,4591.53,0.23,464
2026.08.21 17:57,2026.08.21 10:57,4591.30,4591.53,0.23,424
2026.08.21 17:58,2026.08.21 10:58,4591.14,4591.36,0.22,362
2026.08.21 17:59,2026.08.21 10:59,4589.10,4589.33,0.23,399
2026.08.21 18:00,2026.08.21 11:00,4588.23,4588.46,0.23,503
2026.08.21 18:01,2026.08.21 11:01,4591.59,4591.81,0.22,497
2026.08.21 18:02,2026.08.21 11:02,4593.02,4593.24,0.22,524
2026.08.21 18:03,2026.08.21 11:03,4593.88,4594.12,0.24,453
2026.08.21 18:04,2026.08.21 11:04,4593.91,4594.14,0.23,420
2026.08.21 18:05,2026.08.21 11:05,4594.92,4595.15,0.23,449
2026.08.21 18:06,2026.08.21 11:06,4596.53,4596.76,0.23,390
2026.08.21 18:07,2026.08.21 11:07,4596.57,4596.80,0.23,324
2026.08.21 18:08,2026.08.21 11:08,4594.74,4594.97,0.23,348
2026.08.21 18:09,2026.08.21 11:09,4597.40,4597.63,0.23,407
2026.08.21 18:10,2026.08.21 11:10,4596.77,4597.01,0.24,347
2026.08.21 18:11,2026.08.21 11:11,4595.80,4596.03,0.23,368
2026.08.21 18:12,2026.08.21 11:12,4595.54,4595.76,0.22,353
2026.08.21 18:13,2026.08.21 11:13,4595.25,4595.49,0.24,361
2026.08.21 18:14,2026.08.21 11:14,4597.67,4597.90,0.23,305
2026.08.21 18:15,2026.08.21 11:15,4596.63,4596.86,0.23,394
2026.08.21 18:16,2026.08.21 11:16,4597.18,4597.41,0.23,349
2026.08.21 18:17,2026.08.21 11:17,4598.08,4598.32,0.24,330
2026.08.21 18:18,2026.08.21 11:18,4596.91,4597.14,0.23,333
2026.08.21 18:19,2026.08.21 11:19,4596.99,4597.21,0.22,338
2026.08.21 18:20,2026.08.21 11:20,4596.98,4597.21,0.23,346
2026.08.21 18:21,2026.08.21 11:21,4600.33,4600.56,0.23,361
2026.08.21 18:22,2026.08.21 11:22,4600.97,4601.19,0.22,363
2026.08.21 18:23,2026.08.21 11:23,4602.53,4602.76,0.23,312
2026.08.21 18:24,2026.08.21 11:24,4600.98,4601.22,0.24,324
2026.08.21 18:25,2026.08.21 11:25,4600.34,4600.58,0.24,528
2026.08.21 18:26,2026.08.21 11:26,4602.34,4602.57,0.23,380
2026.08.21 18:27,2026.08.21 11:27,4605.49,4605.72,0.23,410
2026.08.21 18:28,2026.08.21 11:28,4604.38,4604.62,0.24,403
2026.08.21 18:29,2026.08.21 11:29,4601.07,4601.30,0.23,402
2026.08.21 18:30,2026.08.21 11:30,4601.14,4601.38,0.24,440
2026.08.21 18:31,2026.08.21 11:31,4601.90,4602.13,0.23,388
2026.08.21 18:32,2026.08.21 11:32,4605.08,4605.31,0.23,380
2026.08.21 18:33,2026.08.21 11:33,4605.93,4606.16,0.23,359
2026.08.21 18:34,2026.08.21 11:34,4607.38,4607.60,0.22,414
2026.08.21 18:35,2026.08.21 11:35,4606.59,4606.82,0.23,455
2026.08.21 18:36,2026.08.21 11:36,4606.94,4607.16,0.22,422
2026.08.21 18:37,2026.08.21 11:37,4605.56,4605.80,0.24,353
2026.08.21 18:38,2026.08.21 11:38,4607.28,4607.50,0.22,388
2026.08.21 18:39,2026.08.21 11:39,4606.85,4607.09,0.24,330
2026.08.21 18:40,2026.08.21 11:40,4608.46,4608.70,0.24,333
2026.08.21 18:41,2026.08.21 11:41,4609.90,4610.13,0.23,385
2026.08.21 18:42,2026.08.21 11:42,4608.45,4608.69,0.24,428
2026.08.21 18:43,2026.08.21 11:43,4609.35,4609.57,0.22,375
2026.08.21 18:44,2026.08.21 11:44,4609.98,4610.20,0.22,382
2026.08.21 18:45,2026.08.21 11:45,4610.16,4610.39,0.23,431
2026.08.21 18:46,2026.08.21 11:46,4609.27,4609.49,0.22,464
2026.08.21 18:47,2026.08.21 11:47,4608.26,4608.49,0.23,372
2026.08.21 18:48,2026.08.21 11:48,4607.81,4608.04,0.23,483
2026.08.21 18:49,2026.08.21 11:49,4608.34,4608.57,0.23,382
2026.08.21 18:50,2026.08.21 11:50,4611.06,4611.28,0.22,399
2026.08.21 18:51,2026.08.21 11:51,4612.14,4612.37,0.23,459
2026.08.21 18:52,2026.08.21 11:52,4614.39,4614.63,0.24,382
2026.08.21 18:53,2026.08.21 11:53,4614.17,4614.40,0.23,440
2026.08.21 18:54,2026.08.21 11:54,4613.76,4613.98,0.22,360
2026.08.21 18:55,2026.08.21 11:55,4614.52,4614.74,0.22,412
2026.08.21 18:56,2026.08.21 11:56,4613.16,4613.38,0.22,427
2026.08.21 18:57,2026.08.21 11:57,4612.42,4612.66,0.24,409
2026.08.21 18:58,2026.08.21 11:58,4614.04,4614.27,0.23,440
2026.08.21 18:59,2026.08.21 11:59,4613.25,4613.48,0.23,367
2026.08.21 19:00,2026.08.21 12:00,4615.26,4615.49,0.23,450
2026.08.21 19:01,2026.08.21 12:01,4615.37,4615.60,0.23,386
2026.08.21 19:02,2026.08.21 12:02,4616.87,4617.11,0.24,300
2026.08.21 19:03,2026.08.21 12:03,4617.00,4617.23,0.23,359
2026.08.21 19:04,2026.08.21 12:04,4615.72,4615.94,0.22,339
2026.08.21 19:05,2026.08.21 12:05,4613.96,4614.20,0.24,477
2026.08.21 19:06,2026.08.21 12:06,4613.90,4614.14,0.24,393
2026.08.21 19:07,2026.08.21 12:07,4611.20,4611.43,0.23,397
2026.08.21 19:08,2026.08.21 12:08,4610.36,4610.58,0.22,419
2026.08.21 19:09,2026.08.21 12:09,4613.12,4613.35,0.23,463
2026.08.21 19:10,2026.08.21 12:10,4612.66,4612.89,0.23,355
2026.08.21 19:11,2026.08.21 12:11,4613.56,4613.79,0.23,436
2026.08.21 19:12,2026.08.21 12:12,4615.42,4615.65,0.23,441
2026.08.21 19:13,2026.08.21 12:13,4615.41,4615.64,0.23,326
2026.08.21 19:14,2026.08.21 12:14,4614.37,4614.61,0.24,306
2026.08.21 19:15,2026.08.21 12:15,4615.45,4615.68,0.23,332
2026.08.21 19:16,2026.08.21 12:16,4615.23,4615.45,0.22,290
2026.08.21 19:17,2026.08.21 12:17,4614.88,4615.11,0.23,372
2026.08.21 19:18,2026.08.21 12:18,4615.18,4615.42,0.24,305
2026.08.21 19:19,2026.08.21 12:19,4612.01,4612.23,0.22,285
2026.08.21 19:20,2026.08.21 12:20,4614.42,4614.65,0.23,353
2026.08.21 19:21,2026.08.21 12:21,4614.30,4614.54,0.24,662
2026.08.21 19:22,2026.08.21 12:22,4613.14,4613.37,0.23,467
2026.08.21 19:23,2026.08.21 12:23,4613.81,4614.03,0.22,367
2026.08.21 19:24,2026.08.21 12:24,4612.85,4613.09,0.24,340
2026.08.21 19:25,2026.08.21 12:25,4612.16,4612.40,0.24,323
2026.08.21 19:26,2026.08.21 12:26,4611.63,4611.85,0.22,374
2026.08.21 19:27,2026.08.21 12:27,4613.35,4613.59,0.24,320
2026.08.21 19:28,2026.08.21 12:28,4613.88,4614.10,0.22,251
2026.08.21 19:29,2026.08.21 12:29,4614.04,4614.26,0.22,241
2026.08.21 19:30,2026.08.21 12:30,4613.07,4613.31,0.24,314
2026.08.21 19:31,2026.08.21 12:31,4614.10,4614.33,0.23,300
2026.08.21 19:32,2026.08.21 12:32,4615.18,4615.41,0.23,284
2026.08.21 19:33,2026.08.21 12:33,4615.82,4616.06,0.24,321
2026.08.21 19:34,2026.08.21 12:34,4615.22,4615.44,0.22,288
2026.08.21 19:35,2026.08.21 12:35,4614.92,4615.15,0.23,261
2026.08.21 19:36,2026.08.21 12:36,4616.68,4616.92,0.24,305
2026.08.21 19:37,2026.08.21 12:37,4618.52,4618.76,0.24,297
2026.08.21 19:38,2026.08.21 12:38,4618.87,4619.10,0.23,434
2026.08.21 19:39,2026.08.21 12:39,4618.73,4618.97,0.24,336
2026.08.21 19:40,2026.08.21 12:40,4618.80,4619.03,0.23,291
2026.08.21 19:41,2026.08.21 12:41,4620.74,4620.97,0.23,282
2026.08.21 19:42,2026.08.21 12:42,4621.21,4621.44,0.23,296
2026.08.21 19:43,2026.08.21 12:43,4621.87,4622.11,0.24,290
2026.08.21 19:44,2026.08.21 12:44,4621.67,4621.90,0.23,305
2026.08.21 19:45,2026.08.21 12:45,4622.20,4622.43,0.23,363
2026.08.21 19:46,2026.08.21 12:46,4623.88,4624.10,0.22,290
2026.08.21 19:47,2026.08.21 12:47,4624.17,4624.41,0.24,359
2026.08.21 19:48,2026.08.21 12:48,4624.06,4624.29,0.23,370
2026.08.21 19:49,2026.08.21 12:49,4624.58,4624.81,0.23,322
2026.08.21 19:50,2026.08.21 12:50,4626.04,4626.28,0.24,303
2026.08.21 19:51,2026.08.21 12:51,4624.77,4624.99,0.22,371
2026.08.21 19:52,2026.08.21 12:52,4625.72,4625.95,0.23,280
2026.08.21 19:53,2026.08.21 12:53,4626.44,4626.68,0.24,277
2026.08.21 19:54,2026.08.21 12:54,4627.27,4627.50,0.23,335
2026.08.21 19:55,2026.08.21 12:55,4626.23,4626.46,0.23,319
2026.08.21 19:56,2026.08.21 12:56,4627.64,4627.87,0.23,303
2026.08.21 19:57,2026.08.21 12:57,4628.51,4628.72,0.21,307
2026.08.21 19:58,2026.08.21 12:58,4628.64,4628.87,0.23,351
2026.08.21 19:59,2026.08.21 12:59,4627.78,4628.02,0.24,307
2026.08.21 20:00,2026.08.21 13:00,4627.48,4627.70,0.22,354
2026.08.21 20:01,2026.08.21 13:01,4628.73,4628.96,0.23,325
2026.08.21 20:02,2026.08.21 13:02,4629.88,4630.11,0.23,339
2026.08.21 20:03,2026.08.21 13:03,4627.47,4627.69,0.22,342
2026.08.21 20:04,2026.08.21 13:04,4626.37,4626.59,0.22,358
2026.08.21 20:05,2026.08.21 13:05,4628.90,4629.13,0.23,331
2026.08.21 20:06,2026.08.21 13:06,4629.25,4629.48,0.23,271
2026.08.21 20:07,2026.08.21 13:07,4631.51,4631.74,0.23,312
2026.08.21 20:08,2026.08.21 13:08,4630.19,4630.41,0.22,342
2026.08.21 20:09,2026.08.21 13:09,4630.68,4630.91,0.23,308
2026.08.21 20:10,2026.08.21 13:10,4630.53,4630.76,0.23,387
2026.08.21 20:11,2026.08.21 13:11,4626.02,4626.24,0.22,347
2026.08.21 20:12,2026.08.21 13:12,4622.23,4622.45,0.22,403
2026.08.21 20:13,2026.08.21 13:13,4623.44,4623.67,0.23,442
2026.08.21 20:14,2026.08.21 13:14,4623.42,4623.65,0.23,366
2026.08.21 20:15,2026.08.21 13:15,4622.69,4622.92,0.23,384
2026.08.21 20:16,2026.08.21 13:16,4623.79,4624.01,0.22,302
2026.08.21 20:17,2026.08.21 13:17,4625.15,4625.38,0.23,360
2026.08.21 20:18,2026.08.21 13:18,4623.31,4623.53,0.22,333
2026.08.21 20:19,2026.08.21 13:19,4622.62,4622.85,0.23,340
2026.08.21 20:20,2026.08.21 13:20,4623.01,4623.25,0.24,329
2026.08.21 20:21,2026.08.21 13:21,4620.60,4620.82,0.22,330
2026.08.21 20:22,2026.08.21 13:22,4615.83,4616.06,0.23,331
2026.08.21 20:23,2026.08.21 13:23,4618.01,4618.25,0.24,427
2026.08.21 20:24,2026.08.21 13:24,4616.87,4617.09,0.22,413
2026.08.21 20:25,2026.08.21 13:25,4616.86,4617.08,0.22,302
2026.08.21 20:26,2026.08.21 13:26,4618.15,4618.38,0.23,356
2026.08.21 20:27,2026.08.21 13:27,4622.30,4622.53,0.23,270
2026.08.21 20:28,2026.08.21 13:28,4622.73,4622.96,0.23,388
2026.08.21 20:29,2026.08.21 13:29,4619.65,4619.88,0.23,449
2026.08.21 20:30,2026.08.21 13:30,4621.07,4621.31,0.24,322
2026.08.21 20:31,2026.08.21 13:31,4619.85,4620.08,0.23,323
2026.08.21 20:32,2026.08.21 13:32,4620.87,4621.09,0.22,267
2026.08.21 20:33,2026.08.21 13:33,4620.33,4620.57,0.24,259
2026.08.21 20:34,2026.08.21 13:34,4623.11,4623.34,0.23,235
2026.08.21 20:35,2026.08.21 13:35,4623.10,4623.32,0.22,271
2026.08.21 20:36,2026.08.21 13:36,4623.87,4624.09,0.22,233
2026.08.21 20:37,2026.08.21 13:37,4623.78,4624.01,0.23,234
2026.08.21 20:38,2026.08.21 13:38,4622.73,4622.97,0.24,192
2026.08.21 20:39,2026.08.21 13:39,4623.54,4623.76,0.22,188
2026.08.21 20:40,2026.08.21 13:40,4624.07,4624.31,0.24,204
2026.08.21 20:41,2026.08.21 13:41,4622.42,4622.65,0.23,225
2026.08.21 20:42,2026.08.21 13:42,4622.99,4623.23,0.24,261
2026.08.21 20:43,2026.08.21 13:43,4620.55,4620.78,0.23,226
2026.08.21 20:44,2026.08.21 13:44,4618.38,4618.61,0.23,259
2026.08.21 20:45,2026.08.21 13:45,4617.50,4617.74,0.24,343
2026.08.21 20:46,2026.08.21 13:46,4617.57,4617.81,0.24,267
2026.08.21 20:47,2026.08.21 13:47,4618.08,4618.31,0.23,252
2026.08.21 20:48,2026.08.21 13:48,4619.42,4619.66,0.24,307
2026.08.21 20:49,2026.08.21 13:49,4618.94,4619.17,0.23,248
2026.08.21 20:50,2026.08.21 13:50,4618.70,4618.92,0.22,252
2026.08.21 20:51,2026.08.21 13:51,4619.19,4619.42,0.23,212
2026.08.21 20:52,2026.08.21 13:52,4620.02,4620.25,0.23,171
2026.08.21 20:53,2026.08.21 13:53,4619.75,4619.99,0.24,214
2026.08.21 20:54,2026.08.21 13:54,4619.67,4619.90,0.23,255
2026.08.21 20:55,2026.08.21 13:55,4620.47,4620.70,0.23,201
2026.08.21 20:56,2026.08.21 13:56,4620.96,4621.18,0.22,157
2026.08.21 20:57,2026.08.21 13:57,4620.47,4620.71,0.24,224
2026.08.21 20:58,2026.08.21 13:58,4620.14,4620.36,0.22,176
2026.08.21 20:59,2026.08.21 13:59,4620.69,4620.92,0.23,176
2026.08.21 21:00,2026.08.21 14:00,4622.65,4622.88,0.23,273
2026.08.21 21:01,2026.08.21 14:01,4624.33,4624.56,0.23,272
2026.08.21 21:02,2026.08.21 14:02,4625.40,4625.62,0.22,229
2026.08.21 21:03,2026.08.21 14:03,4625.88,4626.10,0.22,215
2026.08.21 21:04,2026.08.21 14:04,4624.66,4624.90,0.24,165
2026.08.21 21:05,2026.08.21 14:05,4625.18,4625.42,0.24,268
2026.08.21 21:06,2026.08.21 14:06,4626.00,4626.22,0.22,265
2026.08.21 21:07,2026.08.21 14:07,4626.84,4627.07,0.23,224
2026.08.21 21:08,2026.08.21 14:08,4625.66,4625.90,0.24,214
2026.08.21 21:09,2026.08.21 14:09,4625.05,4625.27,0.22,216
2026.08.21 21:10,2026.08.21 14:10,4623.79,4624.03,0.24,202
2026.08.21 21:11,2026.08.21 14:11,4624.02,4624.25,0.23,212
2026.08.21 21:12,2026.08.21 14:12,4623.95,4624.17,0.22,216
2026.08.21 21:13,2026.08.21 14:13,4624.32,4624.56,0.24,223
2026.08.21 21:14,2026.08.21 14:14,4625.05,4625.29,0.24,204
2026.08.21 21:15,2026.08.21 14:15,4625.50,4625.73,0.23,220
2026.08.21 21:16,2026.08.21 14:16,4625.28,4625.50,0.22,237
2026.08.21 21:17,2026.08.21 14:17,4626.03,4626.26,0.23,181
2026.08.21 21:18,2026.08.21 14:18,4626.28,4626.51,0.23,179
2026.08.21 21:19,2026.08.21 14:19,4626.53,4626.77,0.24,201
2026.08.21 21:20,2026.08.21 14:20,4626.30,4626.54,0.24,268
2026.08.21 21:21,2026.08.21 14:21,4625.93,4626.16,0.23,189
2026.08.21 21:22,2026.08.21 14:22,4626.38,4626.60,0.22,196
2026.08.21 21:23,2026.08.21 14:23,4625.52,4625.74,0.22,171
2026.08.21 21:24,2026.08.21 14:24,4626.81,4627.04,0.23,229
2026.08.21 21:25,2026.08.21 14:25,4626.50,4626.72,0.22,238
2026.08.21 21:26,2026.08.21 14:26,4625.47,4625.71,0.24,189
2026.08.21 21:27,2026.08.21 14:27,4624.96,4625.20,0.24,222
2026.08.21 21:28,2026.08.21 14:28,4625.09,4625.31,0.22,239
2026.08.21 21:29,2026.08.21 14:29,4621.78,4622.01,0.23,196
2026.08.21 21:30,2026.08.21 14:30,4621.18,4621.41,0.23,277
2026.08.21 21:31,2026.08.21 14:31,4620.42,4620.65,0.23,335
2026.08.21 21:32,2026.08.21 14:32,4621.16,4621.38,0.22,246
2026.08.21 21:33,2026.08.21 14:33,4622.18,4622.41,0.23,194
2026.08.21 21:34,2026.08.21 14:34,4621.18,4621.42,0.24,215
2026.08.21 21:35,2026.08.21 14:35,4622.03,4622.26,0.23,286
2026.08.21 21:36,2026.08.21 14:36,4621.85,4622.09,0.24,229
2026.08.21 21:37,2026.08.21 14:37,4620.17,4620.40,0.23,221
2026.08.21 21:38,2026.08.21 14:38,4619.66,4619.88,0.22,215
2026.08.21 21:39,2026.08.21 14:39,4620.35,4620.58,0.23,251
2026.08.21 21:40,2026.08.21 14:40,4620.69,4620.92,0.23,280
2026.08.21 21:41,2026.08.21 14:41,4620.39,4620.61,0.22,202
2026.08.21 21:42,2026.08.21 14:42,4621.01,4621.24,0.23,251
2026.08.21 21:43,2026.08.21 14:43,4620.23,4620.46,0.23,169
2026.08.21 21:44,2026.08.21 14:44,4622.06,4622.29,0.23,216
2026.08.21 21:45,2026.08.21 14:45,4622.85,4623.08,0.23,227
2026.08.21 21:46,2026.08.21 14:46,4622.93,4623.16,0.23,169
2026.08.21 21:47,2026.08.21 14:47,4624.45,4624.69,0.24,182
2026.08.21 21:48,2026.08.21 14:48,4624.83,4625.07,0.24,268
2026.08.21 21:49,2026.08.21 14:49,4624.60,4624.82,0.22,329
2026.08.21 21:50,2026.08.21 14:50,4623.81,4624.04,0.23,210
2026.08.21 21:51,2026.08.21 14:51,4623.63,4623.85,0.22,248
2026.08.21 21:52,2026.08.21 14:52,4624.40,4624.62,0.22,175
2026.08.21 21:53,2026.08.21 14:53,4624.72,4624.96,0.24,168
2026.08.21 21:54,2026.08.21 14:54,4623.84,4624.06,0.22,162
2026.08.21 21:55,2026.08.21 14:55,4623.44,4623.67,0.23,282
2026.08.21 21:56,2026.08.21 14:56,4623.70,4623.94,0.24,178
2026.08.21 21:57,2026.08.21 14:57,4624.08,4624.31,0.23,154
2026.08.21 21:58,2026.08.21 14:58,4623.67,4623.89,0.22,233
2026.08.21 21:59,2026.08.21 14:59,4624.47,4624.69,0.22,209
2026.08.21 22:00,2026.08.21 15:00,4622.87,4623.10,0.23,369
2026.08.21 22:01,2026.08.21 15:01,4624.05,4624.29,0.24,268
2026.08.21 22:02,2026.08.21 15:02,4623.03,4623.27,0.24,345
2026.08.21 22:03,2026.08.21 15:03,4621.34,4621.57,0.23,267
2026.08.21 22:04,2026.08.21 15:04,4619.11,4619.33,0.22,245
2026.08.21 22:05,2026.08.21 15:05,4620.58,4620.80,0.22,351
2026.08.21 22:06,2026.08.21 15:06,4621.77,4622.01,0.24,284
2026.08.21 22:07,2026.08.21 15:07,4621.12,4621.36,0.24,267
2026.08.21 22:08,2026.08.21 15:08,4620.96,4621.20,0.24,257
2026.08.21 22:09,2026.08.21 15:09,4621.31,4621.54,0.23,198
2026.08.21 22:10,2026.08.21 15:10,4621.62,4621.84,0.22,230
2026.08.21 22:11,2026.08.21 15:11,4621.96,4622.18,0.22,183
2026.08.21 22:12,2026.08.21 15:12,4622.92,4623.15,0.23,226
2026.08.21 22:13,2026.08.21 15:13,4623.04,4623.27,0.23,215
2026.08.21 22:14,2026.08.21 15:14,4621.59,4621.81,0.22,193
2026.08.21 22:15,2026.08.21 15:15,4620.20,4620.43,0.23,233
2026.08.21 22:16,2026.08.21 15:16,4621.06,4621.29,0.23,199
2026.08.21 22:17,2026.08.21 15:17,4621.77,4622.01,0.24,205
2026.08.21 22:18,2026.08.21 15:18,4622.31,4622.54,0.23,249
2026.08.21 22:19,2026.08.21 15:19,4622.42,4622.64,0.22,235
2026.08.21 22:20,2026.08.21 15:20,4622.85,4623.07,0.22,225
2026.08.21 22:21,2026.08.21 15:21,4622.49,4622.72,0.23,172
2026.08.21 22:22,2026.08.21 15:22,4622.52,4622.76,0.24,209
2026.08.21 22:23,2026.08.21 15:23,4622.30,4622.53,0.23,203
2026.08.21 22:24,2026.08.21 15:24,4622.16,4622.38,0.22,207
2026.08.21 22:25,2026.08.21 15:25,4621.95,4622.18,0.23,299
2026.08.21 22:26,2026.08.21 15:26,4621.51,4621.74,0.23,206
2026.08.21 22:27,2026.08.21 15:27,4618.54,4618.77,0.23,205
2026.08.21 22:28,2026.08.21 15:28,4618.09,4618.31,0.22,261
2026.08.21 22:29,2026.08.21 15:29,4618.77,4618.99,0.22,247
2026.08.21 22:30,2026.08.21 15:30,4618.01,4618.23,0.22,341
2026.08.21 22:31,2026.08.21 15:31,4617.95,4618.18,0.23,211
2026.08.21 22:32,2026.08.21 15:32,4617.55,4617.77,0.22,177
2026.08.21 22:33,2026.08.21 15:33,4616.94,4617.16,0.22,239
2026.08.21 22:34,2026.08.21 15:34,4616.20,4616.42,0.22,206
2026.08.21 22:35,2026.08.21 15:35,4616.69,4616.93,0.24,281
2026.08.21 22:36,2026.08.21 15:36,4617.16,4617.38,0.22,239
2026.08.21 22:37,2026.08.21 15:37,4617.23,4617.46,0.23,178
2026.08.21 22:38,2026.08.21 15:38,4617.50,4617.73,0.23,229
2026.08.21 22:39,2026.08.21 15:39,4619.46,4619.72,0.26,233
2026.08.21 22:40,2026.08.21 15:40,4619.33,4619.58,0.25,218
2026.08.21 22:41,2026.08.21 15:41,4618.96,4619.20,0.24,231
2026.08.21 22:42,2026.08.21 15:42,4618.98,4619.24,0.26,243
2026.08.21 22:43,2026.08.21 15:43,4617.87,4618.11,0.24,265
2026.08.21 22:44,2026.08.21 15:44,4617.39,4617.63,0.24,285
2026.08.21 22:45,2026.08.21 15:45,4618.35,4618.58,0.23,280
2026.08.21 22:46,2026.08.21 15:46,4618.92,4619.16,0.24,309
2026.08.21 22:47,2026.08.21 15:47,4621.73,4621.98,0.25,263
2026.08.21 22:48,2026.08.21 15:48,4622.33,4622.58,0.25,340
2026.08.21 22:49,2026.08.21 15:49,4621.54,4621.79,0.25,256
2026.08.21 22:50,2026.08.21 15:50,4622.01,4622.27,0.26,422
2026.08.21 22:51,2026.08.21 15:51,4622.69,4622.93,0.24,288
2026.08.21 22:52,2026.08.21 15:52,4622.56,4622.80,0.24,315
2026.08.21 22:53,2026.08.21 15:53,4622.55,4622.80,0.25,289
2026.08.21 22:54,2026.08.21 15:54,4620.26,4620.52,0.26,217
2026.08.21 22:55,2026.08.21 15:55,4619.45,4619.70,0.25,382
2026.08.21 22:56,2026.08.21 15:56,4618.68,4618.92,0.24,278
2026.08.21 22:57,2026.08.21 15:57,4618.10,4618.34,0.24,378
2026.08.21 22:58,2026.08.21 15:58,4615.94,4616.20,0.26,311
2026.08.21 22:59,2026.08.21 15:59,4615.59,4615.85,0.26,390
2026.08.21 23:00,2026.08.21 16:00,4615.99,4616.24,0.25,219
2026.08.21 23:01,2026.08.21 16:01,4616.52,4616.77,0.25,192
2026.08.21 23:02,2026.08.21 16:02,4617.11,4617.35,0.24,131
2026.08.21 23:03,2026.08.21 16:03,4617.25,4617.49,0.24,163
2026.08.21 23:04,2026.08.21 16:04,4617.01,4617.24,0.23,81
2026.08.21 23:05,2026.08.21 16:05,4617.07,4617.32,0.25,141
2026.08.21 23:06,2026.08.21 16:06,4616.44,4616.69,0.25,105
2026.08.21 23:07,2026.08.21 16:07,4616.20,4616.45,0.25,110
2026.08.21 23:08,2026.08.21 16:08,4616.32,4616.58,0.26,129
2026.08.21 23:09,2026.08.21 16:09,4616.64,4616.89,0.25,134
2026.08.21 23:10,2026.08.21 16:10,4616.58,4616.82,0.24,149
2026.08.21 23:11,2026.08.21 16:11,4616.69,4616.94,0.25,107
2026.08.21 23:12,2026.08.21 16:12,4616.70,4616.94,0.24,102
2026.08.21 23:13,2026.08.21 16:13,4616.74,4616.98,0.24,79
2026.08.21 23:14,2026.08.21 16:14,4616.46,4616.71,0.25,121
2026.08.21 23:15,2026.08.21 16:15,4615.33,4615.58,0.25,159
2026.08.21 23:16,2026.08.21 16:16,4614.48,4614.71,0.23,101
2026.08.21 23:17,2026.08.21 16:17,4613.13,4613.39,0.26,157
2026.08.21 23:18,2026.08.21 16:18,4612.58,4612.82,0.24,208
2026.08.21 23:19,2026.08.21 16:19,4611.78,4612.04,0.26,165
2026.08.21 23:20,2026.08.21 16:20,4612.25,4612.50,0.25,160
2026.08.21 23:21,2026.08.21 16:21,4611.69,4611.94,0.25,171
2026.08.21 23:22,2026.08.21 16:22,4611.07,4611.32,0.25,147
2026.08.21 23:23,2026.08.21 16:23,4610.67,4610.92,0.25,144
2026.08.21 23:24,2026.08.21 16:24,4610.61,4610.86,0.25,167
2026.08.21 23:25,2026.08.21 16:25,4610.95,4611.21,0.26,132
2026.08.21 23:26,2026.08.21 16:26,4610.73,4610.97,0.24,161
2026.08.21 23:27,2026.08.21 16:27,4611.15,4611.40,0.25,152
2026.08.21 23:28,2026.08.21 16:28,4610.77,4611.01,0.24,176
2026.08.21 23:29,2026.08.21 16:29,4611.42,4611.66,0.24,84
2026.08.21 23:30,2026.08.21 16:30,4610.87,4611.12,0.25,177
2026.08.21 23:31,2026.08.21 16:31,4610.58,4610.84,0.26,119
2026.08.21 23:32,2026.08.21 16:32,4610.16,4610.41,0.25,123
2026.08.21 23:33,2026.08.21 16:33,4610.54,4610.80,0.26,109
2026.08.21 23:34,2026.08.21 16:34,4609.99,4610.24,0.25,171
2026.08.21 23:35,2026.08.21 16:35,4611.18,4611.43,0.25,122
2026.08.21 23:36,2026.08.21 16:36,4611.13,4611.38,0.25,201
2026.08.21 23:37,2026.08.21 16:37,4608.06,4608.31,0.25,125
2026.08.21 23:38,2026.08.21 16:38,4608.30,4608.56,0.26,257
2026.08.21 23:39,2026.08.21 16:39,4608.89,4609.14,0.25,139
2026.08.21 23:40,2026.08.21 16:40,4609.08,4609.34,0.26,172
2026.08.21 23:41,2026.08.21 16:41,4608.44,4608.70,0.26,177
2026.08.21 23:42,2026.08.21 16:42,4607.99,4608.22,0.23,124
2026.08.21 23:43,2026.08.21 16:43,4608.15,4608.39,0.24,212
2026.08.21 23:44,2026.08.21 16:44,4607.93,4608.17,0.24,120
2026.08.21 23:45,2026.08.21 16:45,4608.37,4608.62,0.25,192
2026.08.21 23:46,2026.08.21 16:46,4606.68,4606.94,0.26,132
2026.08.21 23:47,2026.08.21 16:47,4604.21,4604.47,0.26,182
2026.08.21 23:48,2026.08.21 16:48,4606.43,4606.68,0.25,386
2026.08.21 23:49,2026.08.21 16:49,4606.16,4606.40,0.24,165
2026.08.21 23:50,2026.08.21 16:50,4604.40,4604.65,0.25,231
2026.08.21 23:51,2026.08.21 16:51,4604.46,4604.71,0.25,278
2026.08.21 23:52,2026.08.21 16:52,4604.74,4604.99,0.25,173
2026.08.21 23:53,2026.08.21 16:53,4604.82,4605.07,0.25,181
2026.08.21 23:54,2026.08.21 16:54,4604.20,4604.46,0.26,280
2026.08.21 23:55,2026.08.21 16:55,4603.19,4603.43,0.24,211
2026.08.21 23:56,2026.08.21 16:56,4603.73,4603.97,0.24,199
2026.08.21 23:57,2026.08.21 16:57,4603.92,4604.16,0.24,230
