DateTimeServer,DateTimeNY,Bid,Ask,Spread$,TickVolume_M1
2026.08.17 15:19,2026.08.17 08:19,4398.44,4398.61,0.17,138
2026.08.17 15:20,2026.08.17 08:20,4396.02,4396.19,0.17,274
2026.08.17 15:21,2026.08.17 08:21,4392.96,4393.13,0.17,180
2026.08.17 15:22,2026.08.17 08:22,4394.28,4394.45,0.17,153
2026.08.17 15:23,2026.08.17 08:23,4392.51,4392.68,0.17,150
2026.08.17 15:24,2026.08.17 08:24,4393.71,4393.88,0.17,180
2026.08.17 15:25,2026.08.17 08:25,4391.69,4391.86,0.17,196
2026.08.17 15:26,2026.08.17 08:26,4385.31,4385.48,0.17,301
2026.08.17 15:27,2026.08.17 08:27,4389.19,4389.36,0.17,343
2026.08.17 15:28,2026.08.17 08:28,4387.09,4387.26,0.17,249
2026.08.17 15:29,2026.08.17 08:29,4389.33,4389.59,0.26,208
2026.08.17 15:30,2026.08.17 08:30,4384.70,4384.87,0.17,194
2026.08.17 15:31,2026.08.17 08:31,4386.33,4386.50,0.17,368
2026.08.17 15:32,2026.08.17 08:32,4386.94,4387.11,0.17,211
2026.08.17 15:33,2026.08.17 08:33,4388.23,4388.40,0.17,239
2026.08.17 15:34,2026.08.17 08:34,4389.04,4389.21,0.17,222
2026.08.17 15:35,2026.08.17 08:35,4384.75,4384.92,0.17,173
2026.08.17 15:36,2026.08.17 08:36,4383.94,4384.11,0.17,248
2026.08.17 15:37,2026.08.17 08:37,4383.84,4384.01,0.17,235
2026.08.17 15:38,2026.08.17 08:38,4382.73,4382.90,0.17,203
2026.08.17 15:39,2026.08.17 08:39,4381.06,4381.23,0.17,210
2026.08.17 15:40,2026.08.17 08:40,4382.02,4382.19,0.17,197
2026.08.17 15:41,2026.08.17 08:41,4380.00,4380.17,0.17,163
2026.08.17 15:42,2026.08.17 08:42,4380.00,4380.17,0.17,246
2026.08.17 15:43,2026.08.17 08:43,4380.24,4380.41,0.17,219
2026.08.17 15:44,2026.08.17 08:44,4379.07,4379.24,0.17,210
2026.08.17 15:45,2026.08.17 08:45,4378.22,4378.39,0.17,221
2026.08.17 15:46,2026.08.17 08:46,4379.35,4379.52,0.17,184
2026.08.17 15:47,2026.08.17 08:47,4379.44,4379.61,0.17,177
2026.08.17 15:48,2026.08.17 08:48,4378.92,4379.09,0.17,166
2026.08.17 15:49,2026.08.17 08:49,4378.38,4378.55,0.17,213
2026.08.17 15:50,2026.08.17 08:50,4381.16,4381.33,0.17,213
2026.08.17 15:51,2026.08.17 08:51,4381.68,4381.85,0.17,229
2026.08.17 15:52,2026.08.17 08:52,4384.46,4384.63,0.17,191
2026.08.17 15:53,2026.08.17 08:53,4383.86,4384.03,0.17,174
2026.08.17 15:54,2026.08.17 08:54,4384.48,4384.65,0.17,191
2026.08.17 15:55,2026.08.17 08:55,4385.53,4385.70,0.17,163
2026.08.17 15:56,2026.08.17 08:56,4385.43,4385.60,0.17,160
2026.08.17 15:57,2026.08.17 08:57,4385.94,4386.11,0.17,125
2026.08.17 15:58,2026.08.17 08:58,4384.48,4384.65,0.17,165
2026.08.17 15:59,2026.08.17 08:59,4385.36,4385.55,0.19,219
2026.08.17 16:00,2026.08.17 09:00,4387.91,4388.08,0.17,354
2026.08.17 16:01,2026.08.17 09:01,4384.43,4384.60,0.17,296
2026.08.17 16:02,2026.08.17 09:02,4382.07,4382.24,0.17,288
2026.08.17 16:03,2026.08.17 09:03,4384.75,4384.92,0.17,275
2026.08.17 16:04,2026.08.17 09:04,4383.17,4383.34,0.17,223
2026.08.17 16:05,2026.08.17 09:05,4383.80,4383.97,0.17,252
2026.08.17 16:06,2026.08.17 09:06,4383.72,4383.89,0.17,205
2026.08.17 16:07,2026.08.17 09:07,4384.97,4385.14,0.17,253
2026.08.17 16:08,2026.08.17 09:08,4384.58,4384.75,0.17,210
2026.08.17 16:09,2026.08.17 09:09,4386.26,4386.43,0.17,187
2026.08.17 16:10,2026.08.17 09:10,4387.46,4387.63,0.17,229
2026.08.17 16:11,2026.08.17 09:11,4388.08,4388.25,0.17,187
2026.08.17 16:12,2026.08.17 09:12,4388.58,4388.75,0.17,265
2026.08.17 16:13,2026.08.17 09:13,4386.94,4387.11,0.17,246
2026.08.17 16:14,2026.08.17 09:14,4385.21,4385.38,0.17,184
2026.08.17 16:15,2026.08.17 09:15,4384.01,4384.18,0.17,233
2026.08.17 16:16,2026.08.17 09:16,4383.81,4383.98,0.17,246
2026.08.17 16:17,2026.08.17 09:17,4384.51,4384.68,0.17,202
2026.08.17 16:18,2026.08.17 09:18,4386.04,4386.21,0.17,187
2026.08.17 16:19,2026.08.17 09:19,4385.40,4385.57,0.17,198
2026.08.17 16:20,2026.08.17 09:20,4388.37,4388.54,0.17,229
2026.08.17 16:21,2026.08.17 09:21,4386.65,4386.82,0.17,212
2026.08.17 16:22,2026.08.17 09:22,4386.03,4386.20,0.17,181
2026.08.17 16:23,2026.08.17 09:23,4385.98,4386.15,0.17,186
2026.08.17 16:24,2026.08.17 09:24,4387.13,4387.30,0.17,176
2026.08.17 16:25,2026.08.17 09:25,4387.37,4387.54,0.17,219
2026.08.17 16:26,2026.08.17 09:26,4386.76,4386.93,0.17,164
2026.08.17 16:27,2026.08.17 09:27,4386.36,4386.53,0.17,192
2026.08.17 16:28,2026.08.17 09:28,4386.46,4386.63,0.17,177
2026.08.17 16:29,2026.08.17 09:29,4386.29,4386.46,0.17,189
2026.08.17 16:30,2026.08.17 09:30,4388.65,4388.82,0.17,396
2026.08.17 16:31,2026.08.17 09:31,4387.80,4387.97,0.17,330
2026.08.17 16:32,2026.08.17 09:32,4389.27,4389.44,0.17,332
2026.08.17 16:33,2026.08.17 09:33,4389.08,4389.25,0.17,291
2026.08.17 16:34,2026.08.17 09:34,4388.35,4388.52,0.17,306
2026.08.17 16:35,2026.08.17 09:35,4386.50,4386.67,0.17,342
2026.08.17 16:36,2026.08.17 09:36,4389.08,4389.25,0.17,320
2026.08.17 16:37,2026.08.17 09:37,4390.35,4390.52,0.17,288
2026.08.17 16:38,2026.08.17 09:38,4391.67,4391.84,0.17,311
2026.08.17 16:39,2026.08.17 09:39,4388.05,4388.22,0.17,315
2026.08.17 16:40,2026.08.17 09:40,4387.11,4387.28,0.17,333
2026.08.17 16:41,2026.08.17 09:41,4388.01,4388.18,0.17,289
2026.08.17 16:42,2026.08.17 09:42,4386.33,4386.50,0.17,282
2026.08.17 16:43,2026.08.17 09:43,4386.36,4386.53,0.17,262
2026.08.17 16:44,2026.08.17 09:44,4385.05,4385.22,0.17,261
2026.08.17 16:45,2026.08.17 09:45,4387.10,4387.27,0.17,281
2026.08.17 16:46,2026.08.17 09:46,4389.01,4389.18,0.17,325
2026.08.17 16:47,2026.08.17 09:47,4390.15,4390.32,0.17,305
2026.08.17 16:48,2026.08.17 09:48,4393.67,4393.84,0.17,308
2026.08.17 16:49,2026.08.17 09:49,4395.43,4395.60,0.17,304
2026.08.17 16:50,2026.08.17 09:50,4398.56,4398.80,0.24,320
2026.08.17 16:51,2026.08.17 09:51,4404.17,4404.34,0.17,341
2026.08.17 16:52,2026.08.17 09:52,4404.43,4404.60,0.17,368
2026.08.17 16:53,2026.08.17 09:53,4404.73,4404.90,0.17,347
2026.08.17 16:54,2026.08.17 09:54,4402.94,4403.11,0.17,350
2026.08.17 16:55,2026.08.17 09:55,4405.90,4406.07,0.17,377
2026.08.17 16:56,2026.08.17 09:56,4413.79,4413.96,0.17,395
2026.08.17 16:57,2026.08.17 09:57,4410.11,4410.28,0.17,403
2026.08.17 16:58,2026.08.17 09:58,4409.59,4409.76,0.17,323
2026.08.17 16:59,2026.08.17 09:59,4408.20,4408.37,0.17,290
2026.08.17 17:00,2026.08.17 10:00,4408.16,4408.33,0.17,387
2026.08.17 17:01,2026.08.17 10:01,4406.43,4406.60,0.17,364
2026.08.17 17:02,2026.08.17 10:02,4406.03,4406.20,0.17,365
2026.08.17 17:03,2026.08.17 10:03,4406.49,4406.66,0.17,321
2026.08.17 17:04,2026.08.17 10:04,4407.86,4408.03,0.17,294
2026.08.17 17:05,2026.08.17 10:05,4406.94,4407.11,0.17,352
2026.08.17 17:06,2026.08.17 10:06,4405.59,4405.76,0.17,331
2026.08.17 17:07,2026.08.17 10:07,4405.84,4406.01,0.17,296
2026.08.17 17:08,2026.08.17 10:08,4405.75,4405.92,0.17,296
2026.08.17 17:09,2026.08.17 10:09,4404.94,4405.11,0.17,298
2026.08.17 17:10,2026.08.17 10:10,4405.24,4405.41,0.17,243
2026.08.17 17:11,2026.08.17 10:11,4404.86,4405.03,0.17,242
2026.08.17 17:12,2026.08.17 10:12,4409.85,4410.02,0.17,280
2026.08.17 17:13,2026.08.17 10:13,4409.98,4410.15,0.17,291
2026.08.17 17:14,2026.08.17 10:14,4412.79,4412.97,0.18,284
2026.08.17 17:15,2026.08.17 10:15,4415.88,4416.05,0.17,310
2026.08.17 17:16,2026.08.17 10:16,4414.70,4414.87,0.17,319
2026.08.17 17:17,2026.08.17 10:17,4417.55,4417.72,0.17,339
2026.08.17 17:18,2026.08.17 10:18,4418.26,4418.43,0.17,397
2026.08.17 17:19,2026.08.17 10:19,4419.76,4419.93,0.17,329
2026.08.17 17:20,2026.08.17 10:20,4419.13,4419.30,0.17,332
2026.08.17 17:21,2026.08.17 10:21,4420.30,4420.50,0.20,329
2026.08.17 17:22,2026.08.17 10:22,4421.91,4422.08,0.17,324
2026.08.17 17:23,2026.08.17 10:23,4425.27,4425.48,0.21,339
2026.08.17 17:24,2026.08.17 10:24,4424.73,4424.90,0.17,385
2026.08.17 17:25,2026.08.17 10:25,4423.06,4423.23,0.17,370
2026.08.17 17:26,2026.08.17 10:26,4420.93,4421.10,0.17,310
2026.08.17 17:27,2026.08.17 10:27,4418.40,4418.57,0.17,358
2026.08.17 17:28,2026.08.17 10:28,4417.25,4417.42,0.17,317
2026.08.17 17:29,2026.08.17 10:29,4420.37,4420.54,0.17,288
2026.08.17 17:30,2026.08.17 10:30,4419.02,4419.19,0.17,338
2026.08.17 17:31,2026.08.17 10:31,4420.23,4420.40,0.17,270
2026.08.17 17:32,2026.08.17 10:32,4424.47,4424.64,0.17,281
2026.08.17 17:33,2026.08.17 10:33,4423.30,4423.47,0.17,315
2026.08.17 17:34,2026.08.17 10:34,4423.28,4423.45,0.17,281
2026.08.17 17:35,2026.08.17 10:35,4422.49,4422.66,0.17,289
2026.08.17 17:36,2026.08.17 10:36,4420.63,4420.80,0.17,311
2026.08.17 17:37,2026.08.17 10:37,4419.08,4419.25,0.17,328
2026.08.17 17:38,2026.08.17 10:38,4416.84,4417.01,0.17,288
2026.08.17 17:39,2026.08.17 10:39,4420.80,4420.97,0.17,235
2026.08.17 17:40,2026.08.17 10:40,4419.93,4420.10,0.17,301
2026.08.17 17:41,2026.08.17 10:41,4419.84,4420.01,0.17,290
2026.08.17 17:42,2026.08.17 10:42,4420.51,4420.68,0.17,247
2026.08.17 17:43,2026.08.17 10:43,4419.10,4419.27,0.17,250
2026.08.17 17:44,2026.08.17 10:44,4417.68,4417.85,0.17,245
2026.08.17 17:45,2026.08.17 10:45,4415.81,4415.98,0.17,277
2026.08.17 17:46,2026.08.17 10:46,4414.63,4414.80,0.17,265
2026.08.17 17:47,2026.08.17 10:47,4417.33,4417.50,0.17,267
2026.08.17 17:48,2026.08.17 10:48,4418.40,4418.57,0.17,287
2026.08.17 17:49,2026.08.17 10:49,4418.55,4418.72,0.17,248
2026.08.17 17:50,2026.08.17 10:50,4419.71,4419.88,0.17,266
2026.08.17 17:51,2026.08.17 10:51,4418.72,4418.89,0.17,291
2026.08.17 17:52,2026.08.17 10:52,4419.06,4419.23,0.17,285
2026.08.17 17:53,2026.08.17 10:53,4417.45,4417.62,0.17,332
2026.08.17 17:54,2026.08.17 10:54,4417.25,4417.42,0.17,279
2026.08.17 17:55,2026.08.17 10:55,4416.37,4416.54,0.17,265
2026.08.17 17:56,2026.08.17 10:56,4416.03,4416.20,0.17,260
2026.08.17 17:57,2026.08.17 10:57,4415.36,4415.53,0.17,290
2026.08.17 17:58,2026.08.17 10:58,4416.11,4416.28,0.17,246
2026.08.17 17:59,2026.08.17 10:59,4417.80,4417.97,0.17,278
2026.08.17 18:00,2026.08.17 11:00,4416.89,4417.06,0.17,324
2026.08.17 18:01,2026.08.17 11:01,4417.17,4417.34,0.17,280
2026.08.17 18:02,2026.08.17 11:02,4417.38,4417.55,0.17,280
2026.08.17 18:03,2026.08.17 11:03,4417.89,4418.06,0.17,221
2026.08.17 18:04,2026.08.17 11:04,4418.69,4418.86,0.17,221
2026.08.17 18:05,2026.08.17 11:05,4419.67,4419.84,0.17,265
2026.08.17 18:06,2026.08.17 11:06,4417.59,4417.76,0.17,222
2026.08.17 18:07,2026.08.17 11:07,4417.33,4417.50,0.17,255
2026.08.17 18:08,2026.08.17 11:08,4418.08,4418.25,0.17,253
2026.08.17 18:09,2026.08.17 11:09,4418.08,4418.25,0.17,219
2026.08.17 18:10,2026.08.17 11:10,4419.84,4420.01,0.17,257
2026.08.17 18:11,2026.08.17 11:11,4420.89,4421.06,0.17,201
2026.08.17 18:12,2026.08.17 11:12,4421.34,4421.51,0.17,258
2026.08.17 18:13,2026.08.17 11:13,4421.23,4421.40,0.17,188
2026.08.17 18:14,2026.08.17 11:14,4420.91,4421.08,0.17,188
2026.08.17 18:15,2026.08.17 11:15,4422.25,4422.42,0.17,270
2026.08.17 18:16,2026.08.17 11:16,4422.96,4423.13,0.17,230
2026.08.17 18:17,2026.08.17 11:17,4420.07,4420.24,0.17,253
2026.08.17 18:18,2026.08.17 11:18,4422.07,4422.24,0.17,258
2026.08.17 18:19,2026.08.17 11:19,4422.63,4422.80,0.17,196
2026.08.17 18:20,2026.08.17 11:20,4422.48,4422.65,0.17,238
2026.08.17 18:21,2026.08.17 11:21,4422.18,4422.35,0.17,266
2026.08.17 18:22,2026.08.17 11:22,4422.38,4422.55,0.17,261
2026.08.17 18:23,2026.08.17 11:23,4423.19,4423.36,0.17,228
2026.08.17 18:24,2026.08.17 11:24,4423.83,4424.00,0.17,222
2026.08.17 18:25,2026.08.17 11:25,4421.49,4421.66,0.17,265
2026.08.17 18:26,2026.08.17 11:26,4423.16,4423.33,0.17,284
2026.08.17 18:27,2026.08.17 11:27,4424.19,4424.36,0.17,258
2026.08.17 18:28,2026.08.17 11:28,4425.55,4425.72,0.17,265
2026.08.17 18:29,2026.08.17 11:29,4425.73,4425.90,0.17,264
2026.08.17 18:30,2026.08.17 11:30,4424.83,4425.00,0.17,276
2026.08.17 18:31,2026.08.17 11:31,4422.32,4422.49,0.17,264
2026.08.17 18:32,2026.08.17 11:32,4423.26,4423.43,0.17,255
2026.08.17 18:33,2026.08.17 11:33,4423.33,4423.50,0.17,258
2026.08.17 18:34,2026.08.17 11:34,4422.46,4422.63,0.17,233
2026.08.17 18:35,2026.08.17 11:35,4421.36,4421.53,0.17,232
2026.08.17 18:36,2026.08.17 11:36,4421.60,4421.77,0.17,226
2026.08.17 18:37,2026.08.17 11:37,4423.13,4423.30,0.17,173
2026.08.17 18:38,2026.08.17 11:38,4422.84,4423.01,0.17,191
2026.08.17 18:39,2026.08.17 11:39,4422.58,4422.75,0.17,195
2026.08.17 18:40,2026.08.17 11:40,4421.26,4421.43,0.17,228
2026.08.17 18:41,2026.08.17 11:41,4420.61,4420.78,0.17,261
2026.08.17 18:42,2026.08.17 11:42,4420.92,4421.09,0.17,191
2026.08.17 18:43,2026.08.17 11:43,4419.88,4420.05,0.17,188
2026.08.17 18:44,2026.08.17 11:44,4418.51,4418.68,0.17,243
2026.08.17 18:45,2026.08.17 11:45,4418.66,4418.83,0.17,246
2026.08.17 18:46,2026.08.17 11:46,4420.78,4420.95,0.17,223
2026.08.17 18:47,2026.08.17 11:47,4421.80,4421.97,0.17,201
2026.08.17 18:48,2026.08.17 11:48,4423.89,4424.06,0.17,227
2026.08.17 18:49,2026.08.17 11:49,4423.92,4424.09,0.17,216
2026.08.17 18:50,2026.08.17 11:50,4423.76,4423.93,0.17,186
2026.08.17 18:51,2026.08.17 11:51,4423.91,4424.08,0.17,150
2026.08.17 18:52,2026.08.17 11:52,4423.53,4423.70,0.17,180
2026.08.17 18:53,2026.08.17 11:53,4425.75,4425.92,0.17,202
2026.08.17 18:54,2026.08.17 11:54,4426.73,4426.90,0.17,200
2026.08.17 18:55,2026.08.17 11:55,4426.82,4426.99,0.17,199
2026.08.17 18:56,2026.08.17 11:56,4426.99,4427.16,0.17,239
2026.08.17 18:57,2026.08.17 11:57,4426.76,4426.93,0.17,204
2026.08.17 18:58,2026.08.17 11:58,4426.43,4426.60,0.17,169
2026.08.17 18:59,2026.08.17 11:59,4427.38,4427.55,0.17,178
2026.08.17 19:00,2026.08.17 12:00,4427.39,4427.56,0.17,215
2026.08.17 19:01,2026.08.17 12:01,4425.32,4425.49,0.17,236
2026.08.17 19:02,2026.08.17 12:02,4424.94,4425.11,0.17,198
2026.08.17 19:03,2026.08.17 12:03,4425.67,4425.84,0.17,193
2026.08.17 19:04,2026.08.17 12:04,4425.08,4425.25,0.17,156
2026.08.17 19:05,2026.08.17 12:05,4424.94,4425.11,0.17,162
2026.08.17 19:06,2026.08.17 12:06,4425.09,4425.26,0.17,194
2026.08.17 19:07,2026.08.17 12:07,4426.89,4427.06,0.17,147
2026.08.17 19:08,2026.08.17 12:08,4428.11,4428.28,0.17,169
2026.08.17 19:09,2026.08.17 12:09,4427.26,4427.43,0.17,184
2026.08.17 19:10,2026.08.17 12:10,4427.32,4427.49,0.17,206
2026.08.17 19:11,2026.08.17 12:11,4426.80,4426.97,0.17,192
2026.08.17 19:12,2026.08.17 12:12,4426.69,4426.86,0.17,156
2026.08.17 19:13,2026.08.17 12:13,4426.65,4426.82,0.17,180
2026.08.17 19:14,2026.08.17 12:14,4426.47,4426.64,0.17,144
2026.08.17 19:15,2026.08.17 12:15,4426.74,4426.91,0.17,193
2026.08.17 19:16,2026.08.17 12:16,4426.82,4426.99,0.17,208
2026.08.17 19:17,2026.08.17 12:17,4426.07,4426.24,0.17,169
2026.08.17 19:18,2026.08.17 12:18,4425.98,4426.15,0.17,151
2026.08.17 19:19,2026.08.17 12:19,4425.08,4425.25,0.17,153
2026.08.17 19:20,2026.08.17 12:20,4426.46,4426.63,0.17,218
2026.08.17 19:21,2026.08.17 12:21,4427.51,4427.68,0.17,190
2026.08.17 19:22,2026.08.17 12:22,4426.78,4426.95,0.17,127
2026.08.17 19:23,2026.08.17 12:23,4425.42,4425.59,0.17,170
2026.08.17 19:24,2026.08.17 12:24,4424.51,4424.68,0.17,202
2026.08.17 19:25,2026.08.17 12:25,4424.13,4424.30,0.17,169
2026.08.17 19:26,2026.08.17 12:26,4423.78,4423.95,0.17,154
2026.08.17 19:27,2026.08.17 12:27,4423.73,4423.90,0.17,170
2026.08.17 19:28,2026.08.17 12:28,4423.77,4423.94,0.17,164
2026.08.17 19:29,2026.08.17 12:29,4424.74,4424.91,0.17,165
2026.08.17 19:30,2026.08.17 12:30,4424.98,4425.15,0.17,217
2026.08.17 19:31,2026.08.17 12:31,4424.51,4424.68,0.17,171
2026.08.17 19:32,2026.08.17 12:32,4423.38,4423.55,0.17,119
2026.08.17 19:33,2026.08.17 12:33,4424.43,4424.60,0.17,151
2026.08.17 19:34,2026.08.17 12:34,4423.89,4424.06,0.17,99
2026.08.17 19:35,2026.08.17 12:35,4424.52,4424.69,0.17,157
2026.08.17 19:36,2026.08.17 12:36,4425.43,4425.60,0.17,118
2026.08.17 19:37,2026.08.17 12:37,4426.47,4426.64,0.17,141
2026.08.17 19:38,2026.08.17 12:38,4426.71,4426.88,0.17,190
2026.08.17 19:39,2026.08.17 12:39,4426.80,4426.97,0.17,113
2026.08.17 19:40,2026.08.17 12:40,4426.48,4426.65,0.17,134
2026.08.17 19:41,2026.08.17 12:41,4425.48,4425.65,0.17,111
2026.08.17 19:42,2026.08.17 12:42,4426.05,4426.22,0.17,134
2026.08.17 19:43,2026.08.17 12:43,4425.30,4425.47,0.17,102
2026.08.17 19:44,2026.08.17 12:44,4424.42,4424.59,0.17,112
2026.08.17 19:45,2026.08.17 12:45,4423.49,4423.66,0.17,127
2026.08.17 19:46,2026.08.17 12:46,4423.43,4423.60,0.17,123
2026.08.17 19:47,2026.08.17 12:47,4423.63,4423.80,0.17,110
2026.08.17 19:48,2026.08.17 12:48,4422.90,4423.07,0.17,120
2026.08.17 19:49,2026.08.17 12:49,4424.99,4425.16,0.17,154
2026.08.17 19:50,2026.08.17 12:50,4425.19,4425.36,0.17,113
2026.08.17 19:51,2026.08.17 12:51,4423.66,4423.83,0.17,101
2026.08.17 19:52,2026.08.17 12:52,4423.31,4423.48,0.17,130
2026.08.17 19:53,2026.08.17 12:53,4422.98,4423.15,0.17,111
2026.08.17 19:54,2026.08.17 12:54,4423.90,4424.07,0.17,133
2026.08.17 19:55,2026.08.17 12:55,4424.84,4425.01,0.17,138
2026.08.17 19:56,2026.08.17 12:56,4425.27,4425.44,0.17,132
2026.08.17 19:57,2026.08.17 12:57,4424.63,4424.80,0.17,122
2026.08.17 19:58,2026.08.17 12:58,4424.57,4424.74,0.17,139
2026.08.17 19:59,2026.08.17 12:59,4424.11,4424.28,0.17,154
2026.08.17 20:00,2026.08.17 13:00,4424.46,4424.63,0.17,201
2026.08.17 20:01,2026.08.17 13:01,4424.94,4425.11,0.17,150
2026.08.17 20:02,2026.08.17 13:02,4425.94,4426.11,0.17,151
2026.08.17 20:03,2026.08.17 13:03,4425.10,4425.27,0.17,170
2026.08.17 20:04,2026.08.17 13:04,4424.36,4424.53,0.17,164
2026.08.17 20:05,2026.08.17 13:05,4422.58,4422.75,0.17,240
2026.08.17 20:06,2026.08.17 13:06,4422.09,4422.28,0.19,203
2026.08.17 20:07,2026.08.17 13:07,4421.45,4421.62,0.17,225
2026.08.17 20:08,2026.08.17 13:08,4421.84,4422.01,0.17,191
2026.08.17 20:09,2026.08.17 13:09,4422.49,4422.66,0.17,171
2026.08.17 20:10,2026.08.17 13:10,4422.53,4422.70,0.17,166
2026.08.17 20:11,2026.08.17 13:11,4421.91,4422.08,0.17,197
2026.08.17 20:12,2026.08.17 13:12,4422.40,4422.57,0.17,177
2026.08.17 20:13,2026.08.17 13:13,4422.17,4422.34,0.17,170
2026.08.17 20:14,2026.08.17 13:14,4422.78,4422.95,0.17,171
2026.08.17 20:15,2026.08.17 13:15,4420.97,4421.14,0.17,189
2026.08.17 20:16,2026.08.17 13:16,4421.44,4421.61,0.17,175
2026.08.17 20:17,2026.08.17 13:17,4421.25,4421.42,0.17,194
2026.08.17 20:18,2026.08.17 13:18,4420.69,4420.86,0.17,241
2026.08.17 20:19,2026.08.17 13:19,4419.39,4419.56,0.17,231
2026.08.17 20:20,2026.08.17 13:20,4419.91,4420.08,0.17,229
2026.08.17 20:21,2026.08.17 13:21,4419.58,4419.75,0.17,218
2026.08.17 20:22,2026.08.17 13:22,4418.30,4418.47,0.17,186
2026.08.17 20:23,2026.08.17 13:23,4416.22,4416.39,0.17,254
2026.08.17 20:24,2026.08.17 13:24,4417.05,4417.22,0.17,271
2026.08.17 20:25,2026.08.17 13:25,4416.91,4417.08,0.17,224
2026.08.17 20:26,2026.08.17 13:26,4414.22,4414.39,0.17,214
2026.08.17 20:27,2026.08.17 13:27,4414.46,4414.63,0.17,225
2026.08.17 20:28,2026.08.17 13:28,4416.33,4416.50,0.17,219
2026.08.17 20:29,2026.08.17 13:29,4416.24,4416.41,0.17,301
2026.08.17 20:30,2026.08.17 13:30,4414.38,4414.55,0.17,273
2026.08.17 20:31,2026.08.17 13:31,4414.69,4414.86,0.17,234
2026.08.17 20:32,2026.08.17 13:32,4416.97,4417.14,0.17,217
2026.08.17 20:33,2026.08.17 13:33,4417.50,4417.67,0.17,206
2026.08.17 20:34,2026.08.17 13:34,4417.45,4417.62,0.17,150
2026.08.17 20:35,2026.08.17 13:35,4415.73,4415.90,0.17,182
2026.08.17 20:36,2026.08.17 13:36,4415.84,4416.01,0.17,182
2026.08.17 20:37,2026.08.17 13:37,4415.44,4415.61,0.17,197
2026.08.17 20:38,2026.08.17 13:38,4414.07,4414.24,0.17,190
2026.08.17 20:39,2026.08.17 13:39,4412.16,4412.33,0.17,247
2026.08.17 20:40,2026.08.17 13:40,4412.73,4412.90,0.17,241
2026.08.17 20:41,2026.08.17 13:41,4414.21,4414.38,0.17,218
2026.08.17 20:42,2026.08.17 13:42,4415.48,4415.65,0.17,177
2026.08.17 20:43,2026.08.17 13:43,4415.82,4415.99,0.17,163
2026.08.17 20:44,2026.08.17 13:44,4417.72,4417.89,0.17,202
2026.08.17 20:45,2026.08.17 13:45,4419.80,4419.97,0.17,212
2026.08.17 20:46,2026.08.17 13:46,4418.29,4418.46,0.17,212
2026.08.17 20:47,2026.08.17 13:47,4419.31,4419.48,0.17,162
2026.08.17 20:48,2026.08.17 13:48,4418.57,4418.74,0.17,149
2026.08.17 20:49,2026.08.17 13:49,4419.70,4419.87,0.17,138
2026.08.17 20:50,2026.08.17 13:50,4420.20,4420.37,0.17,176
2026.08.17 20:51,2026.08.17 13:51,4418.25,4418.42,0.17,147
2026.08.17 20:52,2026.08.17 13:52,4418.13,4418.30,0.17,107
2026.08.17 20:53,2026.08.17 13:53,4418.53,4418.70,0.17,140
2026.08.17 20:54,2026.08.17 13:54,4417.55,4417.72,0.17,134
2026.08.17 20:55,2026.08.17 13:55,4416.43,4416.60,0.17,123
2026.08.17 20:56,2026.08.17 13:56,4414.61,4414.78,0.17,175
2026.08.17 20:57,2026.08.17 13:57,4413.92,4414.09,0.17,196
2026.08.17 20:58,2026.08.17 13:58,4413.30,4413.47,0.17,173
2026.08.17 20:59,2026.08.17 13:59,4413.61,4413.78,0.17,138
2026.08.17 21:00,2026.08.17 14:00,4413.61,4413.78,0.17,202
2026.08.17 21:01,2026.08.17 14:01,4413.97,4414.14,0.17,170
2026.08.17 21:02,2026.08.17 14:02,4411.75,4411.92,0.17,233
2026.08.17 21:03,2026.08.17 14:03,4411.10,4411.27,0.17,211
2026.08.17 21:04,2026.08.17 14:04,4411.02,4411.19,0.17,185
2026.08.17 21:05,2026.08.17 14:05,4412.46,4412.63,0.17,177
2026.08.17 21:06,2026.08.17 14:06,4411.48,4411.65,0.17,228
2026.08.17 21:07,2026.08.17 14:07,4412.84,4413.01,0.17,218
2026.08.17 21:08,2026.08.17 14:08,4411.63,4411.80,0.17,192
2026.08.17 21:09,2026.08.17 14:09,4411.25,4411.42,0.17,180
2026.08.17 21:10,2026.08.17 14:10,4410.62,4410.79,0.17,187
2026.08.17 21:11,2026.08.17 14:11,4411.51,4411.68,0.17,191
2026.08.17 21:12,2026.08.17 14:12,4411.80,4411.97,0.17,188
2026.08.17 21:13,2026.08.17 14:13,4412.17,4412.34,0.17,165
2026.08.17 21:14,2026.08.17 14:14,4414.76,4414.93,0.17,158
2026.08.17 21:15,2026.08.17 14:15,4413.85,4414.02,0.17,241
2026.08.17 21:16,2026.08.17 14:16,4414.35,4414.52,0.17,179
2026.08.17 21:17,2026.08.17 14:17,4414.87,4415.04,0.17,161
2026.08.17 21:18,2026.08.17 14:18,4415.62,4415.79,0.17,191
2026.08.17 21:19,2026.08.17 14:19,4414.69,4414.86,0.17,174
2026.08.17 21:20,2026.08.17 14:20,4413.03,4413.20,0.17,166
2026.08.17 21:21,2026.08.17 14:21,4412.44,4412.61,0.17,167
2026.08.17 21:22,2026.08.17 14:22,4414.16,4414.33,0.17,178
2026.08.17 21:23,2026.08.17 14:23,4411.68,4411.85,0.17,191
2026.08.17 21:24,2026.08.17 14:24,4408.35,4408.52,0.17,237
2026.08.17 21:25,2026.08.17 14:25,4408.89,4409.06,0.17,224
2026.08.17 21:26,2026.08.17 14:26,4408.40,4408.57,0.17,172
2026.08.17 21:27,2026.08.17 14:27,4408.00,4408.17,0.17,206
2026.08.17 21:28,2026.08.17 14:28,4406.16,4406.33,0.17,275
2026.08.17 21:29,2026.08.17 14:29,4404.68,4404.85,0.17,248
2026.08.17 21:30,2026.08.17 14:30,4403.47,4403.64,0.17,240
2026.08.17 21:31,2026.08.17 14:31,4401.88,4402.05,0.17,261
2026.08.17 21:32,2026.08.17 14:32,4403.02,4403.19,0.17,308
2026.08.17 21:33,2026.08.17 14:33,4399.19,4399.36,0.17,269
2026.08.17 21:34,2026.08.17 14:34,4400.55,4400.72,0.17,239
2026.08.17 21:35,2026.08.17 14:35,4401.37,4401.54,0.17,166
2026.08.17 21:36,2026.08.17 14:36,4400.45,4400.62,0.17,164
2026.08.17 21:37,2026.08.17 14:37,4402.40,4402.57,0.17,197
2026.08.17 21:38,2026.08.17 14:38,4401.50,4401.67,0.17,175
2026.08.17 21:39,2026.08.17 14:39,4401.68,4401.85,0.17,164
2026.08.17 21:40,2026.08.17 14:40,4403.18,4403.35,0.17,150
2026.08.17 21:41,2026.08.17 14:41,4402.68,4402.85,0.17,172
2026.08.17 21:42,2026.08.17 14:42,4404.58,4404.75,0.17,155
2026.08.17 21:43,2026.08.17 14:43,4402.76,4402.93,0.17,168
2026.08.17 21:44,2026.08.17 14:44,4401.93,4402.10,0.17,168
2026.08.17 21:45,2026.08.17 14:45,4400.79,4400.96,0.17,207
2026.08.17 21:46,2026.08.17 14:46,4403.41,4403.58,0.17,148
2026.08.17 21:47,2026.08.17 14:47,4402.75,4402.92,0.17,112
2026.08.17 21:48,2026.08.17 14:48,4405.26,4405.43,0.17,157
2026.08.17 21:49,2026.08.17 14:49,4406.55,4406.72,0.17,136
2026.08.17 21:50,2026.08.17 14:50,4405.99,4406.16,0.17,147
2026.08.17 21:51,2026.08.17 14:51,4407.12,4407.29,0.17,154
2026.08.17 21:52,2026.08.17 14:52,4407.27,4407.44,0.17,128
2026.08.17 21:53,2026.08.17 14:53,4406.76,4406.93,0.17,154
2026.08.17 21:54,2026.08.17 14:54,4406.45,4406.62,0.17,168
2026.08.17 21:55,2026.08.17 14:55,4406.79,4406.96,0.17,91
2026.08.17 21:56,2026.08.17 14:56,4406.17,4406.34,0.17,162
2026.08.17 21:57,2026.08.17 14:57,4406.21,4406.38,0.17,107
2026.08.17 21:58,2026.08.17 14:58,4406.52,4406.69,0.17,97
2026.08.17 21:59,2026.08.17 14:59,4406.76,4406.93,0.17,119
2026.08.17 22:00,2026.08.17 15:00,4405.43,4405.60,0.17,196
2026.08.17 22:01,2026.08.17 15:01,4404.43,4404.60,0.17,139
2026.08.17 22:02,2026.08.17 15:02,4403.54,4403.71,0.17,165
2026.08.17 22:03,2026.08.17 15:03,4404.37,4404.54,0.17,99
2026.08.17 22:04,2026.08.17 15:04,4403.33,4403.50,0.17,146
2026.08.17 22:05,2026.08.17 15:05,4400.72,4400.89,0.17,159
2026.08.17 22:06,2026.08.17 15:06,4400.72,4400.89,0.17,186
2026.08.17 22:07,2026.08.17 15:07,4402.53,4402.70,0.17,143
2026.08.17 22:08,2026.08.17 15:08,4402.64,4402.81,0.17,147
2026.08.17 22:09,2026.08.17 15:09,4404.21,4404.38,0.17,129
2026.08.17 22:10,2026.08.17 15:10,4404.49,4404.66,0.17,153
2026.08.17 22:11,2026.08.17 15:11,4405.80,4405.97,0.17,103
2026.08.17 22:12,2026.08.17 15:12,4405.29,4405.46,0.17,120
2026.08.17 22:13,2026.08.17 15:13,4408.21,4408.38,0.17,143
2026.08.17 22:14,2026.08.17 15:14,4410.21,4410.38,0.17,233
2026.08.17 22:15,2026.08.17 15:15,4412.02,4412.19,0.17,277
2026.08.17 22:16,2026.08.17 15:16,4413.52,4413.69,0.17,230
2026.08.17 22:17,2026.08.17 15:17,4414.57,4414.74,0.17,237
2026.08.17 22:18,2026.08.17 15:18,4415.22,4415.41,0.19,209
2026.08.17 22:19,2026.08.17 15:19,4416.07,4416.24,0.17,245
2026.08.17 22:20,2026.08.17 15:20,4415.15,4415.32,0.17,280
2026.08.17 22:21,2026.08.17 15:21,4415.60,4415.77,0.17,162
2026.08.17 22:22,2026.08.17 15:22,4416.60,4416.77,0.17,154
2026.08.17 22:23,2026.08.17 15:23,4416.43,4416.60,0.17,157
2026.08.17 22:24,2026.08.17 15:24,4416.15,4416.33,0.18,141
2026.08.17 22:25,2026.08.17 15:25,4417.07,4417.24,0.17,174
2026.08.17 22:26,2026.08.17 15:26,4416.04,4416.21,0.17,146
2026.08.17 22:27,2026.08.17 15:27,4416.13,4416.32,0.19,182
2026.08.17 22:28,2026.08.17 15:28,4415.04,4415.21,0.17,142
2026.08.17 22:29,2026.08.17 15:29,4414.18,4414.35,0.17,70
2026.08.17 22:30,2026.08.17 15:30,4416.19,4416.36,0.17,162
2026.08.17 22:31,2026.08.17 15:31,4415.48,4415.65,0.17,145
2026.08.17 22:32,2026.08.17 15:32,4415.43,4415.64,0.21,138
2026.08.17 22:33,2026.08.17 15:33,4415.27,4415.44,0.17,148
2026.08.17 22:34,2026.08.17 15:34,4416.80,4416.97,0.17,133
2026.08.17 22:35,2026.08.17 15:35,4416.48,4416.65,0.17,149
2026.08.17 22:36,2026.08.17 15:36,4415.68,4415.88,0.20,211
2026.08.17 22:37,2026.08.17 15:37,4415.62,4415.80,0.18,163
2026.08.17 22:38,2026.08.17 15:38,4416.10,4416.27,0.17,144
2026.08.17 22:39,2026.08.17 15:39,4416.57,4416.74,0.17,173
2026.08.17 22:40,2026.08.17 15:40,4416.18,4416.35,0.17,159
2026.08.17 22:41,2026.08.17 15:41,4417.06,4417.23,0.17,148
2026.08.17 22:42,2026.08.17 15:42,4417.95,4418.12,0.17,152
2026.08.17 22:43,2026.08.17 15:43,4420.10,4420.27,0.17,200
2026.08.17 22:44,2026.08.17 15:44,4418.77,4418.94,0.17,259
2026.08.17 22:45,2026.08.17 15:45,4419.14,4419.31,0.17,203
2026.08.17 22:46,2026.08.17 15:46,4419.20,4419.37,0.17,192
2026.08.17 22:47,2026.08.17 15:47,4419.46,4419.63,0.17,197
2026.08.17 22:48,2026.08.17 15:48,4420.87,4421.08,0.21,170
2026.08.17 22:49,2026.08.17 15:49,4419.33,4419.50,0.17,177
2026.08.17 22:50,2026.08.17 15:50,4417.45,4417.65,0.20,214
2026.08.17 22:51,2026.08.17 15:51,4417.92,4418.09,0.17,197
2026.08.17 22:52,2026.08.17 15:52,4416.91,4417.08,0.17,208
2026.08.17 22:53,2026.08.17 15:53,4418.57,4418.74,0.17,200
2026.08.17 22:54,2026.08.17 15:54,4418.23,4418.40,0.17,222
2026.08.17 22:55,2026.08.17 15:55,4417.94,4418.11,0.17,253
2026.08.17 22:56,2026.08.17 15:56,4418.91,4419.08,0.17,195
2026.08.17 22:57,2026.08.17 15:57,4419.35,4419.52,0.17,209
2026.08.17 22:58,2026.08.17 15:58,4420.49,4420.66,0.17,234
2026.08.17 22:59,2026.08.17 15:59,4420.40,4420.60,0.20,238
2026.08.17 23:00,2026.08.17 16:00,4419.15,4419.32,0.17,161
2026.08.17 23:01,2026.08.17 16:01,4419.27,4419.44,0.17,95
2026.08.17 23:02,2026.08.17 16:02,4418.87,4419.04,0.17,81
2026.08.17 23:03,2026.08.17 16:03,4419.01,4419.18,0.17,66
2026.08.17 23:04,2026.08.17 16:04,4418.21,4418.38,0.17,64
2026.08.17 23:05,2026.08.17 16:05,4417.05,4417.22,0.17,66
2026.08.17 23:06,2026.08.17 16:06,4416.81,4416.98,0.17,64
2026.08.17 23:07,2026.08.17 16:07,4417.84,4418.01,0.17,42
2026.08.17 23:08,2026.08.17 16:08,4417.45,4417.62,0.17,34
2026.08.17 23:09,2026.08.17 16:09,4417.04,4417.21,0.17,48
2026.08.17 23:10,2026.08.17 16:10,4417.57,4417.74,0.17,49
2026.08.17 23:11,2026.08.17 16:11,4417.09,4417.26,0.17,50
2026.08.17 23:12,2026.08.17 16:12,4417.53,4417.70,0.17,55
2026.08.17 23:13,2026.08.17 16:13,4417.59,4417.76,0.17,29
2026.08.17 23:14,2026.08.17 16:14,4417.79,4417.96,0.17,37
2026.08.17 23:15,2026.08.17 16:15,4417.89,4418.06,0.17,41
2026.08.17 23:16,2026.08.17 16:16,4417.77,4417.94,0.17,27
2026.08.17 23:17,2026.08.17 16:17,4417.71,4417.88,0.17,58
2026.08.17 23:18,2026.08.17 16:18,4417.71,4417.88,0.17,40
2026.08.17 23:19,2026.08.17 16:19,4418.10,4418.27,0.17,31
2026.08.17 23:20,2026.08.17 16:20,4417.77,4417.94,0.17,38
2026.08.17 23:21,2026.08.17 16:21,4417.61,4417.78,0.17,34
2026.08.17 23:22,2026.08.17 16:22,4417.54,4417.71,0.17,38
2026.08.17 23:23,2026.08.17 16:23,4417.22,4417.39,0.17,27
2026.08.17 23:24,2026.08.17 16:24,4417.20,4417.37,0.17,33
2026.08.17 23:25,2026.08.17 16:25,4415.62,4415.79,0.17,49
2026.08.17 23:26,2026.08.17 16:26,4415.33,4415.50,0.17,42
2026.08.17 23:27,2026.08.17 16:27,4415.19,4415.36,0.17,50
2026.08.17 23:28,2026.08.17 16:28,4415.06,4415.23,0.17,35
2026.08.17 23:29,2026.08.17 16:29,4415.18,4415.35,0.17,42
2026.08.17 23:30,2026.08.17 16:30,4415.10,4415.27,0.17,59
2026.08.17 23:31,2026.08.17 16:31,4415.15,4415.32,0.17,34
2026.08.17 23:32,2026.08.17 16:32,4415.64,4415.81,0.17,39
2026.08.17 23:33,2026.08.17 16:33,4415.31,4415.48,0.17,31
2026.08.17 23:34,2026.08.17 16:34,4415.38,4415.55,0.17,41
2026.08.17 23:35,2026.08.17 16:35,4415.06,4415.23,0.17,35
2026.08.17 23:36,2026.08.17 16:36,4415.18,4415.35,0.17,41
2026.08.17 23:37,2026.08.17 16:37,4415.19,4415.36,0.17,44
2026.08.17 23:38,2026.08.17 16:38,4414.77,4414.94,0.17,41
2026.08.17 23:39,2026.08.17 16:39,4415.46,4415.63,0.17,58
2026.08.17 23:40,2026.08.17 16:40,4415.57,4415.74,0.17,70
2026.08.17 23:41,2026.08.17 16:41,4415.18,4415.35,0.17,61
2026.08.17 23:42,2026.08.17 16:42,4415.43,4415.60,0.17,59
2026.08.17 23:43,2026.08.17 16:43,4415.54,4415.71,0.17,27
2026.08.17 23:44,2026.08.17 16:44,4415.22,4415.39,0.17,57
2026.08.17 23:45,2026.08.17 16:45,4415.77,4415.94,0.17,80
2026.08.17 23:46,2026.08.17 16:46,4416.64,4416.81,0.17,46
2026.08.17 23:47,2026.08.17 16:47,4415.80,4415.98,0.18,72
2026.08.17 23:48,2026.08.17 16:48,4415.77,4416.02,0.25,54
2026.08.17 23:49,2026.08.17 16:49,4415.95,4416.12,0.17,61
2026.08.17 23:50,2026.08.17 16:50,4415.84,4416.02,0.18,59
2026.08.17 23:51,2026.08.17 16:51,4415.44,4415.61,0.17,34
2026.08.17 23:52,2026.08.17 16:52,4415.36,4415.54,0.18,40
2026.08.17 23:53,2026.08.17 16:53,4415.37,4415.54,0.17,29
2026.08.17 23:54,2026.08.17 16:54,4416.13,4416.34,0.21,49
2026.08.18 01:05,2026.08.17 18:05,4415.68,4416.03,0.35,28
2026.08.18 01:06,2026.08.17 18:06,4416.03,4416.20,0.17,19
2026.08.18 01:07,2026.08.17 18:07,4415.54,4415.99,0.45,71
2026.08.18 01:08,2026.08.17 18:08,4416.17,4416.47,0.30,20
2026.08.18 01:09,2026.08.17 18:09,4415.38,4415.65,0.27,42
2026.08.18 01:10,2026.08.17 18:10,4416.30,4416.89,0.59,37
2026.08.18 01:11,2026.08.17 18:11,4416.56,4416.96,0.40,39
2026.08.18 01:12,2026.08.17 18:12,4416.48,4416.91,0.43,39
2026.08.18 01:13,2026.08.17 18:13,4416.58,4416.97,0.39,26
2026.08.18 01:14,2026.08.17 18:14,4416.26,4416.61,0.35,15
2026.08.18 01:15,2026.08.17 18:15,4416.77,4417.15,0.38,34
2026.08.18 01:16,2026.08.17 18:16,4416.64,4417.18,0.54,39
2026.08.18 01:17,2026.08.17 18:17,4416.59,4417.15,0.56,37
2026.08.18 01:18,2026.08.17 18:18,4415.85,4416.34,0.49,46
2026.08.18 01:19,2026.08.17 18:19,4415.75,4416.19,0.44,24
2026.08.18 01:20,2026.08.17 18:20,4415.81,4416.32,0.51,46
2026.08.18 01:21,2026.08.17 18:21,4415.51,4415.99,0.48,45
2026.08.18 01:22,2026.08.17 18:22,4415.71,4416.07,0.36,47
2026.08.18 01:23,2026.08.17 18:23,4415.34,4415.74,0.40,41
2026.08.18 01:24,2026.08.17 18:24,4415.30,4415.59,0.29,26
2026.08.18 01:25,2026.08.17 18:25,4415.05,4415.37,0.32,32
2026.08.18 01:26,2026.08.17 18:26,4412.63,4412.97,0.34,55
2026.08.18 01:27,2026.08.17 18:27,4412.23,4412.55,0.32,67
2026.08.18 01:28,2026.08.17 18:28,4412.12,4412.32,0.20,62
2026.08.18 01:29,2026.08.17 18:29,4412.90,4413.12,0.22,48
2026.08.18 01:30,2026.08.17 18:30,4412.17,4412.42,0.25,89
2026.08.18 01:31,2026.08.17 18:31,4412.26,4412.43,0.17,53
2026.08.18 01:32,2026.08.17 18:32,4412.15,4412.36,0.21,70
2026.08.18 01:33,2026.08.17 18:33,4412.97,4413.15,0.18,63
2026.08.18 01:34,2026.08.17 18:34,4412.73,4412.90,0.17,90
2026.08.18 01:35,2026.08.17 18:35,4413.33,4413.50,0.17,85
2026.08.18 01:36,2026.08.17 18:36,4414.20,4414.37,0.17,77
2026.08.18 01:37,2026.08.17 18:37,4413.51,4413.68,0.17,47
2026.08.18 01:38,2026.08.17 18:38,4413.58,4413.75,0.17,62
2026.08.18 01:39,2026.08.17 18:39,4413.40,4413.57,0.17,54
2026.08.18 01:40,2026.08.17 18:40,4413.31,4413.48,0.17,51
2026.08.18 01:41,2026.08.17 18:41,4414.00,4414.17,0.17,61
2026.08.18 01:42,2026.08.17 18:42,4414.59,4414.76,0.17,47
2026.08.18 01:43,2026.08.17 18:43,4414.84,4415.01,0.17,48
2026.08.18 01:44,2026.08.17 18:44,4414.67,4414.84,0.17,57
2026.08.18 01:45,2026.08.17 18:45,4414.46,4414.63,0.17,34
2026.08.18 01:46,2026.08.17 18:46,4415.00,4415.17,0.17,51
2026.08.18 01:47,2026.08.17 18:47,4414.70,4414.87,0.17,48
2026.08.18 01:48,2026.08.17 18:48,4415.12,4415.29,0.17,46
2026.08.18 01:49,2026.08.17 18:49,4415.24,4415.41,0.17,53
2026.08.18 01:50,2026.08.17 18:50,4415.23,4415.40,0.17,41
2026.08.18 01:51,2026.08.17 18:51,4415.26,4415.43,0.17,29
2026.08.18 01:52,2026.08.17 18:52,4414.38,4414.55,0.17,41
2026.08.18 01:53,2026.08.17 18:53,4413.33,4413.50,0.17,35
2026.08.18 01:54,2026.08.17 18:54,4412.88,4413.05,0.17,52
2026.08.18 01:55,2026.08.17 18:55,4412.60,4412.88,0.28,70
2026.08.18 01:56,2026.08.17 18:56,4410.61,4410.90,0.29,45
2026.08.18 01:57,2026.08.17 18:57,4411.28,4411.58,0.30,96
2026.08.18 01:58,2026.08.17 18:58,4411.27,4411.44,0.17,78
2026.08.18 01:59,2026.08.17 18:59,4410.48,4410.65,0.17,72
2026.08.18 02:00,2026.08.17 19:00,4412.14,4412.31,0.17,124
2026.08.18 02:01,2026.08.17 19:01,4412.12,4412.29,0.17,85
2026.08.18 02:02,2026.08.17 19:02,4411.80,4412.05,0.25,60
2026.08.18 02:03,2026.08.17 19:03,4412.89,4413.06,0.17,60
2026.08.18 02:04,2026.08.17 19:04,4413.50,4413.67,0.17,94
2026.08.18 02:05,2026.08.17 19:05,4413.61,4413.79,0.18,60
2026.08.18 02:06,2026.08.17 19:06,4413.15,4413.40,0.25,67
2026.08.18 02:07,2026.08.17 19:07,4414.37,4414.55,0.18,50
2026.08.18 02:08,2026.08.17 19:08,4414.14,4414.31,0.17,44
2026.08.18 02:09,2026.08.17 19:09,4413.95,4414.14,0.19,55
2026.08.18 02:10,2026.08.17 19:10,4413.77,4413.94,0.17,55
2026.08.18 02:11,2026.08.17 19:11,4414.01,4414.18,0.17,64
2026.08.18 02:12,2026.08.17 19:12,4413.84,4414.01,0.17,32
2026.08.18 02:13,2026.08.17 19:13,4414.50,4414.70,0.20,47
2026.08.18 02:14,2026.08.17 19:14,4415.23,4415.46,0.23,76
2026.08.18 02:15,2026.08.17 19:15,4415.99,4416.16,0.17,92
2026.08.18 02:16,2026.08.17 19:16,4416.53,4416.91,0.38,111
2026.08.18 02:17,2026.08.17 19:17,4416.57,4416.80,0.23,98
2026.08.18 02:18,2026.08.17 19:18,4417.80,4417.97,0.17,67
2026.08.18 02:19,2026.08.17 19:19,4418.13,4418.30,0.17,85
2026.08.18 02:20,2026.08.17 19:20,4417.86,4418.03,0.17,67
2026.08.18 02:21,2026.08.17 19:21,4417.89,4418.15,0.26,47
2026.08.18 02:22,2026.08.17 19:22,4416.92,4417.09,0.17,58
2026.08.18 02:23,2026.08.17 19:23,4416.43,4416.65,0.22,64
2026.08.18 02:24,2026.08.17 19:24,4418.59,4418.78,0.19,65
2026.08.18 02:25,2026.08.17 19:25,4420.43,4420.60,0.17,121
2026.08.18 02:26,2026.08.17 19:26,4420.40,4420.57,0.17,104
2026.08.18 02:27,2026.08.17 19:27,4420.70,4420.87,0.17,87
2026.08.18 02:28,2026.08.17 19:28,4420.18,4420.35,0.17,100
2026.08.18 02:29,2026.08.17 19:29,4421.58,4421.75,0.17,60
2026.08.18 02:30,2026.08.17 19:30,4421.13,4421.30,0.17,87
2026.08.18 02:31,2026.08.17 19:31,4422.20,4422.39,0.19,92
2026.08.18 02:32,2026.08.17 19:32,4421.56,4421.73,0.17,60
2026.08.18 02:33,2026.08.17 19:33,4421.36,4421.53,0.17,47
2026.08.18 02:34,2026.08.17 19:34,4421.71,4421.88,0.17,96
2026.08.18 02:35,2026.08.17 19:35,4422.15,4422.32,0.17,70
2026.08.18 02:36,2026.08.17 19:36,4421.76,4422.03,0.27,67
2026.08.18 02:37,2026.08.17 19:37,4421.45,4421.62,0.17,37
2026.08.18 02:38,2026.08.17 19:38,4421.48,4421.65,0.17,48
2026.08.18 02:39,2026.08.17 19:39,4421.36,4421.53,0.17,90
2026.08.18 02:40,2026.08.17 19:40,4420.29,4420.46,0.17,86
2026.08.18 02:41,2026.08.17 19:41,4420.52,4420.69,0.17,87
2026.08.18 02:42,2026.08.17 19:42,4421.58,4421.75,0.17,58
2026.08.18 02:43,2026.08.17 19:43,4422.51,4422.68,0.17,144
2026.08.18 02:44,2026.08.17 19:44,4421.96,4422.13,0.17,125
2026.08.18 02:45,2026.08.17 19:45,4422.60,4422.77,0.17,152
2026.08.18 02:46,2026.08.17 19:46,4422.44,4422.61,0.17,147
2026.08.18 02:47,2026.08.17 19:47,4422.28,4422.45,0.17,127
2026.08.18 02:48,2026.08.17 19:48,4423.25,4423.42,0.17,92
2026.08.18 02:49,2026.08.17 19:49,4424.00,4424.17,0.17,106
2026.08.18 02:50,2026.08.17 19:50,4423.81,4423.98,0.17,109
2026.08.18 02:51,2026.08.17 19:51,4423.96,4424.13,0.17,115
2026.08.18 02:52,2026.08.17 19:52,4423.21,4423.38,0.17,86
2026.08.18 02:53,2026.08.17 19:53,4422.99,4423.19,0.20,140
2026.08.18 02:54,2026.08.17 19:54,4424.04,4424.21,0.17,142
2026.08.18 02:55,2026.08.17 19:55,4423.76,4423.94,0.18,94
2026.08.18 02:56,2026.08.17 19:56,4423.68,4423.85,0.17,108
2026.08.18 02:57,2026.08.17 19:57,4424.12,4424.29,0.17,98
2026.08.18 02:58,2026.08.17 19:58,4424.17,4424.34,0.17,86
2026.08.18 02:59,2026.08.17 19:59,4426.03,4426.45,0.42,119
2026.08.18 03:00,2026.08.17 20:00,4422.63,4422.99,0.36,258
2026.08.18 03:01,2026.08.17 20:01,4422.03,4422.42,0.39,196
2026.08.18 03:02,2026.08.17 20:02,4419.58,4419.86,0.28,173
2026.08.18 03:03,2026.08.17 20:03,4423.65,4424.07,0.42,158
2026.08.18 03:04,2026.08.17 20:04,4425.57,4425.74,0.17,162
2026.08.18 03:05,2026.08.17 20:05,4423.87,4424.30,0.43,175
2026.08.18 03:06,2026.08.17 20:06,4424.40,4424.88,0.48,140
2026.08.18 03:07,2026.08.17 20:07,4423.88,4424.24,0.36,122
2026.08.18 03:08,2026.08.17 20:08,4421.94,4422.24,0.30,124
2026.08.18 03:09,2026.08.17 20:09,4419.74,4419.91,0.17,139
2026.08.18 03:10,2026.08.17 20:10,4420.55,4420.77,0.22,121
2026.08.18 03:11,2026.08.17 20:11,4420.56,4420.76,0.20,113
2026.08.18 03:12,2026.08.17 20:12,4419.62,4419.98,0.36,110
2026.08.18 03:13,2026.08.17 20:13,4419.76,4420.06,0.30,139
2026.08.18 03:14,2026.08.17 20:14,4420.86,4421.21,0.35,116
2026.08.18 03:15,2026.08.17 20:15,4422.36,4422.72,0.36,145
2026.08.18 03:16,2026.08.17 20:16,4423.09,4423.43,0.34,210
2026.08.18 03:17,2026.08.17 20:17,4425.48,4425.85,0.37,162
2026.08.18 03:18,2026.08.17 20:18,4426.85,4427.28,0.43,187
2026.08.18 03:19,2026.08.17 20:19,4425.00,4425.43,0.43,215
2026.08.18 03:20,2026.08.17 20:20,4424.38,4424.76,0.38,201
2026.08.18 03:21,2026.08.17 20:21,4426.42,4426.66,0.24,115
2026.08.18 03:22,2026.08.17 20:22,4426.62,4427.04,0.42,136
2026.08.18 03:23,2026.08.17 20:23,4430.32,4430.77,0.45,190
2026.08.18 03:24,2026.08.17 20:24,4428.23,4428.67,0.44,235
2026.08.18 03:25,2026.08.17 20:25,4427.14,4427.40,0.26,145
2026.08.18 03:26,2026.08.17 20:26,4428.45,4428.82,0.37,181
2026.08.18 03:27,2026.08.17 20:27,4430.52,4430.70,0.18,203
2026.08.18 03:28,2026.08.17 20:28,4430.71,4431.07,0.36,159
2026.08.18 03:29,2026.08.17 20:29,4430.37,4430.85,0.48,173
2026.08.18 03:30,2026.08.17 20:30,4429.13,4429.44,0.31,182
2026.08.18 03:31,2026.08.17 20:31,4428.45,4428.64,0.19,142
2026.08.18 03:32,2026.08.17 20:32,4430.34,4430.64,0.30,96
2026.08.18 03:33,2026.08.17 20:33,4429.70,4429.92,0.22,133
2026.08.18 03:34,2026.08.17 20:34,4430.82,4431.22,0.40,126
2026.08.18 03:35,2026.08.17 20:35,4431.16,4431.44,0.28,128
2026.08.18 03:36,2026.08.17 20:36,4431.36,4431.73,0.37,79
2026.08.18 03:37,2026.08.17 20:37,4432.57,4432.80,0.23,95
2026.08.18 03:38,2026.08.17 20:38,4432.81,4433.02,0.21,108
2026.08.18 03:39,2026.08.17 20:39,4431.69,4431.94,0.25,99
2026.08.18 03:40,2026.08.17 20:40,4429.38,4429.64,0.26,124
2026.08.18 03:41,2026.08.17 20:41,4429.16,4429.37,0.21,130
2026.08.18 03:42,2026.08.17 20:42,4429.33,4429.50,0.17,93
2026.08.18 03:43,2026.08.17 20:43,4429.53,4429.75,0.22,67
2026.08.18 03:44,2026.08.17 20:44,4429.57,4429.90,0.33,75
2026.08.18 03:45,2026.08.17 20:45,4429.28,4429.45,0.17,106
2026.08.18 03:46,2026.08.17 20:46,4429.28,4429.47,0.19,103
2026.08.18 03:47,2026.08.17 20:47,4428.71,4428.90,0.19,92
2026.08.18 03:48,2026.08.17 20:48,4429.64,4429.91,0.27,84
2026.08.18 03:49,2026.08.17 20:49,4429.32,4429.67,0.35,55
2026.08.18 03:50,2026.08.17 20:50,4429.64,4429.82,0.18,106
2026.08.18 03:51,2026.08.17 20:51,4430.08,4430.25,0.17,111
2026.08.18 03:52,2026.08.17 20:52,4430.35,4430.66,0.31,98
2026.08.18 03:53,2026.08.17 20:53,4428.88,4429.07,0.19,127
2026.08.18 03:54,2026.08.17 20:54,4429.87,4430.20,0.33,109
2026.08.18 03:55,2026.08.17 20:55,4429.74,4429.91,0.17,110
2026.08.18 03:56,2026.08.17 20:56,4429.92,4430.24,0.32,84
2026.08.18 03:57,2026.08.17 20:57,4429.66,4429.94,0.28,75
2026.08.18 03:58,2026.08.17 20:58,4433.32,4433.59,0.27,131
2026.08.18 03:59,2026.08.17 20:59,4431.29,4431.78,0.49,190
2026.08.18 04:00,2026.08.17 21:00,4435.45,4435.89,0.44,370
2026.08.18 04:01,2026.08.17 21:01,4433.00,4433.52,0.52,319
2026.08.18 04:02,2026.08.17 21:02,4433.37,4433.77,0.40,286
2026.08.18 04:03,2026.08.17 21:03,4433.95,4434.43,0.48,226
2026.08.18 04:04,2026.08.17 21:04,4431.65,4432.10,0.45,260
2026.08.18 04:05,2026.08.17 21:05,4435.92,4436.32,0.40,296
2026.08.18 04:06,2026.08.17 21:06,4432.30,4432.60,0.30,265
2026.08.18 04:07,2026.08.17 21:07,4432.72,4433.11,0.39,186
2026.08.18 04:08,2026.08.17 21:08,4430.27,4430.44,0.17,207
2026.08.18 04:09,2026.08.17 21:09,4429.23,4429.57,0.34,218
2026.08.18 04:10,2026.08.17 21:10,4431.26,4431.54,0.28,198
2026.08.18 04:11,2026.08.17 21:11,4429.84,4430.20,0.36,190
2026.08.18 04:12,2026.08.17 21:12,4429.87,4430.12,0.25,173
2026.08.18 04:13,2026.08.17 21:13,4429.48,4429.92,0.44,162
2026.08.18 04:14,2026.08.17 21:14,4429.11,4429.44,0.33,143
2026.08.18 04:15,2026.08.17 21:15,4428.57,4428.77,0.20,226
2026.08.18 04:16,2026.08.17 21:16,4426.35,4426.61,0.26,237
2026.08.18 04:17,2026.08.17 21:17,4423.33,4423.66,0.33,214
2026.08.18 04:18,2026.08.17 21:18,4422.76,4423.09,0.33,226
2026.08.18 04:19,2026.08.17 21:19,4425.49,4425.85,0.36,206
2026.08.18 04:20,2026.08.17 21:20,4423.50,4423.75,0.25,222
2026.08.18 04:21,2026.08.17 21:21,4423.88,4424.18,0.30,252
2026.08.18 04:22,2026.08.17 21:22,4422.38,4422.66,0.28,186
2026.08.18 04:23,2026.08.17 21:23,4424.32,4424.55,0.23,154
2026.08.18 04:24,2026.08.17 21:24,4422.27,4422.63,0.36,171
2026.08.18 04:25,2026.08.17 21:25,4423.00,4423.29,0.29,243
2026.08.18 04:26,2026.08.17 21:26,4424.64,4424.93,0.29,156
2026.08.18 04:27,2026.08.17 21:27,4425.18,4425.52,0.34,174
2026.08.18 04:28,2026.08.17 21:28,4424.70,4424.92,0.22,140
2026.08.18 04:29,2026.08.17 21:29,4424.64,4424.88,0.24,150
2026.08.18 04:30,2026.08.17 21:30,4424.19,4424.36,0.17,182
2026.08.18 04:31,2026.08.17 21:31,4424.03,4424.23,0.20,169
2026.08.18 04:32,2026.08.17 21:32,4422.78,4423.02,0.24,185
2026.08.18 04:33,2026.08.17 21:33,4422.15,4422.40,0.25,188
2026.08.18 04:34,2026.08.17 21:34,4422.42,4422.63,0.21,170
2026.08.18 04:35,2026.08.17 21:35,4422.60,4422.94,0.34,121
2026.08.18 04:36,2026.08.17 21:36,4422.51,4422.68,0.17,166
2026.08.18 04:37,2026.08.17 21:37,4422.27,4422.46,0.19,150
2026.08.18 04:38,2026.08.17 21:38,4420.90,4421.12,0.22,165
2026.08.18 04:39,2026.08.17 21:39,4420.77,4420.97,0.20,160
2026.08.18 04:40,2026.08.17 21:40,4420.35,4420.52,0.17,172
2026.08.18 04:41,2026.08.17 21:41,4419.13,4419.40,0.27,214
2026.08.18 04:42,2026.08.17 21:42,4415.89,4416.13,0.24,236
2026.08.18 04:43,2026.08.17 21:43,4415.53,4415.76,0.23,230
2026.08.18 04:44,2026.08.17 21:44,4411.76,4411.99,0.23,272
2026.08.18 04:45,2026.08.17 21:45,4410.99,4411.27,0.28,272
2026.08.18 04:46,2026.08.17 21:46,4409.17,4409.59,0.42,268
2026.08.18 04:47,2026.08.17 21:47,4407.81,4408.10,0.29,322
2026.08.18 04:48,2026.08.17 21:48,4405.25,4405.51,0.26,331
2026.08.18 04:49,2026.08.17 21:49,4406.18,4406.47,0.29,279
2026.08.18 04:50,2026.08.17 21:50,4407.76,4408.05,0.29,283
2026.08.18 04:51,2026.08.17 21:51,4408.05,4408.22,0.17,244
2026.08.18 04:52,2026.08.17 21:52,4405.28,4405.57,0.29,222
2026.08.18 04:53,2026.08.17 21:53,4405.06,4405.23,0.17,334
2026.08.18 04:54,2026.08.17 21:54,4408.05,4408.29,0.24,254
2026.08.18 04:55,2026.08.17 21:55,4408.61,4408.90,0.29,224
2026.08.18 04:56,2026.08.17 21:56,4407.56,4407.82,0.26,221
2026.08.18 04:57,2026.08.17 21:57,4408.04,4408.30,0.26,203
2026.08.18 04:58,2026.08.17 21:58,4407.74,4407.93,0.19,189
2026.08.18 04:59,2026.08.17 21:59,4407.85,4408.02,0.17,151
2026.08.18 05:00,2026.08.17 22:00,4407.24,4407.41,0.17,235
2026.08.18 05:01,2026.08.17 22:01,4402.42,4402.73,0.31,270
2026.08.18 05:02,2026.08.17 22:02,4402.17,4402.40,0.23,247
2026.08.18 05:03,2026.08.17 22:03,4401.12,4401.34,0.22,179
2026.08.18 05:04,2026.08.17 22:04,4401.81,4401.98,0.17,228
2026.08.18 05:05,2026.08.17 22:05,4401.51,4401.85,0.34,192
2026.08.18 05:06,2026.08.17 22:06,4402.46,4402.78,0.32,201
2026.08.18 05:07,2026.08.17 22:07,4400.61,4400.91,0.30,221
2026.08.18 05:08,2026.08.17 22:08,4400.45,4400.63,0.18,188
2026.08.18 05:09,2026.08.17 22:09,4399.02,4399.20,0.18,172
2026.08.18 05:10,2026.08.17 22:10,4401.10,4401.34,0.24,190
2026.08.18 05:11,2026.08.17 22:11,4399.83,4400.02,0.19,164
2026.08.18 05:12,2026.08.17 22:12,4399.54,4399.71,0.17,209
2026.08.18 05:13,2026.08.17 22:13,4401.68,4401.96,0.28,185
2026.08.18 05:14,2026.08.17 22:14,4401.17,4401.44,0.27,170
2026.08.18 05:15,2026.08.17 22:15,4402.85,4403.08,0.23,163
2026.08.18 05:16,2026.08.17 22:16,4403.16,4403.33,0.17,208
2026.08.18 05:17,2026.08.17 22:17,4402.85,4403.10,0.25,211
2026.08.18 05:18,2026.08.17 22:18,4405.05,4405.22,0.17,216
2026.08.18 05:19,2026.08.17 22:19,4404.13,4404.35,0.22,157
2026.08.18 05:20,2026.08.17 22:20,4403.79,4403.98,0.19,151
2026.08.18 05:21,2026.08.17 22:21,4402.11,4402.28,0.17,90
2026.08.18 05:22,2026.08.17 22:22,4403.39,4403.63,0.24,150
2026.08.18 05:23,2026.08.17 22:23,4404.14,4404.44,0.30,160
2026.08.18 05:24,2026.08.17 22:24,4404.54,4404.71,0.17,123
2026.08.18 05:25,2026.08.17 22:25,4404.38,4404.55,0.17,204
2026.08.18 05:26,2026.08.17 22:26,4403.96,4404.13,0.17,150
2026.08.18 05:27,2026.08.17 22:27,4403.94,4404.11,0.17,124
2026.08.18 05:28,2026.08.17 22:28,4402.52,4402.75,0.23,128
2026.08.18 05:29,2026.08.17 22:29,4401.26,4401.52,0.26,119
2026.08.18 05:30,2026.08.17 22:30,4399.90,4400.07,0.17,250
2026.08.18 05:31,2026.08.17 22:31,4401.13,4401.36,0.23,264
2026.08.18 05:32,2026.08.17 22:32,4400.18,4400.37,0.19,226
2026.08.18 05:33,2026.08.17 22:33,4396.69,4396.91,0.22,263
2026.08.18 05:34,2026.08.17 22:34,4395.74,4395.91,0.17,252
2026.08.18 05:35,2026.08.17 22:35,4397.07,4397.31,0.24,223
2026.08.18 05:36,2026.08.17 22:36,4397.82,4398.08,0.26,186
2026.08.18 05:37,2026.08.17 22:37,4399.45,4399.71,0.26,158
2026.08.18 05:38,2026.08.17 22:38,4399.10,4399.29,0.19,211
2026.08.18 05:39,2026.08.17 22:39,4396.62,4396.82,0.20,186
2026.08.18 05:40,2026.08.17 22:40,4394.75,4394.93,0.18,205
2026.08.18 05:41,2026.08.17 22:41,4394.62,4394.79,0.17,233
2026.08.18 05:42,2026.08.17 22:42,4394.77,4394.94,0.17,197
2026.08.18 05:43,2026.08.17 22:43,4394.58,4394.75,0.17,187
2026.08.18 05:44,2026.08.17 22:44,4394.69,4394.86,0.17,182
2026.08.18 05:45,2026.08.17 22:45,4394.90,4395.10,0.20,178
2026.08.18 05:46,2026.08.17 22:46,4394.99,4395.19,0.20,177
2026.08.18 05:47,2026.08.17 22:47,4394.72,4394.89,0.17,202
2026.08.18 05:48,2026.08.17 22:48,4396.12,4396.29,0.17,212
2026.08.18 05:49,2026.08.17 22:49,4395.86,4396.17,0.31,166
2026.08.18 05:50,2026.08.17 22:50,4396.07,4396.25,0.18,207
2026.08.18 05:51,2026.08.17 22:51,4397.21,4397.38,0.17,174
2026.08.18 05:52,2026.08.17 22:52,4397.81,4397.98,0.17,164
2026.08.18 05:53,2026.08.17 22:53,4398.11,4398.29,0.18,169
2026.08.18 05:54,2026.08.17 22:54,4398.33,4398.54,0.21,157
2026.08.18 05:55,2026.08.17 22:55,4399.60,4399.84,0.24,221
2026.08.18 05:56,2026.08.17 22:56,4398.74,4399.02,0.28,238
2026.08.18 05:57,2026.08.17 22:57,4398.49,4398.78,0.29,190
2026.08.18 05:58,2026.08.17 22:58,4400.03,4400.22,0.19,159
2026.08.18 05:59,2026.08.17 22:59,4400.59,4400.76,0.17,146
2026.08.18 06:00,2026.08.17 23:00,4402.37,4402.62,0.25,193
2026.08.18 06:01,2026.08.17 23:01,4403.75,4403.98,0.23,212
2026.08.18 06:02,2026.08.17 23:02,4402.24,4402.48,0.24,199
2026.08.18 06:03,2026.08.17 23:03,4403.44,4403.75,0.31,171
2026.08.18 06:04,2026.08.17 23:04,4403.30,4403.57,0.27,196
2026.08.18 06:05,2026.08.17 23:05,4401.40,4401.59,0.19,183
2026.08.18 06:06,2026.08.17 23:06,4401.86,4402.20,0.34,210
2026.08.18 06:07,2026.08.17 23:07,4401.69,4401.90,0.21,181
2026.08.18 06:08,2026.08.17 23:08,4399.73,4400.05,0.32,165
2026.08.18 06:09,2026.08.17 23:09,4401.62,4401.91,0.29,175
2026.08.18 06:10,2026.08.17 23:10,4400.76,4400.93,0.17,143
2026.08.18 06:11,2026.08.17 23:11,4399.69,4399.88,0.19,155
2026.08.18 06:12,2026.08.17 23:12,4400.00,4400.17,0.17,168
2026.08.18 06:13,2026.08.17 23:13,4400.76,4400.93,0.17,142
2026.08.18 06:14,2026.08.17 23:14,4401.80,4401.97,0.17,157
2026.08.18 06:15,2026.08.17 23:15,4401.69,4401.86,0.17,155
2026.08.18 06:16,2026.08.17 23:16,4397.94,4398.19,0.25,192
2026.08.18 06:17,2026.08.17 23:17,4396.46,4396.67,0.21,184
2026.08.18 06:18,2026.08.17 23:18,4396.40,4396.70,0.30,162
2026.08.18 06:19,2026.08.17 23:19,4396.66,4396.91,0.25,191
2026.08.18 06:20,2026.08.17 23:20,4396.81,4397.17,0.36,152
2026.08.18 06:21,2026.08.17 23:21,4396.25,4396.53,0.28,158
2026.08.18 06:22,2026.08.17 23:22,4396.05,4396.33,0.28,136
2026.08.18 06:23,2026.08.17 23:23,4394.74,4395.03,0.29,195
2026.08.18 06:24,2026.08.17 23:24,4394.94,4395.30,0.36,132
2026.08.18 06:25,2026.08.17 23:25,4395.35,4395.52,0.17,111
2026.08.18 06:26,2026.08.17 23:26,4396.41,4396.58,0.17,102
2026.08.18 06:27,2026.08.17 23:27,4397.11,4397.28,0.17,127
2026.08.18 06:28,2026.08.17 23:28,4397.68,4397.85,0.17,132
2026.08.18 06:29,2026.08.17 23:29,4396.26,4396.57,0.31,130
2026.08.18 06:30,2026.08.17 23:30,4395.54,4395.86,0.32,180
2026.08.18 06:31,2026.08.17 23:31,4396.22,4396.45,0.23,141
2026.08.18 06:32,2026.08.17 23:32,4396.36,4396.57,0.21,107
2026.08.18 06:33,2026.08.17 23:33,4396.68,4396.85,0.17,93
2026.08.18 06:34,2026.08.17 23:34,4396.34,4396.55,0.21,111
2026.08.18 06:35,2026.08.17 23:35,4396.25,4396.55,0.30,76
2026.08.18 06:36,2026.08.17 23:36,4395.33,4395.58,0.25,104
2026.08.18 06:37,2026.08.17 23:37,4396.71,4396.94,0.23,135
2026.08.18 06:38,2026.08.17 23:38,4394.99,4395.25,0.26,151
2026.08.18 06:39,2026.08.17 23:39,4395.04,4395.21,0.17,115
2026.08.18 06:40,2026.08.17 23:40,4394.95,4395.12,0.17,77
2026.08.18 06:41,2026.08.17 23:41,4394.88,4395.14,0.26,113
2026.08.18 06:42,2026.08.17 23:42,4394.79,4394.99,0.20,118
2026.08.18 06:43,2026.08.17 23:43,4395.08,4395.32,0.24,124
2026.08.18 06:44,2026.08.17 23:44,4395.05,4395.29,0.24,82
2026.08.18 06:45,2026.08.17 23:45,4394.78,4394.96,0.18,109
2026.08.18 06:46,2026.08.17 23:46,4394.46,4394.63,0.17,81
2026.08.18 06:47,2026.08.17 23:47,4394.80,4394.97,0.17,102
2026.08.18 06:48,2026.08.17 23:48,4394.77,4394.94,0.17,74
2026.08.18 06:49,2026.08.17 23:49,4392.51,4392.68,0.17,149
2026.08.18 06:50,2026.08.17 23:50,4392.47,4392.67,0.20,201
2026.08.18 06:51,2026.08.17 23:51,4392.21,4392.38,0.17,144
2026.08.18 06:52,2026.08.17 23:52,4393.21,4393.38,0.17,131
2026.08.18 06:53,2026.08.17 23:53,4393.06,4393.23,0.17,102
2026.08.18 06:54,2026.08.17 23:54,4391.56,4391.84,0.28,101
2026.08.18 06:55,2026.08.17 23:55,4391.07,4391.27,0.20,112
2026.08.18 06:56,2026.08.17 23:56,4391.46,4391.72,0.26,114
2026.08.18 06:57,2026.08.17 23:57,4391.06,4391.42,0.36,97
2026.08.18 06:58,2026.08.17 23:58,4392.42,4392.59,0.17,101
2026.08.18 06:59,2026.08.17 23:59,4390.42,4390.71,0.29,89
2026.08.18 07:00,2026.08.18 00:00,4391.71,4391.89,0.18,117
2026.08.18 07:01,2026.08.18 00:01,4390.63,4390.86,0.23,115
2026.08.18 07:02,2026.08.18 00:02,4391.60,4391.77,0.17,125
2026.08.18 07:03,2026.08.18 00:03,4391.16,4391.33,0.17,125
2026.08.18 07:04,2026.08.18 00:04,4390.90,4391.09,0.19,128
2026.08.18 07:05,2026.08.18 00:05,4391.87,4392.04,0.17,123
2026.08.18 07:06,2026.08.18 00:06,4391.28,4391.51,0.23,145
2026.08.18 07:07,2026.08.18 00:07,4390.27,4390.44,0.17,120
2026.08.18 07:08,2026.08.18 00:08,4390.68,4390.85,0.17,115
2026.08.18 07:09,2026.08.18 00:09,4391.36,4391.53,0.17,109
2026.08.18 07:10,2026.08.18 00:10,4392.37,4392.54,0.17,116
2026.08.18 07:11,2026.08.18 00:11,4391.35,4391.52,0.17,106
2026.08.18 07:12,2026.08.18 00:12,4392.44,4392.61,0.17,140
2026.08.18 07:13,2026.08.18 00:13,4392.52,4392.69,0.17,96
2026.08.18 07:14,2026.08.18 00:14,4392.69,4392.86,0.17,96
2026.08.18 07:15,2026.08.18 00:15,4392.88,4393.05,0.17,77
2026.08.18 07:16,2026.08.18 00:16,4392.92,4393.14,0.22,134
2026.08.18 07:17,2026.08.18 00:17,4391.64,4391.81,0.17,135
2026.08.18 07:18,2026.08.18 00:18,4391.86,4392.05,0.19,118
2026.08.18 07:19,2026.08.18 00:19,4391.40,4391.57,0.17,129
2026.08.18 07:20,2026.08.18 00:20,4390.91,4391.10,0.19,88
2026.08.18 07:21,2026.08.18 00:21,4391.82,4391.99,0.17,104
2026.08.18 07:22,2026.08.18 00:22,4391.89,4392.06,0.17,108
2026.08.18 07:23,2026.08.18 00:23,4391.43,4391.60,0.17,81
2026.08.18 07:24,2026.08.18 00:24,4392.26,4392.43,0.17,93
2026.08.18 07:25,2026.08.18 00:25,4392.48,4392.68,0.20,114
2026.08.18 07:26,2026.08.18 00:26,4392.29,4392.49,0.20,110
2026.08.18 07:27,2026.08.18 00:27,4392.45,4392.62,0.17,119
2026.08.18 07:28,2026.08.18 00:28,4392.80,4392.97,0.17,124
2026.08.18 07:29,2026.08.18 00:29,4393.00,4393.18,0.18,68
2026.08.18 07:30,2026.08.18 00:30,4392.66,4392.92,0.26,148
2026.08.18 07:31,2026.08.18 00:31,4392.27,4392.44,0.17,147
2026.08.18 07:32,2026.08.18 00:32,4392.08,4392.25,0.17,102
2026.08.18 07:33,2026.08.18 00:33,4392.04,4392.21,0.17,121
2026.08.18 07:34,2026.08.18 00:34,4392.49,4392.66,0.17,133
2026.08.18 07:35,2026.08.18 00:35,4392.11,4392.28,0.17,92
2026.08.18 07:36,2026.08.18 00:36,4391.17,4391.35,0.18,140
2026.08.18 07:37,2026.08.18 00:37,4390.00,4390.17,0.17,175
2026.08.18 07:38,2026.08.18 00:38,4389.90,4390.07,0.17,113
2026.08.18 07:39,2026.08.18 00:39,4391.47,4391.68,0.21,177
2026.08.18 07:40,2026.08.18 00:40,4391.47,4391.70,0.23,145
2026.08.18 07:41,2026.08.18 00:41,4393.14,4393.42,0.28,132
2026.08.18 07:42,2026.08.18 00:42,4393.59,4393.76,0.17,122
2026.08.18 07:43,2026.08.18 00:43,4393.77,4393.94,0.17,118
2026.08.18 07:44,2026.08.18 00:44,4393.47,4393.64,0.17,91
2026.08.18 07:45,2026.08.18 00:45,4393.37,4393.54,0.17,114
2026.08.18 07:46,2026.08.18 00:46,4392.28,4392.45,0.17,89
2026.08.18 07:47,2026.08.18 00:47,4392.84,4393.06,0.22,100
2026.08.18 07:48,2026.08.18 00:48,4393.75,4393.94,0.19,124
2026.08.18 07:49,2026.08.18 00:49,4394.56,4394.77,0.21,86
2026.08.18 07:50,2026.08.18 00:50,4394.50,4394.71,0.21,119
2026.08.18 07:51,2026.08.18 00:51,4394.00,4394.17,0.17,88
2026.08.18 07:52,2026.08.18 00:52,4394.40,4394.57,0.17,97
2026.08.18 07:53,2026.08.18 00:53,4394.67,4394.84,0.17,97
2026.08.18 07:54,2026.08.18 00:54,4395.10,4395.27,0.17,109
2026.08.18 07:55,2026.08.18 00:55,4394.90,4395.07,0.17,128
2026.08.18 07:56,2026.08.18 00:56,4395.25,4395.42,0.17,100
2026.08.18 07:57,2026.08.18 00:57,4394.30,4394.47,0.17,92
2026.08.18 07:58,2026.08.18 00:58,4393.79,4393.96,0.17,113
2026.08.18 07:59,2026.08.18 00:59,4393.39,4393.56,0.17,127
2026.08.18 08:00,2026.08.18 01:00,4393.26,4393.43,0.17,147
2026.08.18 08:01,2026.08.18 01:01,4392.45,4392.62,0.17,190
2026.08.18 08:02,2026.08.18 01:02,4391.46,4391.63,0.17,187
2026.08.18 08:03,2026.08.18 01:03,4392.37,4392.58,0.21,159
2026.08.18 08:04,2026.08.18 01:04,4391.72,4391.92,0.20,147
2026.08.18 08:05,2026.08.18 01:05,4392.75,4393.01,0.26,113
2026.08.18 08:06,2026.08.18 01:06,4393.05,4393.22,0.17,116
2026.08.18 08:07,2026.08.18 01:07,4392.74,4392.91,0.17,112
2026.08.18 08:08,2026.08.18 01:08,4393.94,4394.11,0.17,117
2026.08.18 08:09,2026.08.18 01:09,4393.00,4393.17,0.17,93
2026.08.18 08:10,2026.08.18 01:10,4391.82,4391.99,0.17,164
2026.08.18 08:11,2026.08.18 01:11,4391.85,4392.02,0.17,99
2026.08.18 08:12,2026.08.18 01:12,4391.19,4391.36,0.17,68
2026.08.18 08:13,2026.08.18 01:13,4391.57,4391.74,0.17,116
2026.08.18 08:14,2026.08.18 01:14,4391.53,4391.77,0.24,76
2026.08.18 08:15,2026.08.18 01:15,4392.11,4392.28,0.17,78
2026.08.18 08:16,2026.08.18 01:16,4392.97,4393.19,0.22,93
2026.08.18 08:17,2026.08.18 01:17,4393.71,4393.88,0.17,71
2026.08.18 08:18,2026.08.18 01:18,4394.29,4394.48,0.19,104
2026.08.18 08:19,2026.08.18 01:19,4395.10,4395.27,0.17,97
2026.08.18 08:20,2026.08.18 01:20,4395.41,4395.58,0.17,94
2026.08.18 08:21,2026.08.18 01:21,4394.38,4394.63,0.25,132
2026.08.18 08:22,2026.08.18 01:22,4394.86,4395.03,0.17,97
2026.08.18 08:23,2026.08.18 01:23,4395.38,4395.59,0.21,79
2026.08.18 08:24,2026.08.18 01:24,4395.88,4396.05,0.17,72
2026.08.18 08:25,2026.08.18 01:25,4395.56,4395.73,0.17,123
2026.08.18 08:26,2026.08.18 01:26,4394.75,4394.97,0.22,112
2026.08.18 08:27,2026.08.18 01:27,4394.85,4395.02,0.17,100
2026.08.18 08:28,2026.08.18 01:28,4392.90,4393.07,0.17,96
2026.08.18 08:29,2026.08.18 01:29,4390.57,4390.89,0.32,148
2026.08.18 08:30,2026.08.18 01:30,4386.99,4387.21,0.22,303
2026.08.18 08:31,2026.08.18 01:31,4387.23,4387.53,0.30,273
2026.08.18 08:32,2026.08.18 01:32,4389.17,4389.47,0.30,230
2026.08.18 08:33,2026.08.18 01:33,4390.36,4390.55,0.19,204
2026.08.18 08:34,2026.08.18 01:34,4386.93,4387.15,0.22,205
2026.08.18 08:35,2026.08.18 01:35,4389.26,4389.52,0.26,221
2026.08.18 08:36,2026.08.18 01:36,4390.06,4390.31,0.25,194
2026.08.18 08:37,2026.08.18 01:37,4389.16,4389.38,0.22,179
2026.08.18 08:38,2026.08.18 01:38,4389.13,4389.30,0.17,147
2026.08.18 08:39,2026.08.18 01:39,4390.55,4390.77,0.22,172
2026.08.18 08:40,2026.08.18 01:40,4388.76,4388.95,0.19,162
2026.08.18 08:41,2026.08.18 01:41,4390.11,4390.48,0.37,177
2026.08.18 08:42,2026.08.18 01:42,4390.25,4390.42,0.17,148
2026.08.18 08:43,2026.08.18 01:43,4391.50,4391.82,0.32,128
2026.08.18 08:44,2026.08.18 01:44,4393.80,4394.05,0.25,215
2026.08.18 08:45,2026.08.18 01:45,4393.64,4393.81,0.17,165
2026.08.18 08:46,2026.08.18 01:46,4394.34,4394.51,0.17,198
2026.08.18 08:47,2026.08.18 01:47,4394.64,4394.81,0.17,159
2026.08.18 08:48,2026.08.18 01:48,4394.31,4394.48,0.17,122
2026.08.18 08:49,2026.08.18 01:49,4395.94,4396.11,0.17,141
2026.08.18 08:50,2026.08.18 01:50,4395.49,4395.83,0.34,193
2026.08.18 08:51,2026.08.18 01:51,4394.05,4394.24,0.19,172
2026.08.18 08:52,2026.08.18 01:52,4396.14,4396.31,0.17,141
2026.08.18 08:53,2026.08.18 01:53,4396.45,4396.71,0.26,137
2026.08.18 08:54,2026.08.18 01:54,4395.56,4395.86,0.30,150
2026.08.18 08:55,2026.08.18 01:55,4396.06,4396.30,0.24,144
2026.08.18 08:56,2026.08.18 01:56,4396.68,4396.88,0.20,108
2026.08.18 08:57,2026.08.18 01:57,4395.99,4396.16,0.17,121
2026.08.18 08:58,2026.08.18 01:58,4394.96,4395.14,0.18,155
2026.08.18 08:59,2026.08.18 01:59,4392.89,4393.06,0.17,151
2026.08.18 09:00,2026.08.18 02:00,4390.93,4391.10,0.17,283
2026.08.18 09:01,2026.08.18 02:01,4392.18,4392.35,0.17,218
2026.08.18 09:02,2026.08.18 02:02,4392.51,4392.68,0.17,170
2026.08.18 09:03,2026.08.18 02:03,4389.42,4389.65,0.23,207
2026.08.18 09:04,2026.08.18 02:04,4390.27,4390.44,0.17,244
2026.08.18 09:05,2026.08.18 02:05,4388.92,4389.09,0.17,218
2026.08.18 09:06,2026.08.18 02:06,4388.74,4388.91,0.17,229
2026.08.18 09:07,2026.08.18 02:07,4389.75,4389.92,0.17,216
2026.08.18 09:08,2026.08.18 02:08,4391.60,4391.77,0.17,207
2026.08.18 09:09,2026.08.18 02:09,4392.60,4392.77,0.17,210
2026.08.18 09:10,2026.08.18 02:10,4394.49,4394.66,0.17,190
2026.08.18 09:11,2026.08.18 02:11,4394.33,4394.50,0.17,171
2026.08.18 09:12,2026.08.18 02:12,4394.63,4394.80,0.17,178
2026.08.18 09:13,2026.08.18 02:13,4395.04,4395.21,0.17,185
2026.08.18 09:14,2026.08.18 02:14,4394.64,4394.81,0.17,148
2026.08.18 09:15,2026.08.18 02:15,4396.10,4396.27,0.17,177
2026.08.18 09:16,2026.08.18 02:16,4394.04,4394.21,0.17,170
2026.08.18 09:17,2026.08.18 02:17,4395.10,4395.27,0.17,215
2026.08.18 09:18,2026.08.18 02:18,4395.56,4395.73,0.17,182
2026.08.18 09:19,2026.08.18 02:19,4395.61,4395.78,0.17,168
2026.08.18 09:20,2026.08.18 02:20,4396.95,4397.12,0.17,167
2026.08.18 09:21,2026.08.18 02:21,4396.36,4396.53,0.17,159
2026.08.18 09:22,2026.08.18 02:22,4396.32,4396.49,0.17,157
2026.08.18 09:23,2026.08.18 02:23,4397.03,4397.20,0.17,126
2026.08.18 09:24,2026.08.18 02:24,4398.06,4398.23,0.17,167
2026.08.18 09:25,2026.08.18 02:25,4397.29,4397.46,0.17,150
2026.08.18 09:26,2026.08.18 02:26,4398.41,4398.58,0.17,153
2026.08.18 09:27,2026.08.18 02:27,4399.27,4399.44,0.17,165
2026.08.18 09:28,2026.08.18 02:28,4399.06,4399.23,0.17,152
2026.08.18 09:29,2026.08.18 02:29,4399.39,4399.56,0.17,159
2026.08.18 09:30,2026.08.18 02:30,4399.41,4399.58,0.17,189
2026.08.18 09:31,2026.08.18 02:31,4398.45,4398.62,0.17,141
2026.08.18 09:32,2026.08.18 02:32,4398.63,4398.80,0.17,152
2026.08.18 09:33,2026.08.18 02:33,4396.28,4396.45,0.17,132
2026.08.18 09:34,2026.08.18 02:34,4396.08,4396.25,0.17,147
2026.08.18 09:35,2026.08.18 02:35,4395.99,4396.16,0.17,185
2026.08.18 09:36,2026.08.18 02:36,4396.60,4396.77,0.17,169
2026.08.18 09:37,2026.08.18 02:37,4396.67,4396.84,0.17,143
2026.08.18 09:38,2026.08.18 02:38,4396.80,4396.97,0.17,97
2026.08.18 09:39,2026.08.18 02:39,4396.98,4397.15,0.17,141
2026.08.18 09:40,2026.08.18 02:40,4397.36,4397.53,0.17,102
2026.08.18 09:41,2026.08.18 02:41,4397.59,4397.76,0.17,131
2026.08.18 09:42,2026.08.18 02:42,4397.52,4397.69,0.17,111
2026.08.18 09:43,2026.08.18 02:43,4398.33,4398.50,0.17,95
2026.08.18 09:44,2026.08.18 02:44,4397.68,4397.85,0.17,139
2026.08.18 09:45,2026.08.18 02:45,4398.42,4398.59,0.17,167
2026.08.18 09:46,2026.08.18 02:46,4398.23,4398.40,0.17,98
2026.08.18 09:47,2026.08.18 02:47,4399.16,4399.33,0.17,122
2026.08.18 09:48,2026.08.18 02:48,4397.65,4397.82,0.17,107
2026.08.18 09:49,2026.08.18 02:49,4397.99,4398.16,0.17,122
2026.08.18 09:50,2026.08.18 02:50,4398.01,4398.18,0.17,134
2026.08.18 09:51,2026.08.18 02:51,4398.00,4398.17,0.17,108
2026.08.18 09:52,2026.08.18 02:52,4397.65,4397.82,0.17,134
2026.08.18 09:53,2026.08.18 02:53,4398.71,4398.88,0.17,165
2026.08.18 09:54,2026.08.18 02:54,4398.81,4398.98,0.17,139
2026.08.18 09:55,2026.08.18 02:55,4397.96,4398.13,0.17,160
2026.08.18 09:56,2026.08.18 02:56,4398.66,4398.83,0.17,150
2026.08.18 09:57,2026.08.18 02:57,4397.73,4397.90,0.17,122
2026.08.18 09:58,2026.08.18 02:58,4397.71,4397.88,0.17,156
2026.08.18 09:59,2026.08.18 02:59,4397.03,4397.20,0.17,172
2026.08.18 10:00,2026.08.18 03:00,4398.87,4399.04,0.17,244
2026.08.18 10:01,2026.08.18 03:01,4397.73,4397.90,0.17,164
2026.08.18 10:02,2026.08.18 03:02,4399.40,4399.57,0.17,168
2026.08.18 10:03,2026.08.18 03:03,4399.64,4399.81,0.17,132
2026.08.18 10:04,2026.08.18 03:04,4399.97,4400.14,0.17,153
2026.08.18 10:05,2026.08.18 03:05,4399.68,4399.85,0.17,167
2026.08.18 10:06,2026.08.18 03:06,4398.22,4398.39,0.17,155
2026.08.18 10:07,2026.08.18 03:07,4397.91,4398.08,0.17,140
2026.08.18 10:08,2026.08.18 03:08,4397.80,4397.97,0.17,107
2026.08.18 10:09,2026.08.18 03:09,4398.14,4398.31,0.17,129
2026.08.18 10:10,2026.08.18 03:10,4399.11,4399.28,0.17,173
2026.08.18 10:11,2026.08.18 03:11,4399.03,4399.20,0.17,165
2026.08.18 10:12,2026.08.18 03:12,4398.68,4398.85,0.17,128
2026.08.18 10:13,2026.08.18 03:13,4397.50,4397.67,0.17,120
2026.08.18 10:14,2026.08.18 03:14,4397.55,4397.72,0.17,104
2026.08.18 10:15,2026.08.18 03:15,4399.24,4399.41,0.17,128
2026.08.18 10:16,2026.08.18 03:16,4399.11,4399.28,0.17,170
2026.08.18 10:17,2026.08.18 03:17,4399.19,4399.36,0.17,107
2026.08.18 10:18,2026.08.18 03:18,4399.44,4399.61,0.17,129
2026.08.18 10:19,2026.08.18 03:19,4400.01,4400.18,0.17,117
2026.08.18 10:20,2026.08.18 03:20,4399.84,4400.01,0.17,123
2026.08.18 10:21,2026.08.18 03:21,4399.98,4400.15,0.17,123
2026.08.18 10:22,2026.08.18 03:22,4400.51,4400.68,0.17,79
2026.08.18 10:23,2026.08.18 03:23,4401.14,4401.31,0.17,92
2026.08.18 10:24,2026.08.18 03:24,4401.55,4401.72,0.17,123
2026.08.18 10:25,2026.08.18 03:25,4402.48,4402.65,0.17,168
2026.08.18 10:26,2026.08.18 03:26,4402.47,4402.64,0.17,156
2026.08.18 10:27,2026.08.18 03:27,4401.36,4401.53,0.17,114
2026.08.18 10:28,2026.08.18 03:28,4402.33,4402.50,0.17,109
2026.08.18 10:29,2026.08.18 03:29,4403.03,4403.20,0.17,181
2026.08.18 10:30,2026.08.18 03:30,4402.96,4403.13,0.17,174
2026.08.18 10:31,2026.08.18 03:31,4401.14,4401.31,0.17,130
2026.08.18 10:32,2026.08.18 03:32,4400.55,4400.72,0.17,156
2026.08.18 10:33,2026.08.18 03:33,4400.13,4400.30,0.17,154
2026.08.18 10:34,2026.08.18 03:34,4397.70,4397.87,0.17,209
2026.08.18 10:35,2026.08.18 03:35,4399.32,4399.49,0.17,187
2026.08.18 10:36,2026.08.18 03:36,4400.00,4400.17,0.17,165
2026.08.18 10:37,2026.08.18 03:37,4400.89,4401.06,0.17,112
2026.08.18 10:38,2026.08.18 03:38,4402.00,4402.17,0.17,145
2026.08.18 10:39,2026.08.18 03:39,4403.12,4403.29,0.17,132
2026.08.18 10:40,2026.08.18 03:40,4402.13,4402.30,0.17,140
2026.08.18 10:41,2026.08.18 03:41,4402.58,4402.75,0.17,148
2026.08.18 10:42,2026.08.18 03:42,4400.71,4400.88,0.17,139
2026.08.18 10:43,2026.08.18 03:43,4401.26,4401.43,0.17,133
2026.08.18 10:44,2026.08.18 03:44,4401.77,4401.94,0.17,136
2026.08.18 10:45,2026.08.18 03:45,4402.62,4402.79,0.17,77
2026.08.18 10:46,2026.08.18 03:46,4402.25,4402.42,0.17,117
2026.08.18 10:47,2026.08.18 03:47,4401.01,4401.18,0.17,115
2026.08.18 10:48,2026.08.18 03:48,4399.84,4400.01,0.17,157
2026.08.18 10:49,2026.08.18 03:49,4399.86,4400.03,0.17,137
2026.08.18 10:50,2026.08.18 03:50,4400.15,4400.32,0.17,111
2026.08.18 10:51,2026.08.18 03:51,4399.01,4399.18,0.17,156
2026.08.18 10:52,2026.08.18 03:52,4398.85,4399.02,0.17,124
2026.08.18 10:53,2026.08.18 03:53,4398.51,4398.68,0.17,147
2026.08.18 10:54,2026.08.18 03:54,4398.46,4398.63,0.17,147
2026.08.18 10:55,2026.08.18 03:55,4397.50,4397.67,0.17,131
2026.08.18 10:56,2026.08.18 03:56,4396.31,4396.48,0.17,151
2026.08.18 10:57,2026.08.18 03:57,4397.09,4397.26,0.17,163
2026.08.18 10:58,2026.08.18 03:58,4396.18,4396.35,0.17,111
2026.08.18 10:59,2026.08.18 03:59,4395.60,4395.77,0.17,126
2026.08.18 11:00,2026.08.18 04:00,4394.68,4394.85,0.17,274
2026.08.18 11:01,2026.08.18 04:01,4395.48,4395.65,0.17,177
2026.08.18 11:02,2026.08.18 04:02,4394.61,4394.78,0.17,180
2026.08.18 11:03,2026.08.18 04:03,4394.74,4394.91,0.17,172
2026.08.18 11:04,2026.08.18 04:04,4393.96,4394.13,0.17,167
2026.08.18 11:05,2026.08.18 04:05,4392.77,4392.94,0.17,210
2026.08.18 11:06,2026.08.18 04:06,4390.97,4391.14,0.17,220
2026.08.18 11:07,2026.08.18 04:07,4390.36,4390.53,0.17,179
2026.08.18 11:08,2026.08.18 04:08,4391.48,4391.65,0.17,180
2026.08.18 11:09,2026.08.18 04:09,4389.74,4389.91,0.17,149
2026.08.18 11:10,2026.08.18 04:10,4390.24,4390.41,0.17,244
2026.08.18 11:11,2026.08.18 04:11,4390.67,4390.84,0.17,160
2026.08.18 11:12,2026.08.18 04:12,4394.39,4394.56,0.17,185
2026.08.18 11:13,2026.08.18 04:13,4393.54,4393.71,0.17,178
2026.08.18 11:14,2026.08.18 04:14,4392.97,4393.14,0.17,180
2026.08.18 11:15,2026.08.18 04:15,4392.90,4393.07,0.17,165
2026.08.18 11:16,2026.08.18 04:16,4392.19,4392.36,0.17,166
2026.08.18 11:17,2026.08.18 04:17,4392.82,4392.99,0.17,196
2026.08.18 11:18,2026.08.18 04:18,4393.37,4393.54,0.17,151
2026.08.18 11:19,2026.08.18 04:19,4391.73,4391.90,0.17,153
2026.08.18 11:20,2026.08.18 04:20,4392.21,4392.38,0.17,117
2026.08.18 11:21,2026.08.18 04:21,4390.47,4390.64,0.17,188
2026.08.18 11:22,2026.08.18 04:22,4388.51,4388.68,0.17,168
2026.08.18 11:23,2026.08.18 04:23,4387.95,4388.12,0.17,202
2026.08.18 11:24,2026.08.18 04:24,4387.83,4388.00,0.17,140
2026.08.18 11:25,2026.08.18 04:25,4387.97,4388.14,0.17,126
2026.08.18 11:26,2026.08.18 04:26,4388.44,4388.61,0.17,179
2026.08.18 11:27,2026.08.18 04:27,4388.43,4388.60,0.17,180
2026.08.18 11:28,2026.08.18 04:28,4388.47,4388.64,0.17,138
2026.08.18 11:29,2026.08.18 04:29,4389.61,4389.78,0.17,189
2026.08.18 11:30,2026.08.18 04:30,4390.14,4390.31,0.17,192
2026.08.18 11:31,2026.08.18 04:31,4391.32,4391.49,0.17,153
2026.08.18 11:32,2026.08.18 04:32,4392.64,4392.81,0.17,153
2026.08.18 11:33,2026.08.18 04:33,4392.95,4393.12,0.17,140
2026.08.18 11:34,2026.08.18 04:34,4394.07,4394.24,0.17,120
2026.08.18 11:35,2026.08.18 04:35,4397.37,4397.54,0.17,175
2026.08.18 11:36,2026.08.18 04:36,4395.97,4396.14,0.17,165
2026.08.18 11:37,2026.08.18 04:37,4395.94,4396.11,0.17,135
2026.08.18 11:38,2026.08.18 04:38,4397.10,4397.27,0.17,142
2026.08.18 11:39,2026.08.18 04:39,4397.82,4397.99,0.17,171
2026.08.18 11:40,2026.08.18 04:40,4398.04,4398.21,0.17,149
2026.08.18 11:41,2026.08.18 04:41,4398.18,4398.35,0.17,163
2026.08.18 11:42,2026.08.18 04:42,4397.98,4398.15,0.17,143
2026.08.18 11:43,2026.08.18 04:43,4397.12,4397.29,0.17,156
2026.08.18 11:44,2026.08.18 04:44,4396.90,4397.07,0.17,116
2026.08.18 11:45,2026.08.18 04:45,4396.22,4396.39,0.17,130
2026.08.18 11:46,2026.08.18 04:46,4396.60,4396.77,0.17,130
2026.08.18 11:47,2026.08.18 04:47,4394.36,4394.53,0.17,118
2026.08.18 11:48,2026.08.18 04:48,4393.52,4393.69,0.17,160
2026.08.18 11:49,2026.08.18 04:49,4392.90,4393.07,0.17,166
2026.08.18 11:50,2026.08.18 04:50,4392.22,4392.39,0.17,111
2026.08.18 11:51,2026.08.18 04:51,4392.72,4392.89,0.17,151
2026.08.18 11:52,2026.08.18 04:52,4392.86,4393.03,0.17,107
2026.08.18 11:53,2026.08.18 04:53,4392.69,4392.86,0.17,116
2026.08.18 11:54,2026.08.18 04:54,4393.04,4393.21,0.17,111
2026.08.18 11:55,2026.08.18 04:55,4393.23,4393.40,0.17,191
2026.08.18 11:56,2026.08.18 04:56,4392.96,4393.13,0.17,145
2026.08.18 11:57,2026.08.18 04:57,4392.90,4393.07,0.17,130
2026.08.18 11:58,2026.08.18 04:58,4392.90,4393.07,0.17,88
2026.08.18 11:59,2026.08.18 04:59,4392.23,4392.40,0.17,115
2026.08.18 12:00,2026.08.18 05:00,4393.42,4393.59,0.17,247
2026.08.18 12:01,2026.08.18 05:01,4393.32,4393.49,0.17,176
2026.08.18 12:02,2026.08.18 05:02,4392.38,4392.55,0.17,153
2026.08.18 12:03,2026.08.18 05:03,4392.69,4392.86,0.17,177
2026.08.18 12:04,2026.08.18 05:04,4392.84,4393.01,0.17,140
2026.08.18 12:05,2026.08.18 05:05,4392.05,4392.22,0.17,138
2026.08.18 12:06,2026.08.18 05:06,4391.84,4392.01,0.17,150
2026.08.18 12:07,2026.08.18 05:07,4391.55,4391.72,0.17,137
2026.08.18 12:08,2026.08.18 05:08,4391.26,4391.43,0.17,135
2026.08.18 12:09,2026.08.18 05:09,4391.77,4391.94,0.17,106
2026.08.18 12:10,2026.08.18 05:10,4391.93,4392.10,0.17,132
2026.08.18 12:11,2026.08.18 05:11,4392.31,4392.48,0.17,109
2026.08.18 12:12,2026.08.18 05:12,4392.34,4392.51,0.17,138
2026.08.18 12:13,2026.08.18 05:13,4392.82,4392.99,0.17,121
2026.08.18 12:14,2026.08.18 05:14,4391.94,4392.11,0.17,117
2026.08.18 12:15,2026.08.18 05:15,4392.06,4392.23,0.17,138
2026.08.18 12:16,2026.08.18 05:16,4391.81,4391.98,0.17,88
2026.08.18 12:17,2026.08.18 05:17,4391.30,4391.47,0.17,118
2026.08.18 12:18,2026.08.18 05:18,4391.47,4391.64,0.17,124
2026.08.18 12:19,2026.08.18 05:19,4390.83,4391.00,0.17,95
2026.08.18 12:20,2026.08.18 05:20,4390.86,4391.03,0.17,134
2026.08.18 12:21,2026.08.18 05:21,4389.84,4390.01,0.17,155
2026.08.18 12:22,2026.08.18 05:22,4389.90,4390.07,0.17,163
2026.08.18 12:23,2026.08.18 05:23,4389.86,4390.03,0.17,153
2026.08.18 12:24,2026.08.18 05:24,4389.47,4389.64,0.17,286
2026.08.18 12:25,2026.08.18 05:25,4388.97,4389.14,0.17,160
2026.08.18 12:26,2026.08.18 05:26,4390.02,4390.19,0.17,146
2026.08.18 12:27,2026.08.18 05:27,4390.00,4390.17,0.17,168
2026.08.18 12:28,2026.08.18 05:28,4389.14,4389.31,0.17,175
2026.08.18 12:29,2026.08.18 05:29,4389.50,4389.67,0.17,180
2026.08.18 12:30,2026.08.18 05:30,4391.43,4391.60,0.17,179
2026.08.18 12:31,2026.08.18 05:31,4390.25,4390.42,0.17,218
2026.08.18 12:32,2026.08.18 05:32,4391.21,4391.38,0.17,156
2026.08.18 12:33,2026.08.18 05:33,4392.98,4393.15,0.17,165
2026.08.18 12:34,2026.08.18 05:34,4393.98,4394.15,0.17,165
2026.08.18 12:35,2026.08.18 05:35,4393.36,4393.53,0.17,192
2026.08.18 12:36,2026.08.18 05:36,4392.54,4392.71,0.17,154
2026.08.18 12:37,2026.08.18 05:37,4393.62,4393.79,0.17,149
2026.08.18 12:38,2026.08.18 05:38,4391.59,4391.76,0.17,142
2026.08.18 12:39,2026.08.18 05:39,4391.57,4391.74,0.17,145
2026.08.18 12:40,2026.08.18 05:40,4389.01,4389.18,0.17,136
2026.08.18 12:41,2026.08.18 05:41,4388.60,4388.77,0.17,137
2026.08.18 12:42,2026.08.18 05:42,4389.04,4389.21,0.17,143
2026.08.18 12:43,2026.08.18 05:43,4387.65,4387.82,0.17,151
2026.08.18 12:44,2026.08.18 05:44,4387.82,4387.99,0.17,164
2026.08.18 12:45,2026.08.18 05:45,4387.67,4387.84,0.17,147
2026.08.18 12:46,2026.08.18 05:46,4389.62,4389.79,0.17,158
2026.08.18 12:47,2026.08.18 05:47,4389.08,4389.25,0.17,137
2026.08.18 12:48,2026.08.18 05:48,4391.34,4391.51,0.17,156
2026.08.18 12:49,2026.08.18 05:49,4393.18,4393.35,0.17,160
2026.08.18 12:50,2026.08.18 05:50,4393.57,4393.74,0.17,179
2026.08.18 12:51,2026.08.18 05:51,4393.73,4393.90,0.17,138
2026.08.18 12:52,2026.08.18 05:52,4393.48,4393.65,0.17,96
2026.08.18 12:53,2026.08.18 05:53,4393.52,4393.69,0.17,129
2026.08.18 12:54,2026.08.18 05:54,4393.92,4394.09,0.17,115
2026.08.18 12:55,2026.08.18 05:55,4394.40,4394.57,0.17,130
2026.08.18 12:56,2026.08.18 05:56,4393.72,4393.89,0.17,140
2026.08.18 12:57,2026.08.18 05:57,4393.69,4393.86,0.17,135
2026.08.18 12:58,2026.08.18 05:58,4394.05,4394.22,0.17,133
2026.08.18 12:59,2026.08.18 05:59,4393.05,4393.22,0.17,105
2026.08.18 13:00,2026.08.18 06:00,4393.03,4393.20,0.17,176
2026.08.18 13:01,2026.08.18 06:01,4394.14,4394.31,0.17,157
2026.08.18 13:02,2026.08.18 06:02,4394.86,4395.03,0.17,117
2026.08.18 13:03,2026.08.18 06:03,4394.03,4394.20,0.17,126
2026.08.18 13:04,2026.08.18 06:04,4394.55,4394.72,0.17,114
2026.08.18 13:05,2026.08.18 06:05,4393.93,4394.10,0.17,120
2026.08.18 13:06,2026.08.18 06:06,4394.06,4394.23,0.17,116
2026.08.18 13:07,2026.08.18 06:07,4393.19,4393.36,0.17,116
2026.08.18 13:08,2026.08.18 06:08,4393.12,4393.29,0.17,132
2026.08.18 13:09,2026.08.18 06:09,4393.51,4393.68,0.17,114
2026.08.18 13:10,2026.08.18 06:10,4393.27,4393.44,0.17,125
2026.08.18 13:11,2026.08.18 06:11,4393.94,4394.11,0.17,116
2026.08.18 13:12,2026.08.18 06:12,4393.44,4393.61,0.17,127
2026.08.18 13:13,2026.08.18 06:13,4393.52,4393.69,0.17,93
2026.08.18 13:14,2026.08.18 06:14,4394.77,4394.94,0.17,124
2026.08.18 13:15,2026.08.18 06:15,4394.74,4394.91,0.17,91
2026.08.18 13:16,2026.08.18 06:16,4394.30,4394.47,0.17,107
2026.08.18 13:17,2026.08.18 06:17,4394.51,4394.68,0.17,92
2026.08.18 13:18,2026.08.18 06:18,4395.57,4395.74,0.17,140
2026.08.18 13:19,2026.08.18 06:19,4395.12,4395.29,0.17,113
2026.08.18 13:20,2026.08.18 06:20,4394.89,4395.06,0.17,118
2026.08.18 13:21,2026.08.18 06:21,4392.85,4393.02,0.17,136
2026.08.18 13:22,2026.08.18 06:22,4392.26,4392.43,0.17,102
2026.08.18 13:23,2026.08.18 06:23,4392.10,4392.27,0.17,92
2026.08.18 13:24,2026.08.18 06:24,4391.76,4391.93,0.17,126
2026.08.18 13:25,2026.08.18 06:25,4390.25,4390.42,0.17,107
2026.08.18 13:26,2026.08.18 06:26,4390.61,4390.78,0.17,139
2026.08.18 13:27,2026.08.18 06:27,4391.07,4391.24,0.17,119
2026.08.18 13:28,2026.08.18 06:28,4392.00,4392.17,0.17,107
2026.08.18 13:29,2026.08.18 06:29,4391.72,4391.89,0.17,84
2026.08.18 13:30,2026.08.18 06:30,4393.06,4393.23,0.17,134
2026.08.18 13:31,2026.08.18 06:31,4393.14,4393.31,0.17,130
2026.08.18 13:32,2026.08.18 06:32,4393.15,4393.32,0.17,111
2026.08.18 13:33,2026.08.18 06:33,4393.93,4394.10,0.17,91
2026.08.18 13:34,2026.08.18 06:34,4393.69,4393.86,0.17,76
2026.08.18 13:35,2026.08.18 06:35,4393.80,4393.97,0.17,83
2026.08.18 13:36,2026.08.18 06:36,4395.06,4395.23,0.17,121
2026.08.18 13:37,2026.08.18 06:37,4396.66,4396.83,0.17,113
2026.08.18 13:38,2026.08.18 06:38,4396.22,4396.39,0.17,116
2026.08.18 13:39,2026.08.18 06:39,4397.30,4397.47,0.17,91
2026.08.18 13:40,2026.08.18 06:40,4397.39,4397.56,0.17,150
2026.08.18 13:41,2026.08.18 06:41,4397.28,4397.45,0.17,110
2026.08.18 13:42,2026.08.18 06:42,4397.90,4398.07,0.17,95
2026.08.18 13:43,2026.08.18 06:43,4398.24,4398.41,0.17,102
2026.08.18 13:44,2026.08.18 06:44,4398.46,4398.63,0.17,107
2026.08.18 13:45,2026.08.18 06:45,4399.27,4399.44,0.17,90
2026.08.18 13:46,2026.08.18 06:46,4399.43,4399.60,0.17,99
2026.08.18 13:47,2026.08.18 06:47,4398.81,4398.98,0.17,99
2026.08.18 13:48,2026.08.18 06:48,4398.92,4399.09,0.17,137
2026.08.18 13:49,2026.08.18 06:49,4399.19,4399.36,0.17,111
2026.08.18 13:50,2026.08.18 06:50,4398.81,4398.98,0.17,105
2026.08.18 13:51,2026.08.18 06:51,4398.20,4398.37,0.17,113
2026.08.18 13:52,2026.08.18 06:52,4397.24,4397.41,0.17,84
2026.08.18 13:53,2026.08.18 06:53,4396.79,4396.96,0.17,106
2026.08.18 13:54,2026.08.18 06:54,4396.92,4397.09,0.17,82
2026.08.18 13:55,2026.08.18 06:55,4396.98,4397.15,0.17,121
2026.08.18 13:56,2026.08.18 06:56,4396.99,4397.16,0.17,99
2026.08.18 13:57,2026.08.18 06:57,4397.31,4397.48,0.17,106
2026.08.18 13:58,2026.08.18 06:58,4397.26,4397.43,0.17,114
2026.08.18 13:59,2026.08.18 06:59,4397.28,4397.45,0.17,122
2026.08.18 14:00,2026.08.18 07:00,4397.58,4397.75,0.17,211
2026.08.18 14:01,2026.08.18 07:01,4398.36,4398.53,0.17,151
2026.08.18 14:02,2026.08.18 07:02,4397.66,4397.83,0.17,134
2026.08.18 14:03,2026.08.18 07:03,4395.03,4395.20,0.17,143
2026.08.18 14:04,2026.08.18 07:04,4394.06,4394.23,0.17,150
2026.08.18 14:05,2026.08.18 07:05,4394.02,4394.19,0.17,125
2026.08.18 14:06,2026.08.18 07:06,4392.85,4393.02,0.17,133
2026.08.18 14:07,2026.08.18 07:07,4394.08,4394.25,0.17,121
2026.08.18 14:08,2026.08.18 07:08,4394.34,4394.51,0.17,97
2026.08.18 14:09,2026.08.18 07:09,4393.70,4393.87,0.17,95
2026.08.18 14:10,2026.08.18 07:10,4393.21,4393.38,0.17,111
2026.08.18 14:11,2026.08.18 07:11,4392.62,4392.79,0.17,122
2026.08.18 14:12,2026.08.18 07:12,4393.08,4393.25,0.17,101
2026.08.18 14:13,2026.08.18 07:13,4393.80,4393.97,0.17,110
2026.08.18 14:14,2026.08.18 07:14,4393.61,4393.78,0.17,64
2026.08.18 14:15,2026.08.18 07:15,4394.04,4394.21,0.17,120
2026.08.18 14:16,2026.08.18 07:16,4393.61,4393.78,0.17,119
2026.08.18 14:17,2026.08.18 07:17,4392.49,4392.66,0.17,106
2026.08.18 14:18,2026.08.18 07:18,4392.36,4392.53,0.17,95
2026.08.18 14:19,2026.08.18 07:19,4393.90,4394.07,0.17,127
2026.08.18 14:20,2026.08.18 07:20,4392.83,4393.00,0.17,140
2026.08.18 14:21,2026.08.18 07:21,4392.91,4393.08,0.17,98
2026.08.18 14:22,2026.08.18 07:22,4392.32,4392.49,0.17,124
2026.08.18 14:23,2026.08.18 07:23,4390.98,4391.15,0.17,128
2026.08.18 14:24,2026.08.18 07:24,4390.33,4390.50,0.17,115
2026.08.18 14:25,2026.08.18 07:25,4391.07,4391.24,0.17,127
2026.08.18 14:26,2026.08.18 07:26,4391.22,4391.39,0.17,121
2026.08.18 14:27,2026.08.18 07:27,4391.25,4391.42,0.17,109
2026.08.18 14:28,2026.08.18 07:28,4391.03,4391.20,0.17,144
2026.08.18 14:29,2026.08.18 07:29,4390.55,4390.72,0.17,120
2026.08.18 14:30,2026.08.18 07:30,4390.65,4390.82,0.17,161
2026.08.18 14:31,2026.08.18 07:31,4389.93,4390.10,0.17,132
2026.08.18 14:32,2026.08.18 07:32,4389.86,4390.03,0.17,127
2026.08.18 14:33,2026.08.18 07:33,4389.80,4389.97,0.17,128
2026.08.18 14:34,2026.08.18 07:34,4389.59,4389.76,0.17,102
2026.08.18 14:35,2026.08.18 07:35,4390.52,4390.69,0.17,141
2026.08.18 14:36,2026.08.18 07:36,4391.27,4391.44,0.17,133
2026.08.18 14:37,2026.08.18 07:37,4389.74,4389.91,0.17,129
2026.08.18 14:38,2026.08.18 07:38,4390.85,4391.02,0.17,100
2026.08.18 14:39,2026.08.18 07:39,4389.79,4389.96,0.17,116
2026.08.18 14:40,2026.08.18 07:40,4391.97,4392.14,0.17,154
2026.08.18 14:41,2026.08.18 07:41,4391.14,4391.31,0.17,163
2026.08.18 14:42,2026.08.18 07:42,4392.17,4392.34,0.17,117
2026.08.18 14:43,2026.08.18 07:43,4391.44,4391.61,0.17,114
2026.08.18 14:44,2026.08.18 07:44,4390.97,4391.14,0.17,96
2026.08.18 14:45,2026.08.18 07:45,4392.89,4393.06,0.17,107
2026.08.18 14:46,2026.08.18 07:46,4392.76,4392.93,0.17,128
2026.08.18 14:47,2026.08.18 07:47,4393.33,4393.50,0.17,100
2026.08.18 14:48,2026.08.18 07:48,4393.29,4393.46,0.17,119
2026.08.18 14:49,2026.08.18 07:49,4392.09,4392.26,0.17,78
2026.08.18 14:50,2026.08.18 07:50,4392.73,4392.90,0.17,113
2026.08.18 14:51,2026.08.18 07:51,4391.59,4391.76,0.17,117
2026.08.18 14:52,2026.08.18 07:52,4390.28,4390.45,0.17,108
2026.08.18 14:53,2026.08.18 07:53,4390.82,4390.99,0.17,137
2026.08.18 14:54,2026.08.18 07:54,4390.91,4391.08,0.17,114
2026.08.18 14:55,2026.08.18 07:55,4391.45,4391.62,0.17,120
2026.08.18 14:56,2026.08.18 07:56,4392.96,4393.13,0.17,130
2026.08.18 14:57,2026.08.18 07:57,4395.28,4395.45,0.17,167
2026.08.18 14:58,2026.08.18 07:58,4396.06,4396.23,0.17,183
2026.08.18 14:59,2026.08.18 07:59,4395.35,4395.52,0.17,154
2026.08.18 15:00,2026.08.18 08:00,4393.12,4393.29,0.17,203
2026.08.18 15:01,2026.08.18 08:01,4393.14,4393.31,0.17,183
2026.08.18 15:02,2026.08.18 08:02,4392.65,4392.82,0.17,125
2026.08.18 15:03,2026.08.18 08:03,4394.60,4394.77,0.17,160
2026.08.18 15:04,2026.08.18 08:04,4396.47,4396.64,0.17,236
2026.08.18 15:05,2026.08.18 08:05,4396.28,4396.45,0.17,209
2026.08.18 15:06,2026.08.18 08:06,4393.93,4394.10,0.17,193
2026.08.18 15:07,2026.08.18 08:07,4392.80,4392.97,0.17,182
2026.08.18 15:08,2026.08.18 08:08,4391.86,4392.03,0.17,199
2026.08.18 15:09,2026.08.18 08:09,4391.51,4391.68,0.17,195
2026.08.18 15:10,2026.08.18 08:10,4391.46,4391.63,0.17,213
2026.08.18 15:11,2026.08.18 08:11,4391.30,4391.47,0.17,223
2026.08.18 15:12,2026.08.18 08:12,4391.87,4392.04,0.17,152
2026.08.18 15:13,2026.08.18 08:13,4390.36,4390.53,0.17,140
2026.08.18 15:14,2026.08.18 08:14,4393.19,4393.36,0.17,139
2026.08.18 15:15,2026.08.18 08:15,4392.30,4392.47,0.17,132
2026.08.18 15:16,2026.08.18 08:16,4392.59,4392.76,0.17,138
2026.08.18 15:17,2026.08.18 08:17,4392.24,4392.41,0.17,170
2026.08.18 15:18,2026.08.18 08:18,4391.83,4392.00,0.17,130
2026.08.18 15:19,2026.08.18 08:19,4396.83,4397.00,0.17,142
2026.08.18 15:20,2026.08.18 08:20,4398.38,4398.55,0.17,322
2026.08.18 15:21,2026.08.18 08:21,4398.53,4398.70,0.17,237
2026.08.18 15:22,2026.08.18 08:22,4398.29,4398.46,0.17,227
2026.08.18 15:23,2026.08.18 08:23,4398.25,4398.42,0.17,182
2026.08.18 15:24,2026.08.18 08:24,4394.17,4394.34,0.17,237
2026.08.18 15:25,2026.08.18 08:25,4394.72,4394.89,0.17,247
2026.08.18 15:26,2026.08.18 08:26,4394.40,4394.57,0.17,178
2026.08.18 15:27,2026.08.18 08:27,4392.31,4392.48,0.17,165
2026.08.18 15:28,2026.08.18 08:28,4394.94,4395.11,0.17,173
2026.08.18 15:29,2026.08.18 08:29,4395.48,4395.65,0.17,82
2026.08.18 15:30,2026.08.18 08:30,4392.47,4392.64,0.17,293
2026.08.18 15:31,2026.08.18 08:31,4394.47,4394.64,0.17,177
2026.08.18 15:32,2026.08.18 08:32,4396.20,4396.37,0.17,140
2026.08.18 15:33,2026.08.18 08:33,4396.83,4397.00,0.17,162
2026.08.18 15:34,2026.08.18 08:34,4397.58,4397.75,0.17,157
2026.08.18 15:35,2026.08.18 08:35,4397.49,4397.66,0.17,186
2026.08.18 15:36,2026.08.18 08:36,4394.62,4394.79,0.17,209
2026.08.18 15:37,2026.08.18 08:37,4393.77,4393.94,0.17,176
2026.08.18 15:38,2026.08.18 08:38,4394.44,4394.61,0.17,199
2026.08.18 15:39,2026.08.18 08:39,4392.95,4393.12,0.17,185
2026.08.18 15:40,2026.08.18 08:40,4391.37,4391.54,0.17,217
2026.08.18 15:41,2026.08.18 08:41,4391.84,4392.01,0.17,169
2026.08.18 15:42,2026.08.18 08:42,4392.41,4392.58,0.17,147
2026.08.18 15:43,2026.08.18 08:43,4392.64,4392.81,0.17,171
2026.08.18 15:44,2026.08.18 08:44,4392.66,4392.83,0.17,157
2026.08.18 15:45,2026.08.18 08:45,4394.46,4394.63,0.17,202
2026.08.18 15:46,2026.08.18 08:46,4394.64,4394.81,0.17,151
2026.08.18 15:47,2026.08.18 08:47,4395.45,4395.62,0.17,182
2026.08.18 15:48,2026.08.18 08:48,4395.90,4396.07,0.17,129
2026.08.18 15:49,2026.08.18 08:49,4396.48,4396.65,0.17,137
2026.08.18 15:50,2026.08.18 08:50,4395.64,4395.81,0.17,153
2026.08.18 15:51,2026.08.18 08:51,4395.74,4395.91,0.17,172
2026.08.18 15:52,2026.08.18 08:52,4396.09,4396.26,0.17,159
2026.08.18 15:53,2026.08.18 08:53,4393.66,4393.83,0.17,112
2026.08.18 15:54,2026.08.18 08:54,4392.76,4392.93,0.17,206
2026.08.18 15:55,2026.08.18 08:55,4391.00,4391.17,0.17,164
2026.08.18 15:56,2026.08.18 08:56,4392.73,4392.90,0.17,180
2026.08.18 15:57,2026.08.18 08:57,4394.65,4394.82,0.17,160
2026.08.18 15:58,2026.08.18 08:58,4394.23,4394.40,0.17,156
2026.08.18 15:59,2026.08.18 08:59,4392.16,4392.33,0.17,180
2026.08.18 16:00,2026.08.18 09:00,4391.61,4391.78,0.17,347
2026.08.18 16:01,2026.08.18 09:01,4390.88,4391.05,0.17,300
2026.08.18 16:02,2026.08.18 09:02,4391.62,4391.79,0.17,292
2026.08.18 16:03,2026.08.18 09:03,4395.72,4395.89,0.17,274
2026.08.18 16:04,2026.08.18 09:04,4396.34,4396.51,0.17,245
2026.08.18 16:05,2026.08.18 09:05,4395.73,4395.90,0.17,271
2026.08.18 16:06,2026.08.18 09:06,4391.94,4392.11,0.17,204
2026.08.18 16:07,2026.08.18 09:07,4390.20,4390.37,0.17,247
2026.08.18 16:08,2026.08.18 09:08,4390.40,4390.57,0.17,257
2026.08.18 16:09,2026.08.18 09:09,4389.34,4389.51,0.17,205
2026.08.18 16:10,2026.08.18 09:10,4390.73,4390.90,0.17,232
2026.08.18 16:11,2026.08.18 09:11,4391.81,4391.98,0.17,184
2026.08.18 16:12,2026.08.18 09:12,4394.03,4394.20,0.17,241
2026.08.18 16:13,2026.08.18 09:13,4393.78,4393.95,0.17,143
2026.08.18 16:14,2026.08.18 09:14,4394.70,4394.87,0.17,186
2026.08.18 16:15,2026.08.18 09:15,4394.69,4394.86,0.17,192
2026.08.18 16:16,2026.08.18 09:16,4389.13,4389.30,0.17,262
2026.08.18 16:17,2026.08.18 09:17,4391.12,4391.29,0.17,248
2026.08.18 16:18,2026.08.18 09:18,4391.56,4391.73,0.17,227
2026.08.18 16:19,2026.08.18 09:19,4390.54,4390.71,0.17,221
2026.08.18 16:20,2026.08.18 09:20,4393.09,4393.26,0.17,217
2026.08.18 16:21,2026.08.18 09:21,4389.81,4389.98,0.17,213
2026.08.18 16:22,2026.08.18 09:22,4388.77,4388.94,0.17,222
2026.08.18 16:23,2026.08.18 09:23,4389.78,4389.95,0.17,268
2026.08.18 16:24,2026.08.18 09:24,4388.41,4388.58,0.17,231
2026.08.18 16:25,2026.08.18 09:25,4390.03,4390.20,0.17,267
2026.08.18 16:26,2026.08.18 09:26,4389.06,4389.23,0.17,251
2026.08.18 16:27,2026.08.18 09:27,4391.22,4391.39,0.17,244
2026.08.18 16:28,2026.08.18 09:28,4391.73,4391.90,0.17,231
2026.08.18 16:29,2026.08.18 09:29,4389.76,4389.93,0.17,264
2026.08.18 16:30,2026.08.18 09:30,4388.05,4388.22,0.17,511
2026.08.18 16:31,2026.08.18 09:31,4394.74,4394.91,0.17,435
2026.08.18 16:32,2026.08.18 09:32,4397.06,4397.23,0.17,409
2026.08.18 16:33,2026.08.18 09:33,4394.18,4394.35,0.17,416
2026.08.18 16:34,2026.08.18 09:34,4395.93,4396.10,0.17,398
2026.08.18 16:35,2026.08.18 09:35,4398.91,4399.08,0.17,448
2026.08.18 16:36,2026.08.18 09:36,4400.45,4400.62,0.17,448
2026.08.18 16:37,2026.08.18 09:37,4399.84,4400.01,0.17,406
2026.08.18 16:38,2026.08.18 09:38,4401.06,4401.23,0.17,391
2026.08.18 16:39,2026.08.18 09:39,4401.54,4401.71,0.17,401
2026.08.18 16:40,2026.08.18 09:40,4401.29,4401.46,0.17,361
2026.08.18 16:41,2026.08.18 09:41,4403.97,4404.14,0.17,415
2026.08.18 16:42,2026.08.18 09:42,4400.69,4400.86,0.17,391
2026.08.18 16:43,2026.08.18 09:43,4402.76,4402.93,0.17,380
2026.08.18 16:44,2026.08.18 09:44,4399.81,4399.98,0.17,381
2026.08.18 16:45,2026.08.18 09:45,4399.32,4399.49,0.17,377
2026.08.18 16:46,2026.08.18 09:46,4395.45,4395.62,0.17,407
2026.08.18 16:47,2026.08.18 09:47,4395.88,4396.05,0.17,397
2026.08.18 16:48,2026.08.18 09:48,4394.95,4395.12,0.17,344
2026.08.18 16:49,2026.08.18 09:49,4395.53,4395.70,0.17,369
2026.08.18 16:50,2026.08.18 09:50,4396.00,4396.17,0.17,384
2026.08.18 16:51,2026.08.18 09:51,4390.45,4390.62,0.17,391
2026.08.18 16:52,2026.08.18 09:52,4391.61,4391.78,0.17,363
2026.08.18 16:53,2026.08.18 09:53,4390.39,4390.56,0.17,356
2026.08.18 16:54,2026.08.18 09:54,4390.47,4390.64,0.17,355
2026.08.18 16:55,2026.08.18 09:55,4390.55,4390.72,0.17,367
2026.08.18 16:56,2026.08.18 09:56,4392.75,4392.92,0.17,339
2026.08.18 16:57,2026.08.18 09:57,4393.00,4393.17,0.17,324
2026.08.18 16:58,2026.08.18 09:58,4393.62,4393.79,0.17,299
2026.08.18 16:59,2026.08.18 09:59,4394.34,4394.51,0.17,304
2026.08.18 17:00,2026.08.18 10:00,4398.90,4399.07,0.17,385
2026.08.18 17:01,2026.08.18 10:01,4402.28,4402.45,0.17,328
2026.08.18 17:02,2026.08.18 10:02,4403.35,4403.52,0.17,415
2026.08.18 17:03,2026.08.18 10:03,4403.86,4404.03,0.17,376
2026.08.18 17:04,2026.08.18 10:04,4403.94,4404.11,0.17,345
2026.08.18 17:05,2026.08.18 10:05,4402.32,4402.49,0.17,362
2026.08.18 17:06,2026.08.18 10:06,4400.54,4400.71,0.17,357
2026.08.18 17:07,2026.08.18 10:07,4400.58,4400.75,0.17,293
2026.08.18 17:08,2026.08.18 10:08,4399.17,4399.34,0.17,324
2026.08.18 17:09,2026.08.18 10:09,4397.04,4397.21,0.17,294
2026.08.18 17:10,2026.08.18 10:10,4394.89,4395.06,0.17,306
2026.08.18 17:11,2026.08.18 10:11,4392.80,4392.97,0.17,325
2026.08.18 17:12,2026.08.18 10:12,4393.15,4393.32,0.17,312
2026.08.18 17:13,2026.08.18 10:13,4394.53,4394.70,0.17,328
2026.08.18 17:14,2026.08.18 10:14,4393.28,4393.45,0.17,318
2026.08.18 17:15,2026.08.18 10:15,4399.05,4399.22,0.17,286
2026.08.18 17:16,2026.08.18 10:16,4397.92,4398.09,0.17,327
2026.08.18 17:17,2026.08.18 10:17,4398.04,4398.21,0.17,275
2026.08.18 17:18,2026.08.18 10:18,4403.51,4403.68,0.17,321
2026.08.18 17:19,2026.08.18 10:19,4401.58,4401.75,0.17,334
2026.08.18 17:20,2026.08.18 10:20,4398.79,4398.96,0.17,326
2026.08.18 17:21,2026.08.18 10:21,4397.36,4397.53,0.17,324
2026.08.18 17:22,2026.08.18 10:22,4398.02,4398.19,0.17,309
2026.08.18 17:23,2026.08.18 10:23,4395.96,4396.13,0.17,307
2026.08.18 17:24,2026.08.18 10:24,4398.10,4398.27,0.17,320
2026.08.18 17:25,2026.08.18 10:25,4397.86,4398.03,0.17,305
2026.08.18 17:26,2026.08.18 10:26,4396.19,4396.36,0.17,274
2026.08.18 17:27,2026.08.18 10:27,4395.60,4395.77,0.17,319
2026.08.18 17:28,2026.08.18 10:28,4393.98,4394.15,0.17,305
2026.08.18 17:29,2026.08.18 10:29,4392.74,4392.91,0.17,316
2026.08.18 17:30,2026.08.18 10:30,4390.31,4390.48,0.17,362
2026.08.18 17:31,2026.08.18 10:31,4385.84,4386.01,0.17,318
2026.08.18 17:32,2026.08.18 10:32,4393.90,4394.07,0.17,374
2026.08.18 17:33,2026.08.18 10:33,4394.46,4394.63,0.17,290
2026.08.18 17:34,2026.08.18 10:34,4388.93,4389.10,0.17,324
2026.08.18 17:35,2026.08.18 10:35,4386.75,4386.92,0.17,331
2026.08.18 17:36,2026.08.18 10:36,4387.17,4387.34,0.17,326
2026.08.18 17:37,2026.08.18 10:37,4387.38,4387.55,0.17,304
2026.08.18 17:38,2026.08.18 10:38,4386.68,4386.85,0.17,348
2026.08.18 17:39,2026.08.18 10:39,4383.48,4383.65,0.17,412
2026.08.18 17:40,2026.08.18 10:40,4382.36,4382.53,0.17,421
2026.08.18 17:41,2026.08.18 10:41,4383.21,4383.38,0.17,379
2026.08.18 17:42,2026.08.18 10:42,4381.22,4381.39,0.17,360
2026.08.18 17:43,2026.08.18 10:43,4378.98,4379.15,0.17,375
2026.08.18 17:44,2026.08.18 10:44,4378.80,4378.97,0.17,329
2026.08.18 17:45,2026.08.18 10:45,4380.76,4380.93,0.17,340
2026.08.18 17:46,2026.08.18 10:46,4382.33,4382.50,0.17,340
2026.08.18 17:47,2026.08.18 10:47,4384.68,4384.85,0.17,325
2026.08.18 17:48,2026.08.18 10:48,4387.72,4387.89,0.17,299
2026.08.18 17:49,2026.08.18 10:49,4386.29,4386.46,0.17,289
2026.08.18 17:50,2026.08.18 10:50,4387.41,4387.58,0.17,348
2026.08.18 17:51,2026.08.18 10:51,4383.54,4383.71,0.17,326
2026.08.18 17:52,2026.08.18 10:52,4380.50,4380.67,0.17,350
2026.08.18 17:53,2026.08.18 10:53,4380.08,4380.25,0.17,403
2026.08.18 17:54,2026.08.18 10:54,4380.01,4380.18,0.17,363
2026.08.18 17:55,2026.08.18 10:55,4378.77,4378.94,0.17,347
2026.08.18 17:56,2026.08.18 10:56,4377.59,4377.76,0.17,401
2026.08.18 17:57,2026.08.18 10:57,4375.48,4375.65,0.17,405
2026.08.18 17:58,2026.08.18 10:58,4364.81,4365.02,0.21,390
2026.08.18 17:59,2026.08.18 10:59,4369.44,4369.70,0.26,446
2026.08.18 18:00,2026.08.18 11:00,4370.21,4370.38,0.17,441
2026.08.18 18:01,2026.08.18 11:01,4369.37,4369.54,0.17,448
2026.08.18 18:02,2026.08.18 11:02,4368.63,4368.80,0.17,440
2026.08.18 18:03,2026.08.18 11:03,4373.07,4373.24,0.17,463
2026.08.18 18:04,2026.08.18 11:04,4376.24,4376.41,0.17,374
2026.08.18 18:05,2026.08.18 11:05,4374.80,4374.97,0.17,390
2026.08.18 18:06,2026.08.18 11:06,4372.87,4373.04,0.17,321
2026.08.18 18:07,2026.08.18 11:07,4369.59,4369.85,0.26,320
2026.08.18 18:08,2026.08.18 11:08,4367.59,4367.76,0.17,318
2026.08.18 18:09,2026.08.18 11:09,4365.65,4365.82,0.17,379
2026.08.18 18:10,2026.08.18 11:10,4366.42,4366.59,0.17,372
2026.08.18 18:11,2026.08.18 11:11,4365.73,4365.90,0.17,367
2026.08.18 18:12,2026.08.18 11:12,4364.63,4364.80,0.17,348
2026.08.18 18:13,2026.08.18 11:13,4359.91,4360.09,0.18,354
2026.08.18 18:14,2026.08.18 11:14,4361.82,4361.99,0.17,414
2026.08.18 18:15,2026.08.18 11:15,4363.90,4364.07,0.17,355
2026.08.18 18:16,2026.08.18 11:16,4364.67,4364.84,0.17,315
2026.08.18 18:17,2026.08.18 11:17,4363.55,4363.81,0.26,300
2026.08.18 18:18,2026.08.18 11:18,4358.72,4358.96,0.24,383
2026.08.18 18:19,2026.08.18 11:19,4354.43,4354.61,0.18,373
2026.08.18 18:20,2026.08.18 11:20,4353.95,4354.12,0.17,383
2026.08.18 18:21,2026.08.18 11:21,4355.44,4355.61,0.17,389
2026.08.18 18:22,2026.08.18 11:22,4355.17,4355.45,0.28,374
2026.08.18 18:23,2026.08.18 11:23,4353.58,4353.78,0.20,347
2026.08.18 18:24,2026.08.18 11:24,4353.83,4354.00,0.17,392
2026.08.18 18:25,2026.08.18 11:25,4355.67,4355.90,0.23,362
2026.08.18 18:26,2026.08.18 11:26,4355.62,4355.79,0.17,342
2026.08.18 18:27,2026.08.18 11:27,4356.21,4356.38,0.17,306
2026.08.18 18:28,2026.08.18 11:28,4359.07,4359.24,0.17,309
2026.08.18 18:29,2026.08.18 11:29,4355.30,4355.47,0.17,378
2026.08.18 18:30,2026.08.18 11:30,4360.17,4360.34,0.17,380
2026.08.18 18:31,2026.08.18 11:31,4359.09,4359.26,0.17,405
2026.08.18 18:32,2026.08.18 11:32,4356.94,4357.11,0.17,324
2026.08.18 18:33,2026.08.18 11:33,4358.50,4358.67,0.17,286
2026.08.18 18:34,2026.08.18 11:34,4360.09,4360.26,0.17,327
2026.08.18 18:35,2026.08.18 11:35,4359.52,4359.69,0.17,310
2026.08.18 18:36,2026.08.18 11:36,4359.63,4359.80,0.17,347
2026.08.18 18:37,2026.08.18 11:37,4361.18,4361.35,0.17,316
2026.08.18 18:38,2026.08.18 11:38,4361.61,4361.78,0.17,274
2026.08.18 18:39,2026.08.18 11:39,4359.59,4359.76,0.17,277
2026.08.18 18:40,2026.08.18 11:40,4360.99,4361.16,0.17,295
2026.08.18 18:41,2026.08.18 11:41,4361.06,4361.23,0.17,283
2026.08.18 18:42,2026.08.18 11:42,4358.66,4358.83,0.17,283
2026.08.18 18:43,2026.08.18 11:43,4357.09,4357.26,0.17,255
2026.08.18 18:44,2026.08.18 11:44,4359.00,4359.17,0.17,261
2026.08.18 18:45,2026.08.18 11:45,4361.44,4361.61,0.17,285
2026.08.18 18:46,2026.08.18 11:46,4361.47,4361.64,0.17,240
2026.08.18 18:47,2026.08.18 11:47,4363.50,4363.67,0.17,270
2026.08.18 18:48,2026.08.18 11:48,4363.94,4364.11,0.17,271
2026.08.18 18:49,2026.08.18 11:49,4363.55,4363.72,0.17,205
2026.08.18 18:50,2026.08.18 11:50,4362.90,4363.07,0.17,227
2026.08.18 18:51,2026.08.18 11:51,4364.90,4365.07,0.17,233
2026.08.18 18:52,2026.08.18 11:52,4365.85,4366.03,0.18,217
2026.08.18 18:53,2026.08.18 11:53,4364.97,4365.14,0.17,252
2026.08.18 18:54,2026.08.18 11:54,4365.70,4365.87,0.17,222
2026.08.18 18:55,2026.08.18 11:55,4364.03,4364.20,0.17,236
2026.08.18 18:56,2026.08.18 11:56,4363.81,4363.98,0.17,224
2026.08.18 18:57,2026.08.18 11:57,4364.05,4364.22,0.17,216
2026.08.18 18:58,2026.08.18 11:58,4364.63,4364.80,0.17,211
2026.08.18 18:59,2026.08.18 11:59,4366.08,4366.25,0.17,196
2026.08.18 19:00,2026.08.18 12:00,4367.16,4367.33,0.17,261
2026.08.18 19:01,2026.08.18 12:01,4368.24,4368.41,0.17,234
2026.08.18 19:02,2026.08.18 12:02,4367.58,4367.75,0.17,199
2026.08.18 19:03,2026.08.18 12:03,4369.23,4369.40,0.17,215
2026.08.18 19:04,2026.08.18 12:04,4367.80,4367.97,0.17,210
2026.08.18 19:05,2026.08.18 12:05,4368.59,4368.76,0.17,217
2026.08.18 19:06,2026.08.18 12:06,4367.22,4367.39,0.17,230
2026.08.18 19:07,2026.08.18 12:07,4367.95,4368.12,0.17,264
2026.08.18 19:08,2026.08.18 12:08,4370.62,4370.79,0.17,238
2026.08.18 19:09,2026.08.18 12:09,4370.85,4371.02,0.17,224
2026.08.18 19:10,2026.08.18 12:10,4369.29,4369.46,0.17,215
2026.08.18 19:11,2026.08.18 12:11,4369.66,4369.83,0.17,203
2026.08.18 19:12,2026.08.18 12:12,4369.75,4369.92,0.17,199
2026.08.18 19:13,2026.08.18 12:13,4368.34,4368.51,0.17,187
2026.08.18 19:14,2026.08.18 12:14,4368.24,4368.41,0.17,187
2026.08.18 19:15,2026.08.18 12:15,4366.71,4366.88,0.17,219
2026.08.18 19:16,2026.08.18 12:16,4366.31,4366.48,0.17,281
2026.08.18 19:17,2026.08.18 12:17,4365.51,4365.68,0.17,224
2026.08.18 19:18,2026.08.18 12:18,4364.81,4364.98,0.17,224
2026.08.18 19:19,2026.08.18 12:19,4368.52,4368.69,0.17,222
2026.08.18 19:20,2026.08.18 12:20,4369.40,4369.57,0.17,231
2026.08.18 19:21,2026.08.18 12:21,4368.40,4368.57,0.17,184
2026.08.18 19:22,2026.08.18 12:22,4367.52,4367.69,0.17,187
2026.08.18 19:23,2026.08.18 12:23,4367.62,4367.79,0.17,220
2026.08.18 19:24,2026.08.18 12:24,4368.38,4368.55,0.17,144
2026.08.18 19:25,2026.08.18 12:25,4368.71,4368.88,0.17,167
2026.08.18 19:26,2026.08.18 12:26,4366.35,4366.52,0.17,187
2026.08.18 19:27,2026.08.18 12:27,4364.28,4364.45,0.17,225
2026.08.18 19:28,2026.08.18 12:28,4363.70,4363.87,0.17,203
2026.08.18 19:29,2026.08.18 12:29,4364.72,4364.89,0.17,223
2026.08.18 19:30,2026.08.18 12:30,4366.52,4366.69,0.17,249
2026.08.18 19:31,2026.08.18 12:31,4363.63,4363.80,0.17,241
2026.08.18 19:32,2026.08.18 12:32,4364.94,4365.11,0.17,212
2026.08.18 19:33,2026.08.18 12:33,4364.45,4364.62,0.17,194
2026.08.18 19:34,2026.08.18 12:34,4366.74,4366.91,0.17,211
2026.08.18 19:35,2026.08.18 12:35,4365.21,4365.38,0.17,207
2026.08.18 19:36,2026.08.18 12:36,4363.39,4363.56,0.17,186
2026.08.18 19:37,2026.08.18 12:37,4365.57,4365.74,0.17,219
2026.08.18 19:38,2026.08.18 12:38,4366.10,4366.27,0.17,166
2026.08.18 19:39,2026.08.18 12:39,4365.76,4365.93,0.17,143
2026.08.18 19:40,2026.08.18 12:40,4367.26,4367.43,0.17,231
2026.08.18 19:41,2026.08.18 12:41,4367.82,4367.99,0.17,187
2026.08.18 19:42,2026.08.18 12:42,4366.78,4366.95,0.17,177
2026.08.18 19:43,2026.08.18 12:43,4366.68,4366.85,0.17,201
2026.08.18 19:44,2026.08.18 12:44,4367.63,4367.80,0.17,164
2026.08.18 19:45,2026.08.18 12:45,4365.53,4365.70,0.17,199
2026.08.18 19:46,2026.08.18 12:46,4367.30,4367.47,0.17,190
2026.08.18 19:47,2026.08.18 12:47,4365.08,4365.25,0.17,190
2026.08.18 19:48,2026.08.18 12:48,4363.95,4364.12,0.17,184
2026.08.18 19:49,2026.08.18 12:49,4363.19,4363.36,0.17,158
2026.08.18 19:50,2026.08.18 12:50,4364.64,4364.81,0.17,178
2026.08.18 19:51,2026.08.18 12:51,4366.98,4367.15,0.17,150
2026.08.18 19:52,2026.08.18 12:52,4366.75,4366.92,0.17,196
2026.08.18 19:53,2026.08.18 12:53,4368.35,4368.52,0.17,158
2026.08.18 19:54,2026.08.18 12:54,4367.40,4367.57,0.17,173
2026.08.18 19:55,2026.08.18 12:55,4365.59,4365.76,0.17,182
2026.08.18 19:56,2026.08.18 12:56,4364.39,4364.56,0.17,184
2026.08.18 19:57,2026.08.18 12:57,4363.73,4363.90,0.17,214
2026.08.18 19:58,2026.08.18 12:58,4364.31,4364.48,0.17,199
2026.08.18 19:59,2026.08.18 12:59,4363.93,4364.10,0.17,222
2026.08.18 20:00,2026.08.18 13:00,4364.95,4365.12,0.17,269
2026.08.18 20:01,2026.08.18 13:01,4365.44,4365.61,0.17,236
2026.08.18 20:02,2026.08.18 13:02,4364.40,4364.57,0.17,210
2026.08.18 20:03,2026.08.18 13:03,4364.09,4364.26,0.17,224
2026.08.18 20:04,2026.08.18 13:04,4365.69,4365.86,0.17,212
2026.08.18 20:05,2026.08.18 13:05,4366.01,4366.18,0.17,210
2026.08.18 20:06,2026.08.18 13:06,4365.76,4365.93,0.17,208
2026.08.18 20:07,2026.08.18 13:07,4365.79,4365.96,0.17,171
2026.08.18 20:08,2026.08.18 13:08,4365.93,4366.10,0.17,182
2026.08.18 20:09,2026.08.18 13:09,4365.97,4366.14,0.17,154
2026.08.18 20:10,2026.08.18 13:10,4366.02,4366.19,0.17,175
2026.08.18 20:11,2026.08.18 13:11,4365.99,4366.16,0.17,156
2026.08.18 20:12,2026.08.18 13:12,4365.94,4366.11,0.17,172
2026.08.18 20:13,2026.08.18 13:13,4366.58,4366.75,0.17,138
2026.08.18 20:14,2026.08.18 13:14,4367.43,4367.60,0.17,212
2026.08.18 20:15,2026.08.18 13:15,4366.70,4366.87,0.17,199
2026.08.18 20:16,2026.08.18 13:16,4366.73,4366.90,0.17,212
2026.08.18 20:17,2026.08.18 13:17,4365.78,4365.95,0.17,161
2026.08.18 20:18,2026.08.18 13:18,4365.52,4365.69,0.17,184
2026.08.18 20:19,2026.08.18 13:19,4365.39,4365.56,0.17,216
2026.08.18 20:20,2026.08.18 13:20,4364.77,4364.94,0.17,173
2026.08.18 20:21,2026.08.18 13:21,4366.52,4366.69,0.17,196
2026.08.18 20:22,2026.08.18 13:22,4366.90,4367.07,0.17,171
2026.08.18 20:23,2026.08.18 13:23,4366.15,4366.32,0.17,171
2026.08.18 20:24,2026.08.18 13:24,4366.69,4366.86,0.17,266
2026.08.18 20:25,2026.08.18 13:25,4365.60,4365.77,0.17,230
2026.08.18 20:26,2026.08.18 13:26,4365.87,4366.04,0.17,176
2026.08.18 20:27,2026.08.18 13:27,4365.04,4365.21,0.17,198
2026.08.18 20:28,2026.08.18 13:28,4365.12,4365.29,0.17,192
2026.08.18 20:29,2026.08.18 13:29,4364.45,4364.62,0.17,330
2026.08.18 20:30,2026.08.18 13:30,4363.30,4363.47,0.17,267
2026.08.18 20:31,2026.08.18 13:31,4363.84,4364.01,0.17,218
2026.08.18 20:32,2026.08.18 13:32,4366.04,4366.21,0.17,189
2026.08.18 20:33,2026.08.18 13:33,4365.49,4365.66,0.17,195
2026.08.18 20:34,2026.08.18 13:34,4364.81,4364.98,0.17,153
2026.08.18 20:35,2026.08.18 13:35,4364.59,4364.76,0.17,167
2026.08.18 20:36,2026.08.18 13:36,4364.35,4364.52,0.17,214
2026.08.18 20:37,2026.08.18 13:37,4361.75,4361.92,0.17,217
2026.08.18 20:38,2026.08.18 13:38,4362.83,4363.00,0.17,228
2026.08.18 20:39,2026.08.18 13:39,4364.63,4364.80,0.17,194
2026.08.18 20:40,2026.08.18 13:40,4363.58,4363.75,0.17,234
2026.08.18 20:41,2026.08.18 13:41,4363.15,4363.32,0.17,182
2026.08.18 20:42,2026.08.18 13:42,4361.09,4361.26,0.17,155
2026.08.18 20:43,2026.08.18 13:43,4360.66,4360.83,0.17,183
2026.08.18 20:44,2026.08.18 13:44,4359.34,4359.51,0.17,200
2026.08.18 20:45,2026.08.18 13:45,4360.32,4360.49,0.17,227
2026.08.18 20:46,2026.08.18 13:46,4359.33,4359.50,0.17,141
2026.08.18 20:47,2026.08.18 13:47,4357.91,4358.08,0.17,188
2026.08.18 20:48,2026.08.18 13:48,4357.12,4357.29,0.17,188
2026.08.18 20:49,2026.08.18 13:49,4358.04,4358.21,0.17,179
2026.08.18 20:50,2026.08.18 13:50,4359.48,4359.65,0.17,197
2026.08.18 20:51,2026.08.18 13:51,4359.13,4359.30,0.17,146
2026.08.18 20:52,2026.08.18 13:52,4358.36,4358.53,0.17,134
2026.08.18 20:53,2026.08.18 13:53,4358.61,4358.78,0.17,168
2026.08.18 20:54,2026.08.18 13:54,4358.48,4358.65,0.17,118
2026.08.18 20:55,2026.08.18 13:55,4357.90,4358.07,0.17,177
2026.08.18 20:56,2026.08.18 13:56,4358.20,4358.37,0.17,180
2026.08.18 20:57,2026.08.18 13:57,4357.42,4357.59,0.17,189
2026.08.18 20:58,2026.08.18 13:58,4357.77,4357.94,0.17,175
2026.08.18 20:59,2026.08.18 13:59,4355.96,4356.13,0.17,177
2026.08.18 21:00,2026.08.18 14:00,4356.79,4356.96,0.17,162
2026.08.18 21:01,2026.08.18 14:01,4357.12,4357.29,0.17,220
2026.08.18 21:02,2026.08.18 14:02,4354.91,4355.08,0.17,183
2026.08.18 21:03,2026.08.18 14:03,4354.05,4354.22,0.17,215
2026.08.18 21:04,2026.08.18 14:04,4353.67,4353.84,0.17,194
2026.08.18 21:05,2026.08.18 14:05,4353.56,4353.73,0.17,215
2026.08.18 21:06,2026.08.18 14:06,4354.20,4354.37,0.17,185
2026.08.18 21:07,2026.08.18 14:07,4354.16,4354.33,0.17,152
2026.08.18 21:08,2026.08.18 14:08,4354.17,4354.34,0.17,174
2026.08.18 21:09,2026.08.18 14:09,4355.68,4355.85,0.17,167
2026.08.18 21:10,2026.08.18 14:10,4354.71,4354.88,0.17,158
2026.08.18 21:11,2026.08.18 14:11,4353.18,4353.35,0.17,181
2026.08.18 21:12,2026.08.18 14:12,4354.86,4355.03,0.17,140
2026.08.18 21:13,2026.08.18 14:13,4357.78,4357.95,0.17,194
2026.08.18 21:14,2026.08.18 14:14,4357.88,4358.05,0.17,151
2026.08.18 21:15,2026.08.18 14:15,4357.94,4358.11,0.17,200
2026.08.18 21:16,2026.08.18 14:16,4357.28,4357.45,0.17,152
2026.08.18 21:17,2026.08.18 14:17,4358.37,4358.54,0.17,196
2026.08.18 21:18,2026.08.18 14:18,4358.59,4358.76,0.17,182
2026.08.18 21:19,2026.08.18 14:19,4359.36,4359.53,0.17,160
2026.08.18 21:20,2026.08.18 14:20,4358.98,4359.15,0.17,158
2026.08.18 21:21,2026.08.18 14:21,4358.76,4358.93,0.17,152
2026.08.18 21:22,2026.08.18 14:22,4356.45,4356.62,0.17,171
2026.08.18 21:23,2026.08.18 14:23,4357.28,4357.45,0.17,148
2026.08.18 21:24,2026.08.18 14:24,4357.53,4357.70,0.17,163
2026.08.18 21:25,2026.08.18 14:25,4358.17,4358.34,0.17,158
2026.08.18 21:26,2026.08.18 14:26,4358.12,4358.29,0.17,140
2026.08.18 21:27,2026.08.18 14:27,4359.96,4360.13,0.17,134
2026.08.18 21:28,2026.08.18 14:28,4360.88,4361.05,0.17,176
2026.08.18 21:29,2026.08.18 14:29,4360.23,4360.40,0.17,159
2026.08.18 21:30,2026.08.18 14:30,4359.63,4359.80,0.17,150
2026.08.18 21:31,2026.08.18 14:31,4359.54,4359.71,0.17,134
2026.08.18 21:32,2026.08.18 14:32,4359.42,4359.59,0.17,155
2026.08.18 21:33,2026.08.18 14:33,4358.21,4358.38,0.17,141
2026.08.18 21:34,2026.08.18 14:34,4359.36,4359.53,0.17,124
2026.08.18 21:35,2026.08.18 14:35,4359.51,4359.68,0.17,128
2026.08.18 21:36,2026.08.18 14:36,4358.81,4358.98,0.17,130
2026.08.18 21:37,2026.08.18 14:37,4358.80,4358.97,0.17,113
2026.08.18 21:38,2026.08.18 14:38,4359.20,4359.37,0.17,145
2026.08.18 21:39,2026.08.18 14:39,4359.18,4359.35,0.17,125
2026.08.18 21:40,2026.08.18 14:40,4357.22,4357.39,0.17,157
2026.08.18 21:41,2026.08.18 14:41,4356.51,4356.68,0.17,138
2026.08.18 21:42,2026.08.18 14:42,4355.73,4355.90,0.17,153
2026.08.18 21:43,2026.08.18 14:43,4354.82,4354.99,0.17,125
2026.08.18 21:44,2026.08.18 14:44,4354.52,4354.69,0.17,179
2026.08.18 21:45,2026.08.18 14:45,4354.47,4354.64,0.17,142
2026.08.18 21:46,2026.08.18 14:46,4354.88,4355.05,0.17,145
2026.08.18 21:47,2026.08.18 14:47,4355.07,4355.24,0.17,153
2026.08.18 21:48,2026.08.18 14:48,4353.68,4353.85,0.17,169
2026.08.18 21:49,2026.08.18 14:49,4354.36,4354.53,0.17,114
2026.08.18 21:50,2026.08.18 14:50,4354.46,4354.63,0.17,97
2026.08.18 21:51,2026.08.18 14:51,4354.47,4354.64,0.17,114
2026.08.18 21:52,2026.08.18 14:52,4354.45,4354.62,0.17,103
2026.08.18 21:53,2026.08.18 14:53,4354.66,4354.83,0.17,121
2026.08.18 21:54,2026.08.18 14:54,4354.69,4354.86,0.17,102
2026.08.18 21:55,2026.08.18 14:55,4355.38,4355.55,0.17,146
2026.08.18 21:56,2026.08.18 14:56,4354.16,4354.33,0.17,128
2026.08.18 21:57,2026.08.18 14:57,4354.21,4354.38,0.17,106
2026.08.18 21:58,2026.08.18 14:58,4354.29,4354.46,0.17,82
2026.08.18 21:59,2026.08.18 14:59,4355.33,4355.50,0.17,108
2026.08.18 22:00,2026.08.18 15:00,4355.49,4355.66,0.17,147
2026.08.18 22:01,2026.08.18 15:01,4356.04,4356.21,0.17,118
2026.08.18 22:02,2026.08.18 15:02,4357.59,4357.76,0.17,103
2026.08.18 22:03,2026.08.18 15:03,4357.40,4357.57,0.17,115
2026.08.18 22:04,2026.08.18 15:04,4355.49,4355.66,0.17,122
2026.08.18 22:05,2026.08.18 15:05,4356.08,4356.25,0.17,123
2026.08.18 22:06,2026.08.18 15:06,4356.01,4356.18,0.17,106
2026.08.18 22:07,2026.08.18 15:07,4355.90,4356.07,0.17,96
2026.08.18 22:08,2026.08.18 15:08,4356.71,4356.88,0.17,81
2026.08.18 22:09,2026.08.18 15:09,4354.93,4355.10,0.17,97
2026.08.18 22:10,2026.08.18 15:10,4355.63,4355.80,0.17,119
2026.08.18 22:11,2026.08.18 15:11,4356.46,4356.63,0.17,149
2026.08.18 22:12,2026.08.18 15:12,4356.06,4356.23,0.17,148
2026.08.18 22:13,2026.08.18 15:13,4357.02,4357.19,0.17,105
2026.08.18 22:14,2026.08.18 15:14,4357.61,4357.78,0.17,92
2026.08.18 22:15,2026.08.18 15:15,4358.68,4358.85,0.17,107
2026.08.18 22:16,2026.08.18 15:16,4357.02,4357.19,0.17,129
2026.08.18 22:17,2026.08.18 15:17,4356.73,4356.90,0.17,109
2026.08.18 22:18,2026.08.18 15:18,4355.84,4356.01,0.17,126
2026.08.18 22:19,2026.08.18 15:19,4354.42,4354.59,0.17,128
2026.08.18 22:20,2026.08.18 15:20,4353.79,4353.96,0.17,102
2026.08.18 22:21,2026.08.18 15:21,4354.94,4355.11,0.17,149
2026.08.18 22:22,2026.08.18 15:22,4355.27,4355.44,0.17,139
2026.08.18 22:23,2026.08.18 15:23,4353.25,4353.42,0.17,128
2026.08.18 22:24,2026.08.18 15:24,4352.96,4353.13,0.17,95
2026.08.18 22:25,2026.08.18 15:25,4354.04,4354.21,0.17,144
2026.08.18 22:26,2026.08.18 15:26,4354.13,4354.30,0.17,124
2026.08.18 22:27,2026.08.18 15:27,4354.60,4354.77,0.17,90
2026.08.18 22:28,2026.08.18 15:28,4355.15,4355.32,0.17,96
2026.08.18 22:29,2026.08.18 15:29,4354.19,4354.36,0.17,103
2026.08.18 22:30,2026.08.18 15:30,4355.07,4355.24,0.17,138
2026.08.18 22:31,2026.08.18 15:31,4355.71,4355.88,0.17,134
2026.08.18 22:32,2026.08.18 15:32,4356.15,4356.32,0.17,142
2026.08.18 22:33,2026.08.18 15:33,4354.98,4355.15,0.17,114
2026.08.18 22:34,2026.08.18 15:34,4354.42,4354.59,0.17,118
2026.08.18 22:35,2026.08.18 15:35,4354.53,4354.70,0.17,80
2026.08.18 22:36,2026.08.18 15:36,4353.85,4354.02,0.17,116
2026.08.18 22:37,2026.08.18 15:37,4354.43,4354.60,0.17,114
2026.08.18 22:38,2026.08.18 15:38,4355.15,4355.32,0.17,116
2026.08.18 22:39,2026.08.18 15:39,4355.62,4355.79,0.17,99
2026.08.18 22:40,2026.08.18 15:40,4356.61,4356.78,0.17,122
2026.08.18 22:41,2026.08.18 15:41,4357.35,4357.52,0.17,132
2026.08.18 22:42,2026.08.18 15:42,4357.38,4357.55,0.17,120
2026.08.18 22:43,2026.08.18 15:43,4353.40,4353.57,0.17,153
2026.08.18 22:44,2026.08.18 15:44,4349.57,4349.74,0.17,224
2026.08.18 22:45,2026.08.18 15:45,4352.90,4353.07,0.17,230
2026.08.18 22:46,2026.08.18 15:46,4351.30,4351.47,0.17,156
2026.08.18 22:47,2026.08.18 15:47,4348.12,4348.29,0.17,154
2026.08.18 22:48,2026.08.18 15:48,4346.12,4346.29,0.17,274
2026.08.18 22:49,2026.08.18 15:49,4344.26,4344.43,0.17,257
2026.08.18 22:50,2026.08.18 15:50,4345.17,4345.34,0.17,237
2026.08.18 22:51,2026.08.18 15:51,4342.86,4343.03,0.17,256
2026.08.18 22:52,2026.08.18 15:52,4344.60,4344.77,0.17,317
2026.08.18 22:53,2026.08.18 15:53,4343.05,4343.22,0.17,233
2026.08.18 22:54,2026.08.18 15:54,4344.55,4344.72,0.17,274
2026.08.18 22:55,2026.08.18 15:55,4344.33,4344.50,0.17,240
2026.08.18 22:56,2026.08.18 15:56,4342.50,4342.67,0.17,229
2026.08.18 22:57,2026.08.18 15:57,4340.61,4340.78,0.17,291
2026.08.18 22:58,2026.08.18 15:58,4345.65,4345.82,0.17,284
2026.08.18 22:59,2026.08.18 15:59,4345.52,4345.71,0.19,293
2026.08.18 23:00,2026.08.18 16:00,4343.66,4343.84,0.18,186
2026.08.18 23:01,2026.08.18 16:01,4344.80,4345.12,0.32,157
2026.08.18 23:02,2026.08.18 16:02,4345.36,4345.58,0.22,107
2026.08.18 23:03,2026.08.18 16:03,4343.75,4343.92,0.17,87
2026.08.18 23:04,2026.08.18 16:04,4344.23,4344.40,0.17,98
2026.08.18 23:05,2026.08.18 16:05,4343.75,4343.92,0.17,105
2026.08.18 23:06,2026.08.18 16:06,4344.04,4344.25,0.21,80
2026.08.18 23:07,2026.08.18 16:07,4342.78,4342.95,0.17,75
2026.08.18 23:08,2026.08.18 16:08,4342.95,4343.12,0.17,93
2026.08.18 23:09,2026.08.18 16:09,4343.35,4343.52,0.17,86
2026.08.18 23:10,2026.08.18 16:10,4342.21,4342.38,0.17,104
2026.08.18 23:11,2026.08.18 16:11,4342.21,4342.46,0.25,99
2026.08.18 23:12,2026.08.18 16:12,4342.97,4343.27,0.30,79
2026.08.18 23:13,2026.08.18 16:13,4341.12,4341.34,0.22,121
2026.08.18 23:14,2026.08.18 16:14,4341.67,4341.84,0.17,107
2026.08.18 23:15,2026.08.18 16:15,4341.25,4341.49,0.24,96
2026.08.18 23:16,2026.08.18 16:16,4341.53,4341.78,0.25,86
2026.08.18 23:17,2026.08.18 16:17,4341.71,4341.94,0.23,60
2026.08.18 23:18,2026.08.18 16:18,4341.92,4342.17,0.25,47
2026.08.18 23:19,2026.08.18 16:19,4340.96,4341.16,0.20,70
2026.08.18 23:20,2026.08.18 16:20,4337.51,4337.81,0.30,104
2026.08.18 23:21,2026.08.18 16:21,4335.95,4336.19,0.24,206
2026.08.18 23:22,2026.08.18 16:22,4338.18,4338.42,0.24,102
2026.08.18 23:23,2026.08.18 16:23,4338.69,4338.86,0.17,77
2026.08.18 23:24,2026.08.18 16:24,4337.82,4338.07,0.25,71
2026.08.18 23:25,2026.08.18 16:25,4337.89,4338.06,0.17,63
2026.08.18 23:26,2026.08.18 16:26,4336.73,4336.90,0.17,78
2026.08.18 23:27,2026.08.18 16:27,4337.34,4337.51,0.17,62
2026.08.18 23:28,2026.08.18 16:28,4338.04,4338.21,0.17,67
2026.08.18 23:29,2026.08.18 16:29,4337.04,4337.34,0.30,83
2026.08.18 23:30,2026.08.18 16:30,4336.67,4336.84,0.17,108
2026.08.18 23:31,2026.08.18 16:31,4337.03,4337.20,0.17,71
2026.08.18 23:32,2026.08.18 16:32,4339.08,4339.25,0.17,87
2026.08.18 23:33,2026.08.18 16:33,4339.04,4339.21,0.17,81
2026.08.18 23:34,2026.08.18 16:34,4339.27,4339.44,0.17,66
2026.08.18 23:35,2026.08.18 16:35,4338.82,4338.99,0.17,44
2026.08.18 23:36,2026.08.18 16:36,4338.21,4338.38,0.17,54
2026.08.18 23:37,2026.08.18 16:37,4337.48,4337.65,0.17,54
2026.08.18 23:38,2026.08.18 16:38,4338.36,4338.53,0.17,92
2026.08.18 23:39,2026.08.18 16:39,4337.56,4337.73,0.17,46
2026.08.18 23:40,2026.08.18 16:40,4338.10,4338.27,0.17,72
2026.08.18 23:41,2026.08.18 16:41,4336.72,4336.89,0.17,71
2026.08.18 23:42,2026.08.18 16:42,4333.59,4333.76,0.17,87
2026.08.18 23:43,2026.08.18 16:43,4332.41,4332.58,0.17,80
2026.08.18 23:44,2026.08.18 16:44,4332.56,4332.73,0.17,130
2026.08.18 23:45,2026.08.18 16:45,4332.20,4332.37,0.17,134
2026.08.18 23:46,2026.08.18 16:46,4331.46,4331.63,0.17,154
2026.08.18 23:47,2026.08.18 16:47,4330.44,4330.71,0.27,153
2026.08.18 23:48,2026.08.18 16:48,4331.87,4332.04,0.17,135
2026.08.18 23:49,2026.08.18 16:49,4331.64,4331.85,0.21,97
2026.08.18 23:50,2026.08.18 16:50,4330.46,4330.73,0.27,91
2026.08.18 23:51,2026.08.18 16:51,4331.02,4331.19,0.17,122
2026.08.18 23:52,2026.08.18 16:52,4332.99,4333.16,0.17,75
2026.08.18 23:53,2026.08.18 16:53,4333.28,4333.45,0.17,106
2026.08.18 23:54,2026.08.18 16:54,4340.97,4341.14,0.17,108
2026.08.19 01:05,2026.08.18 18:05,4341.69,4342.18,0.49,100
2026.08.19 01:06,2026.08.18 18:06,4341.50,4342.38,0.88,122
2026.08.19 01:07,2026.08.18 18:07,4341.54,4342.11,0.57,67
2026.08.19 01:08,2026.08.18 18:08,4341.49,4342.79,1.30,60
2026.08.19 01:09,2026.08.18 18:09,4341.53,4342.66,1.13,25
2026.08.19 01:10,2026.08.18 18:10,4341.76,4342.75,0.99,66
2026.08.19 01:11,2026.08.18 18:11,4341.66,4342.93,1.27,63
2026.08.19 01:12,2026.08.18 18:12,4341.75,4342.99,1.24,53
2026.08.19 01:13,2026.08.18 18:13,4341.57,4342.79,1.22,36
2026.08.19 01:14,2026.08.18 18:14,4340.49,4342.21,1.72,71
2026.08.19 01:15,2026.08.18 18:15,4340.43,4341.05,0.62,87
2026.08.19 01:16,2026.08.18 18:16,4339.44,4340.60,1.16,62
2026.08.19 01:17,2026.08.18 18:17,4339.35,4339.94,0.59,79
2026.08.19 01:18,2026.08.18 18:18,4340.01,4340.59,0.58,97
2026.08.19 01:19,2026.08.18 18:19,4339.23,4339.40,0.17,99
2026.08.19 01:20,2026.08.18 18:20,4338.19,4338.95,0.76,150
2026.08.19 01:21,2026.08.18 18:21,4334.21,4334.59,0.38,141
2026.08.19 01:22,2026.08.18 18:22,4334.38,4335.17,0.79,101
2026.08.19 01:23,2026.08.18 18:23,4334.46,4335.49,1.03,76
2026.08.19 01:24,2026.08.18 18:24,4334.75,4335.61,0.86,124
2026.08.19 01:25,2026.08.18 18:25,4337.54,4337.75,0.21,88
2026.08.19 01:26,2026.08.18 18:26,4334.44,4334.79,0.35,127
2026.08.19 01:27,2026.08.18 18:27,4336.13,4336.39,0.26,103
2026.08.19 01:28,2026.08.18 18:28,4335.08,4335.66,0.58,93
2026.08.19 01:29,2026.08.18 18:29,4335.19,4335.96,0.77,67
2026.08.19 01:30,2026.08.18 18:30,4335.06,4335.59,0.53,99
2026.08.19 01:31,2026.08.18 18:31,4335.38,4335.85,0.47,57
2026.08.19 01:32,2026.08.18 18:32,4335.32,4335.83,0.51,56
2026.08.19 01:33,2026.08.18 18:33,4335.24,4335.76,0.52,61
2026.08.19 01:34,2026.08.18 18:34,4335.61,4336.09,0.48,73
2026.08.19 01:35,2026.08.18 18:35,4335.87,4336.24,0.37,98
2026.08.19 01:36,2026.08.18 18:36,4334.10,4334.65,0.55,55
2026.08.19 01:37,2026.08.18 18:37,4334.28,4334.54,0.26,84
2026.08.19 01:38,2026.08.18 18:38,4334.46,4334.63,0.17,68
2026.08.19 01:39,2026.08.18 18:39,4333.87,4334.20,0.33,88
2026.08.19 01:40,2026.08.18 18:40,4333.52,4334.00,0.48,120
2026.08.19 01:41,2026.08.18 18:41,4333.69,4333.96,0.27,80
2026.08.19 01:42,2026.08.18 18:42,4333.84,4334.25,0.41,87
2026.08.19 01:43,2026.08.18 18:43,4333.45,4333.71,0.26,62
2026.08.19 01:44,2026.08.18 18:44,4333.45,4333.68,0.23,55
2026.08.19 01:45,2026.08.18 18:45,4333.20,4333.51,0.31,50
2026.08.19 01:46,2026.08.18 18:46,4334.67,4334.88,0.21,76
2026.08.19 01:47,2026.08.18 18:47,4333.87,4334.05,0.18,74
2026.08.19 01:48,2026.08.18 18:48,4333.95,4334.16,0.21,21
2026.08.19 01:49,2026.08.18 18:49,4334.50,4334.70,0.20,37
2026.08.19 01:50,2026.08.18 18:50,4334.34,4334.54,0.20,40
2026.08.19 01:51,2026.08.18 18:51,4334.12,4334.40,0.28,64
2026.08.19 01:52,2026.08.18 18:52,4334.39,4334.58,0.19,64
2026.08.19 01:53,2026.08.18 18:53,4335.43,4335.65,0.22,90
2026.08.19 01:54,2026.08.18 18:54,4334.86,4335.07,0.21,74
2026.08.19 01:55,2026.08.18 18:55,4334.67,4334.89,0.22,40
2026.08.19 01:56,2026.08.18 18:56,4334.20,4334.43,0.23,23
2026.08.19 01:57,2026.08.18 18:57,4333.23,4333.40,0.17,69
2026.08.19 01:58,2026.08.18 18:58,4333.27,4333.44,0.17,84
2026.08.19 01:59,2026.08.18 18:59,4333.09,4333.26,0.17,66
2026.08.19 02:00,2026.08.18 19:00,4334.30,4334.53,0.23,98
2026.08.19 02:01,2026.08.18 19:01,4335.39,4335.85,0.46,92
2026.08.19 02:02,2026.08.18 19:02,4335.84,4336.06,0.22,85
2026.08.19 02:03,2026.08.18 19:03,4335.98,4336.17,0.19,81
2026.08.19 02:04,2026.08.18 19:04,4335.93,4336.10,0.17,70
2026.08.19 02:05,2026.08.18 19:05,4337.25,4337.49,0.24,100
2026.08.19 02:06,2026.08.18 19:06,4338.03,4338.25,0.22,113
2026.08.19 02:07,2026.08.18 19:07,4336.24,4336.41,0.17,90
2026.08.19 02:08,2026.08.18 19:08,4334.73,4334.95,0.22,87
2026.08.19 02:09,2026.08.18 19:09,4334.90,4335.07,0.17,77
2026.08.19 02:10,2026.08.18 19:10,4334.11,4334.28,0.17,104
2026.08.19 02:11,2026.08.18 19:11,4333.52,4333.74,0.22,102
2026.08.19 02:12,2026.08.18 19:12,4333.91,4334.08,0.17,99
2026.08.19 02:13,2026.08.18 19:13,4333.21,4333.38,0.17,92
2026.08.19 02:14,2026.08.18 19:14,4333.64,4333.83,0.19,85
2026.08.19 02:15,2026.08.18 19:15,4332.72,4332.93,0.21,80
2026.08.19 02:16,2026.08.18 19:16,4334.01,4334.27,0.26,84
2026.08.19 02:17,2026.08.18 19:17,4333.48,4333.66,0.18,83
2026.08.19 02:18,2026.08.18 19:18,4333.72,4333.89,0.17,67
2026.08.19 02:19,2026.08.18 19:19,4333.11,4333.28,0.17,87
2026.08.19 02:20,2026.08.18 19:20,4333.55,4333.74,0.19,59
2026.08.19 02:21,2026.08.18 19:21,4336.70,4337.00,0.30,65
2026.08.19 02:22,2026.08.18 19:22,4333.20,4333.41,0.21,134
2026.08.19 02:23,2026.08.18 19:23,4333.88,4334.06,0.18,118
2026.08.19 02:24,2026.08.18 19:24,4333.15,4333.32,0.17,123
2026.08.19 02:25,2026.08.18 19:25,4332.19,4332.36,0.17,128
2026.08.19 02:26,2026.08.18 19:26,4332.46,4332.63,0.17,85
2026.08.19 02:27,2026.08.18 19:27,4331.30,4331.47,0.17,109
2026.08.19 02:28,2026.08.18 19:28,4330.40,4330.57,0.17,137
2026.08.19 02:29,2026.08.18 19:29,4330.21,4330.42,0.21,155
2026.08.19 02:30,2026.08.18 19:30,4330.54,4330.71,0.17,148
2026.08.19 02:31,2026.08.18 19:31,4331.78,4331.95,0.17,125
2026.08.19 02:32,2026.08.18 19:32,4329.19,4329.37,0.18,134
2026.08.19 02:33,2026.08.18 19:33,4329.25,4329.44,0.19,176
2026.08.19 02:34,2026.08.18 19:34,4330.13,4330.30,0.17,126
2026.08.19 02:35,2026.08.18 19:35,4330.13,4330.30,0.17,121
2026.08.19 02:36,2026.08.18 19:36,4330.23,4330.44,0.21,102
2026.08.19 02:37,2026.08.18 19:37,4329.84,4330.03,0.19,86
2026.08.19 02:38,2026.08.18 19:38,4327.52,4327.75,0.23,74
2026.08.19 02:39,2026.08.18 19:39,4329.03,4329.30,0.27,115
2026.08.19 02:40,2026.08.18 19:40,4329.00,4329.20,0.20,84
2026.08.19 02:41,2026.08.18 19:41,4328.48,4328.73,0.25,88
2026.08.19 02:42,2026.08.18 19:42,4328.66,4328.83,0.17,173
2026.08.19 02:43,2026.08.18 19:43,4329.16,4329.33,0.17,179
2026.08.19 02:44,2026.08.18 19:44,4330.05,4330.22,0.17,234
2026.08.19 02:45,2026.08.18 19:45,4331.89,4332.06,0.17,274
2026.08.19 02:46,2026.08.18 19:46,4330.01,4330.18,0.17,249
2026.08.19 02:47,2026.08.18 19:47,4330.52,4330.70,0.18,138
2026.08.19 02:48,2026.08.18 19:48,4330.97,4331.14,0.17,102
2026.08.19 02:49,2026.08.18 19:49,4331.05,4331.32,0.27,143
2026.08.19 02:50,2026.08.18 19:50,4330.23,4330.53,0.30,58
2026.08.19 02:51,2026.08.18 19:51,4331.10,4331.27,0.17,63
2026.08.19 02:52,2026.08.18 19:52,4333.63,4333.80,0.17,105
2026.08.19 02:53,2026.08.18 19:53,4333.77,4333.94,0.17,130
2026.08.19 02:54,2026.08.18 19:54,4333.75,4333.93,0.18,218
2026.08.19 02:55,2026.08.18 19:55,4331.70,4331.95,0.25,185
2026.08.19 02:56,2026.08.18 19:56,4332.36,4332.53,0.17,196
2026.08.19 02:57,2026.08.18 19:57,4332.43,4332.60,0.17,102
2026.08.19 02:58,2026.08.18 19:58,4332.91,4333.08,0.17,153
2026.08.19 02:59,2026.08.18 19:59,4332.32,4332.51,0.19,152
2026.08.19 03:00,2026.08.18 20:00,4335.23,4335.40,0.17,254
2026.08.19 03:01,2026.08.18 20:01,4338.93,4339.16,0.23,246
2026.08.19 03:02,2026.08.18 20:02,4337.79,4337.96,0.17,278
2026.08.19 03:03,2026.08.18 20:03,4338.02,4338.19,0.17,261
2026.08.19 03:04,2026.08.18 20:04,4336.30,4336.49,0.19,221
2026.08.19 03:05,2026.08.18 20:05,4338.05,4338.27,0.22,208
2026.08.19 03:06,2026.08.18 20:06,4339.79,4339.96,0.17,241
2026.08.19 03:07,2026.08.18 20:07,4339.10,4339.34,0.24,256
2026.08.19 03:08,2026.08.18 20:08,4339.63,4339.92,0.29,224
2026.08.19 03:09,2026.08.18 20:09,4339.76,4339.95,0.19,189
2026.08.19 03:10,2026.08.18 20:10,4338.58,4338.85,0.27,196
2026.08.19 03:11,2026.08.18 20:11,4340.35,4340.52,0.17,232
2026.08.19 03:12,2026.08.18 20:12,4342.21,4342.53,0.32,152
2026.08.19 03:13,2026.08.18 20:13,4344.03,4344.20,0.17,213
2026.08.19 03:14,2026.08.18 20:14,4343.35,4343.66,0.31,233
2026.08.19 03:15,2026.08.18 20:15,4343.21,4343.43,0.22,262
2026.08.19 03:16,2026.08.18 20:16,4345.10,4345.30,0.20,221
2026.08.19 03:17,2026.08.18 20:17,4345.70,4345.99,0.29,224
2026.08.19 03:18,2026.08.18 20:18,4345.71,4345.88,0.17,178
2026.08.19 03:19,2026.08.18 20:19,4342.45,4342.72,0.27,198
2026.08.19 03:20,2026.08.18 20:20,4343.22,4343.52,0.30,175
2026.08.19 03:21,2026.08.18 20:21,4342.82,4343.09,0.27,184
2026.08.19 03:22,2026.08.18 20:22,4344.85,4345.11,0.26,220
2026.08.19 03:23,2026.08.18 20:23,4343.84,4344.16,0.32,208
2026.08.19 03:24,2026.08.18 20:24,4342.64,4342.92,0.28,250
2026.08.19 03:25,2026.08.18 20:25,4341.82,4342.08,0.26,232
2026.08.19 03:26,2026.08.18 20:26,4342.41,4342.74,0.33,222
2026.08.19 03:27,2026.08.18 20:27,4341.16,4341.42,0.26,257
2026.08.19 03:28,2026.08.18 20:28,4341.67,4341.84,0.17,188
2026.08.19 03:29,2026.08.18 20:29,4343.07,4343.33,0.26,168
2026.08.19 03:30,2026.08.18 20:30,4344.43,4344.81,0.38,183
2026.08.19 03:31,2026.08.18 20:31,4345.23,4345.51,0.28,198
2026.08.19 03:32,2026.08.18 20:32,4342.30,4342.51,0.21,160
2026.08.19 03:33,2026.08.18 20:33,4340.39,4340.62,0.23,237
2026.08.19 03:34,2026.08.18 20:34,4342.15,4342.35,0.20,211
2026.08.19 03:35,2026.08.18 20:35,4342.30,4342.51,0.21,180
2026.08.19 03:36,2026.08.18 20:36,4342.31,4342.49,0.18,209
2026.08.19 03:37,2026.08.18 20:37,4344.21,4344.40,0.19,194
2026.08.19 03:38,2026.08.18 20:38,4345.00,4345.22,0.22,222
2026.08.19 03:39,2026.08.18 20:39,4344.40,4344.57,0.17,139
2026.08.19 03:40,2026.08.18 20:40,4346.10,4346.37,0.27,153
2026.08.19 03:41,2026.08.18 20:41,4346.47,4346.65,0.18,157
2026.08.19 03:42,2026.08.18 20:42,4345.71,4345.91,0.20,175
2026.08.19 03:43,2026.08.18 20:43,4344.41,4344.62,0.21,187
2026.08.19 03:44,2026.08.18 20:44,4343.52,4343.81,0.29,203
2026.08.19 03:45,2026.08.18 20:45,4343.70,4343.90,0.20,158
2026.08.19 03:46,2026.08.18 20:46,4343.49,4343.66,0.17,203
2026.08.19 03:47,2026.08.18 20:47,4342.85,4343.03,0.18,190
2026.08.19 03:48,2026.08.18 20:48,4343.15,4343.34,0.19,177
2026.08.19 03:49,2026.08.18 20:49,4343.01,4343.18,0.17,151
2026.08.19 03:50,2026.08.18 20:50,4342.91,4343.08,0.17,219
2026.08.19 03:51,2026.08.18 20:51,4343.03,4343.29,0.26,275
2026.08.19 03:52,2026.08.18 20:52,4344.22,4344.39,0.17,236
2026.08.19 03:53,2026.08.18 20:53,4343.98,4344.15,0.17,253
2026.08.19 03:54,2026.08.18 20:54,4341.97,4342.22,0.25,257
2026.08.19 03:55,2026.08.18 20:55,4340.29,4340.59,0.30,248
2026.08.19 03:56,2026.08.18 20:56,4337.86,4338.09,0.23,229
2026.08.19 03:57,2026.08.18 20:57,4338.26,4338.44,0.18,207
2026.08.19 03:58,2026.08.18 20:58,4339.08,4339.58,0.50,238
2026.08.19 03:59,2026.08.18 20:59,4338.34,4338.71,0.37,268
2026.08.19 04:00,2026.08.18 21:00,4331.66,4332.08,0.42,427
2026.08.19 04:01,2026.08.18 21:01,4328.92,4329.39,0.47,383
2026.08.19 04:02,2026.08.18 21:02,4328.94,4329.28,0.34,410
2026.08.19 04:03,2026.08.18 21:03,4329.62,4329.98,0.36,351
2026.08.19 04:04,2026.08.18 21:04,4333.58,4333.90,0.32,314
2026.08.19 04:05,2026.08.18 21:05,4337.34,4337.58,0.24,362
2026.08.19 04:06,2026.08.18 21:06,4338.75,4339.05,0.30,312
2026.08.19 04:07,2026.08.18 21:07,4337.29,4337.59,0.30,272
2026.08.19 04:08,2026.08.18 21:08,4341.73,4342.12,0.39,295
2026.08.19 04:09,2026.08.18 21:09,4339.61,4339.93,0.32,240
2026.08.19 04:10,2026.08.18 21:10,4338.88,4339.05,0.17,242
2026.08.19 04:11,2026.08.18 21:11,4338.84,4339.16,0.32,225
2026.08.19 04:12,2026.08.18 21:12,4341.34,4341.55,0.21,242
2026.08.19 04:13,2026.08.18 21:13,4342.51,4342.76,0.25,209
2026.08.19 04:14,2026.08.18 21:14,4344.97,4345.27,0.30,190
2026.08.19 04:15,2026.08.18 21:15,4342.72,4343.02,0.30,276
2026.08.19 04:16,2026.08.18 21:16,4339.38,4339.55,0.17,291
2026.08.19 04:17,2026.08.18 21:17,4339.84,4340.04,0.20,315
2026.08.19 04:18,2026.08.18 21:18,4337.91,4338.27,0.36,375
2026.08.19 04:19,2026.08.18 21:19,4338.85,4339.05,0.20,347
2026.08.19 04:20,2026.08.18 21:20,4338.03,4338.40,0.37,341
2026.08.19 04:21,2026.08.18 21:21,4333.13,4333.44,0.31,359
2026.08.19 04:22,2026.08.18 21:22,4336.72,4336.89,0.17,243
2026.08.19 04:23,2026.08.18 21:23,4337.19,4337.36,0.17,215
2026.08.19 04:24,2026.08.18 21:24,4337.08,4337.25,0.17,226
2026.08.19 04:25,2026.08.18 21:25,4337.65,4337.82,0.17,192
2026.08.19 04:26,2026.08.18 21:26,4337.60,4337.79,0.19,200
2026.08.19 04:27,2026.08.18 21:27,4339.14,4339.31,0.17,208
2026.08.19 04:28,2026.08.18 21:28,4340.94,4341.11,0.17,221
2026.08.19 04:29,2026.08.18 21:29,4343.39,4343.56,0.17,189
2026.08.19 04:30,2026.08.18 21:30,4345.50,4345.67,0.17,228
2026.08.19 04:31,2026.08.18 21:31,4346.03,4346.20,0.17,255
2026.08.19 04:32,2026.08.18 21:32,4345.01,4345.18,0.17,225
2026.08.19 04:33,2026.08.18 21:33,4349.79,4349.96,0.17,225
2026.08.19 04:34,2026.08.18 21:34,4350.82,4350.99,0.17,237
2026.08.19 04:35,2026.08.18 21:35,4351.30,4351.47,0.17,235
2026.08.19 04:36,2026.08.18 21:36,4352.25,4352.42,0.17,213
2026.08.19 04:37,2026.08.18 21:37,4353.72,4353.89,0.17,203
2026.08.19 04:38,2026.08.18 21:38,4355.01,4355.18,0.17,236
2026.08.19 04:39,2026.08.18 21:39,4356.05,4356.22,0.17,232
2026.08.19 04:40,2026.08.18 21:40,4356.29,4356.46,0.17,183
2026.08.19 04:41,2026.08.18 21:41,4356.12,4356.29,0.17,199
2026.08.19 04:42,2026.08.18 21:42,4355.16,4355.33,0.17,216
2026.08.19 04:43,2026.08.18 21:43,4354.97,4355.14,0.17,234
2026.08.19 04:44,2026.08.18 21:44,4355.11,4355.28,0.17,172
2026.08.19 04:45,2026.08.18 21:45,4354.75,4354.92,0.17,233
2026.08.19 04:46,2026.08.18 21:46,4354.06,4354.23,0.17,211
2026.08.19 04:47,2026.08.18 21:47,4352.54,4352.71,0.17,216
2026.08.19 04:48,2026.08.18 21:48,4352.08,4352.25,0.17,203
2026.08.19 04:49,2026.08.18 21:49,4351.82,4351.99,0.17,182
2026.08.19 04:50,2026.08.18 21:50,4353.37,4353.54,0.17,214
2026.08.19 04:51,2026.08.18 21:51,4353.22,4353.39,0.17,170
2026.08.19 04:52,2026.08.18 21:52,4353.07,4353.24,0.17,168
2026.08.19 04:53,2026.08.18 21:53,4354.57,4354.74,0.17,150
2026.08.19 04:54,2026.08.18 21:54,4353.15,4353.32,0.17,208
2026.08.19 04:55,2026.08.18 21:55,4354.87,4355.04,0.17,202
2026.08.19 04:56,2026.08.18 21:56,4354.69,4354.87,0.18,191
2026.08.19 04:57,2026.08.18 21:57,4353.75,4353.92,0.17,173
2026.08.19 04:58,2026.08.18 21:58,4354.99,4355.16,0.17,181
2026.08.19 04:59,2026.08.18 21:59,4356.19,4356.36,0.17,197
2026.08.19 05:00,2026.08.18 22:00,4356.90,4357.07,0.17,214
2026.08.19 05:01,2026.08.18 22:01,4355.51,4355.68,0.17,169
2026.08.19 05:02,2026.08.18 22:02,4351.75,4351.92,0.17,169
2026.08.19 05:03,2026.08.18 22:03,4353.69,4353.86,0.17,183
2026.08.19 05:04,2026.08.18 22:04,4353.64,4353.81,0.17,127
2026.08.19 05:05,2026.08.18 22:05,4355.65,4355.82,0.17,177
2026.08.19 05:06,2026.08.18 22:06,4353.60,4353.77,0.17,217
2026.08.19 05:07,2026.08.18 22:07,4354.48,4354.65,0.17,169
2026.08.19 05:08,2026.08.18 22:08,4354.57,4354.74,0.17,139
2026.08.19 05:09,2026.08.18 22:09,4355.91,4356.08,0.17,165
2026.08.19 05:10,2026.08.18 22:10,4354.96,4355.13,0.17,128
2026.08.19 05:11,2026.08.18 22:11,4354.87,4355.04,0.17,217
2026.08.19 05:12,2026.08.18 22:12,4354.27,4354.44,0.17,186
2026.08.19 05:13,2026.08.18 22:13,4352.99,4353.16,0.17,151
2026.08.19 05:14,2026.08.18 22:14,4353.75,4353.92,0.17,190
2026.08.19 05:15,2026.08.18 22:15,4358.76,4358.93,0.17,211
2026.08.19 05:16,2026.08.18 22:16,4357.34,4357.51,0.17,327
2026.08.19 05:17,2026.08.18 22:17,4356.32,4356.53,0.21,251
2026.08.19 05:18,2026.08.18 22:18,4358.92,4359.09,0.17,228
2026.08.19 05:19,2026.08.18 22:19,4358.99,4359.16,0.17,156
2026.08.19 05:20,2026.08.18 22:20,4360.16,4360.33,0.17,178
2026.08.19 05:21,2026.08.18 22:21,4361.14,4361.31,0.17,152
2026.08.19 05:22,2026.08.18 22:22,4361.28,4361.45,0.17,158
2026.08.19 05:23,2026.08.18 22:23,4360.98,4361.15,0.17,143
2026.08.19 05:24,2026.08.18 22:24,4360.51,4360.68,0.17,161
2026.08.19 05:25,2026.08.18 22:25,4360.91,4361.08,0.17,137
2026.08.19 05:26,2026.08.18 22:26,4359.98,4360.15,0.17,170
2026.08.19 05:27,2026.08.18 22:27,4360.46,4360.63,0.17,160
2026.08.19 05:28,2026.08.18 22:28,4360.42,4360.59,0.17,169
2026.08.19 05:29,2026.08.18 22:29,4358.68,4358.85,0.17,168
2026.08.19 05:30,2026.08.18 22:30,4357.22,4357.39,0.17,272
2026.08.19 05:31,2026.08.18 22:31,4357.53,4357.70,0.17,199
2026.08.19 05:32,2026.08.18 22:32,4357.01,4357.18,0.17,243
2026.08.19 05:33,2026.08.18 22:33,4356.53,4356.70,0.17,225
2026.08.19 05:34,2026.08.18 22:34,4356.98,4357.15,0.17,188
2026.08.19 05:35,2026.08.18 22:35,4357.60,4357.77,0.17,201
2026.08.19 05:36,2026.08.18 22:36,4357.81,4357.98,0.17,215
2026.08.19 05:37,2026.08.18 22:37,4355.18,4355.35,0.17,228
2026.08.19 05:38,2026.08.18 22:38,4356.26,4356.43,0.17,226
2026.08.19 05:39,2026.08.18 22:39,4355.07,4355.24,0.17,196
2026.08.19 05:40,2026.08.18 22:40,4356.51,4356.68,0.17,146
2026.08.19 05:41,2026.08.18 22:41,4357.53,4357.70,0.17,173
2026.08.19 05:42,2026.08.18 22:42,4357.78,4357.95,0.17,152
2026.08.19 05:43,2026.08.18 22:43,4356.22,4356.39,0.17,142
2026.08.19 05:44,2026.08.18 22:44,4355.79,4355.96,0.17,205
2026.08.19 05:45,2026.08.18 22:45,4356.68,4356.85,0.17,202
2026.08.19 05:46,2026.08.18 22:46,4356.26,4356.43,0.17,201
2026.08.19 05:47,2026.08.18 22:47,4355.26,4355.43,0.17,196
2026.08.19 05:48,2026.08.18 22:48,4355.65,4355.82,0.17,159
2026.08.19 05:49,2026.08.18 22:49,4356.01,4356.18,0.17,135
2026.08.19 05:50,2026.08.18 22:50,4356.19,4356.36,0.17,206
2026.08.19 05:51,2026.08.18 22:51,4354.39,4354.56,0.17,175
2026.08.19 05:52,2026.08.18 22:52,4354.55,4354.72,0.17,188
2026.08.19 05:53,2026.08.18 22:53,4353.89,4354.06,0.17,195
2026.08.19 05:54,2026.08.18 22:54,4353.46,4353.63,0.17,160
2026.08.19 05:55,2026.08.18 22:55,4353.85,4354.02,0.17,228
2026.08.19 05:56,2026.08.18 22:56,4353.45,4353.62,0.17,217
2026.08.19 05:57,2026.08.18 22:57,4354.37,4354.54,0.17,210
2026.08.19 05:58,2026.08.18 22:58,4354.34,4354.51,0.17,143
2026.08.19 05:59,2026.08.18 22:59,4354.70,4354.87,0.17,141
2026.08.19 06:00,2026.08.18 23:00,4355.06,4355.23,0.17,212
2026.08.19 06:01,2026.08.18 23:01,4352.78,4352.95,0.17,192
2026.08.19 06:02,2026.08.18 23:02,4354.72,4354.89,0.17,190
2026.08.19 06:03,2026.08.18 23:03,4355.35,4355.52,0.17,149
2026.08.19 06:04,2026.08.18 23:04,4355.03,4355.20,0.17,167
2026.08.19 06:05,2026.08.18 23:05,4352.88,4353.05,0.17,174
2026.08.19 06:06,2026.08.18 23:06,4352.61,4352.78,0.17,186
2026.08.19 06:07,2026.08.18 23:07,4352.34,4352.51,0.17,153
2026.08.19 06:08,2026.08.18 23:08,4352.74,4352.91,0.17,151
2026.08.19 06:09,2026.08.18 23:09,4354.09,4354.26,0.17,186
2026.08.19 06:10,2026.08.18 23:10,4354.04,4354.21,0.17,151
2026.08.19 06:11,2026.08.18 23:11,4354.45,4354.62,0.17,178
2026.08.19 06:12,2026.08.18 23:12,4354.48,4354.65,0.17,175
2026.08.19 06:13,2026.08.18 23:13,4353.96,4354.13,0.17,158
2026.08.19 06:14,2026.08.18 23:14,4354.81,4354.98,0.17,150
2026.08.19 06:15,2026.08.18 23:15,4355.77,4355.94,0.17,157
2026.08.19 06:16,2026.08.18 23:16,4353.54,4353.71,0.17,157
2026.08.19 06:17,2026.08.18 23:17,4352.34,4352.51,0.17,224
2026.08.19 06:18,2026.08.18 23:18,4352.61,4352.78,0.17,170
2026.08.19 06:19,2026.08.18 23:19,4351.99,4352.16,0.17,166
2026.08.19 06:20,2026.08.18 23:20,4353.03,4353.20,0.17,145
2026.08.19 06:21,2026.08.18 23:21,4353.49,4353.66,0.17,170
2026.08.19 06:22,2026.08.18 23:22,4354.01,4354.18,0.17,128
2026.08.19 06:23,2026.08.18 23:23,4354.30,4354.47,0.17,124
2026.08.19 06:24,2026.08.18 23:24,4356.93,4357.10,0.17,128
2026.08.19 06:25,2026.08.18 23:25,4356.21,4356.38,0.17,177
2026.08.19 06:26,2026.08.18 23:26,4356.78,4356.95,0.17,112
2026.08.19 06:27,2026.08.18 23:27,4357.66,4357.83,0.17,114
2026.08.19 06:28,2026.08.18 23:28,4357.35,4357.52,0.17,123
2026.08.19 06:29,2026.08.18 23:29,4357.98,4358.15,0.17,117
2026.08.19 06:30,2026.08.18 23:30,4357.63,4357.80,0.17,160
2026.08.19 06:31,2026.08.18 23:31,4356.65,4356.82,0.17,134
2026.08.19 06:32,2026.08.18 23:32,4356.98,4357.15,0.17,97
2026.08.19 06:33,2026.08.18 23:33,4356.15,4356.32,0.17,78
2026.08.19 06:34,2026.08.18 23:34,4357.05,4357.22,0.17,87
2026.08.19 06:35,2026.08.18 23:35,4357.86,4358.03,0.17,83
2026.08.19 06:36,2026.08.18 23:36,4357.61,4357.78,0.17,69
2026.08.19 06:37,2026.08.18 23:37,4358.31,4358.48,0.17,85
2026.08.19 06:38,2026.08.18 23:38,4359.30,4359.47,0.17,108
2026.08.19 06:39,2026.08.18 23:39,4357.51,4357.68,0.17,116
2026.08.19 06:40,2026.08.18 23:40,4357.60,4357.77,0.17,97
2026.08.19 06:41,2026.08.18 23:41,4357.43,4357.60,0.17,99
2026.08.19 06:42,2026.08.18 23:42,4357.11,4357.28,0.17,77
2026.08.19 06:43,2026.08.18 23:43,4357.95,4358.12,0.17,82
2026.08.19 06:44,2026.08.18 23:44,4358.80,4358.97,0.17,77
2026.08.19 06:45,2026.08.18 23:45,4357.61,4357.78,0.17,123
2026.08.19 06:46,2026.08.18 23:46,4357.79,4357.96,0.17,80
2026.08.19 06:47,2026.08.18 23:47,4357.67,4357.84,0.17,65
2026.08.19 06:48,2026.08.18 23:48,4356.42,4356.59,0.17,63
2026.08.19 06:49,2026.08.18 23:49,4358.30,4358.47,0.17,82
2026.08.19 06:50,2026.08.18 23:50,4358.03,4358.20,0.17,82
2026.08.19 06:51,2026.08.18 23:51,4357.26,4357.43,0.17,75
2026.08.19 06:52,2026.08.18 23:52,4357.81,4357.98,0.17,67
2026.08.19 06:53,2026.08.18 23:53,4356.55,4356.72,0.17,70
2026.08.19 06:54,2026.08.18 23:54,4355.72,4355.89,0.17,78
2026.08.19 06:55,2026.08.18 23:55,4356.21,4356.38,0.17,98
2026.08.19 06:56,2026.08.18 23:56,4355.79,4355.96,0.17,71
2026.08.19 06:57,2026.08.18 23:57,4355.57,4355.74,0.17,65
2026.08.19 06:58,2026.08.18 23:58,4355.14,4355.31,0.17,54
2026.08.19 06:59,2026.08.18 23:59,4355.72,4355.89,0.17,73
2026.08.19 07:00,2026.08.19 00:00,4355.14,4355.31,0.17,88
2026.08.19 07:01,2026.08.19 00:01,4355.68,4355.85,0.17,78
2026.08.19 07:02,2026.08.19 00:02,4355.35,4355.52,0.17,54
2026.08.19 07:03,2026.08.19 00:03,4354.08,4354.25,0.17,81
2026.08.19 07:04,2026.08.19 00:04,4353.73,4353.90,0.17,113
2026.08.19 07:05,2026.08.19 00:05,4354.68,4354.85,0.17,101
2026.08.19 07:06,2026.08.19 00:06,4353.86,4354.03,0.17,61
2026.08.19 07:07,2026.08.19 00:07,4354.16,4354.33,0.17,48
2026.08.19 07:08,2026.08.19 00:08,4354.00,4354.17,0.17,53
2026.08.19 07:09,2026.08.19 00:09,4354.27,4354.44,0.17,59
2026.08.19 07:10,2026.08.19 00:10,4354.60,4354.77,0.17,95
2026.08.19 07:11,2026.08.19 00:11,4353.72,4353.89,0.17,93
2026.08.19 07:12,2026.08.19 00:12,4354.08,4354.25,0.17,78
2026.08.19 07:13,2026.08.19 00:13,4354.29,4354.46,0.17,75
2026.08.19 07:14,2026.08.19 00:14,4353.74,4353.91,0.17,80
2026.08.19 07:15,2026.08.19 00:15,4352.76,4352.93,0.17,130
2026.08.19 07:16,2026.08.19 00:16,4351.81,4351.98,0.17,89
2026.08.19 07:17,2026.08.19 00:17,4350.73,4350.90,0.17,143
2026.08.19 07:18,2026.08.19 00:18,4352.66,4352.83,0.17,114
2026.08.19 07:19,2026.08.19 00:19,4351.53,4351.70,0.17,80
2026.08.19 07:20,2026.08.19 00:20,4351.00,4351.17,0.17,109
2026.08.19 07:21,2026.08.19 00:21,4351.57,4351.74,0.17,122
2026.08.19 07:22,2026.08.19 00:22,4352.32,4352.49,0.17,124
2026.08.19 07:23,2026.08.19 00:23,4352.47,4352.64,0.17,101
2026.08.19 07:24,2026.08.19 00:24,4350.89,4351.06,0.17,120
2026.08.19 07:25,2026.08.19 00:25,4350.73,4350.90,0.17,120
2026.08.19 07:26,2026.08.19 00:26,4350.78,4350.95,0.17,103
2026.08.19 07:27,2026.08.19 00:27,4351.04,4351.21,0.17,85
2026.08.19 07:28,2026.08.19 00:28,4350.96,4351.13,0.17,72
2026.08.19 07:29,2026.08.19 00:29,4351.81,4351.98,0.17,66
2026.08.19 07:30,2026.08.19 00:30,4351.00,4351.17,0.17,99
2026.08.19 07:31,2026.08.19 00:31,4350.47,4350.64,0.17,129
2026.08.19 07:32,2026.08.19 00:32,4350.19,4350.36,0.17,113
2026.08.19 07:33,2026.08.19 00:33,4350.28,4350.45,0.17,124
2026.08.19 07:34,2026.08.19 00:34,4349.90,4350.07,0.17,76
2026.08.19 07:35,2026.08.19 00:35,4350.37,4350.54,0.17,71
2026.08.19 07:36,2026.08.19 00:36,4349.86,4350.03,0.17,54
2026.08.19 07:37,2026.08.19 00:37,4348.44,4348.61,0.17,94
2026.08.19 07:38,2026.08.19 00:38,4346.84,4347.01,0.17,146
2026.08.19 07:39,2026.08.19 00:39,4346.83,4347.00,0.17,155
2026.08.19 07:40,2026.08.19 00:40,4346.78,4346.95,0.17,149
2026.08.19 07:41,2026.08.19 00:41,4346.96,4347.13,0.17,87
2026.08.19 07:42,2026.08.19 00:42,4345.97,4346.14,0.17,107
2026.08.19 07:43,2026.08.19 00:43,4346.19,4346.36,0.17,114
2026.08.19 07:44,2026.08.19 00:44,4346.08,4346.25,0.17,99
2026.08.19 07:45,2026.08.19 00:45,4346.33,4346.50,0.17,98
2026.08.19 07:46,2026.08.19 00:46,4346.43,4346.60,0.17,56
2026.08.19 07:47,2026.08.19 00:47,4346.01,4346.18,0.17,63
2026.08.19 07:48,2026.08.19 00:48,4346.50,4346.67,0.17,79
2026.08.19 07:49,2026.08.19 00:49,4346.39,4346.56,0.17,122
2026.08.19 07:50,2026.08.19 00:50,4345.12,4345.29,0.17,94
2026.08.19 07:51,2026.08.19 00:51,4344.27,4344.44,0.17,100
2026.08.19 07:52,2026.08.19 00:52,4344.84,4345.01,0.17,114
2026.08.19 07:53,2026.08.19 00:53,4345.09,4345.26,0.17,98
2026.08.19 07:54,2026.08.19 00:54,4344.68,4344.85,0.17,62
2026.08.19 07:55,2026.08.19 00:55,4345.36,4345.53,0.17,91
2026.08.19 07:56,2026.08.19 00:56,4345.16,4345.33,0.17,134
2026.08.19 07:57,2026.08.19 00:57,4347.53,4347.70,0.17,122
2026.08.19 07:58,2026.08.19 00:58,4347.92,4348.09,0.17,127
2026.08.19 07:59,2026.08.19 00:59,4348.59,4348.76,0.17,126
2026.08.19 08:00,2026.08.19 01:00,4349.34,4349.51,0.17,171
2026.08.19 08:01,2026.08.19 01:01,4348.66,4348.83,0.17,167
2026.08.19 08:02,2026.08.19 01:02,4347.00,4347.17,0.17,172
2026.08.19 08:03,2026.08.19 01:03,4347.43,4347.60,0.17,155
2026.08.19 08:04,2026.08.19 01:04,4347.02,4347.19,0.17,149
2026.08.19 08:05,2026.08.19 01:05,4346.59,4346.76,0.17,172
2026.08.19 08:06,2026.08.19 01:06,4343.38,4343.55,0.17,152
2026.08.19 08:07,2026.08.19 01:07,4343.78,4343.95,0.17,149
2026.08.19 08:08,2026.08.19 01:08,4343.28,4343.45,0.17,107
2026.08.19 08:09,2026.08.19 01:09,4342.48,4342.65,0.17,129
2026.08.19 08:10,2026.08.19 01:10,4340.75,4340.92,0.17,144
2026.08.19 08:11,2026.08.19 01:11,4339.60,4339.77,0.17,155
2026.08.19 08:12,2026.08.19 01:12,4339.71,4339.88,0.17,101
2026.08.19 08:13,2026.08.19 01:13,4339.60,4339.77,0.17,112
2026.08.19 08:14,2026.08.19 01:14,4338.66,4338.83,0.17,152
2026.08.19 08:15,2026.08.19 01:15,4338.36,4338.53,0.17,97
2026.08.19 08:16,2026.08.19 01:16,4338.29,4338.46,0.17,138
2026.08.19 08:17,2026.08.19 01:17,4336.96,4337.13,0.17,139
2026.08.19 08:18,2026.08.19 01:18,4336.90,4337.07,0.17,94
2026.08.19 08:19,2026.08.19 01:19,4338.10,4338.27,0.17,109
2026.08.19 08:20,2026.08.19 01:20,4339.63,4339.80,0.17,134
2026.08.19 08:21,2026.08.19 01:21,4340.47,4340.64,0.17,132
2026.08.19 08:22,2026.08.19 01:22,4339.92,4340.09,0.17,115
2026.08.19 08:23,2026.08.19 01:23,4342.27,4342.44,0.17,128
2026.08.19 08:24,2026.08.19 01:24,4341.58,4341.75,0.17,148
2026.08.19 08:25,2026.08.19 01:25,4342.03,4342.20,0.17,119
2026.08.19 08:26,2026.08.19 01:26,4341.56,4341.73,0.17,110
2026.08.19 08:27,2026.08.19 01:27,4342.64,4342.81,0.17,113
2026.08.19 08:28,2026.08.19 01:28,4344.05,4344.22,0.17,116
2026.08.19 08:29,2026.08.19 01:29,4340.90,4341.23,0.33,126
2026.08.19 08:30,2026.08.19 01:30,4339.58,4339.75,0.17,362
2026.08.19 08:31,2026.08.19 01:31,4341.04,4341.21,0.17,270
2026.08.19 08:32,2026.08.19 01:32,4337.66,4337.84,0.18,255
2026.08.19 08:33,2026.08.19 01:33,4341.42,4341.59,0.17,283
2026.08.19 08:34,2026.08.19 01:34,4337.22,4337.39,0.17,235
2026.08.19 08:35,2026.08.19 01:35,4338.37,4338.54,0.17,234
2026.08.19 08:36,2026.08.19 01:36,4340.35,4340.52,0.17,235
2026.08.19 08:37,2026.08.19 01:37,4338.20,4338.37,0.17,201
2026.08.19 08:38,2026.08.19 01:38,4340.61,4340.78,0.17,181
2026.08.19 08:39,2026.08.19 01:39,4342.58,4342.75,0.17,167
2026.08.19 08:40,2026.08.19 01:40,4341.55,4341.72,0.17,166
2026.08.19 08:41,2026.08.19 01:41,4341.19,4341.36,0.17,159
2026.08.19 08:42,2026.08.19 01:42,4342.74,4342.91,0.17,182
2026.08.19 08:43,2026.08.19 01:43,4340.90,4341.07,0.17,196
2026.08.19 08:44,2026.08.19 01:44,4340.71,4340.88,0.17,150
2026.08.19 08:45,2026.08.19 01:45,4339.05,4339.22,0.17,205
2026.08.19 08:46,2026.08.19 01:46,4337.27,4337.44,0.17,168
2026.08.19 08:47,2026.08.19 01:47,4336.20,4336.37,0.17,228
2026.08.19 08:48,2026.08.19 01:48,4336.92,4337.09,0.17,192
2026.08.19 08:49,2026.08.19 01:49,4335.59,4335.76,0.17,171
2026.08.19 08:50,2026.08.19 01:50,4336.57,4336.74,0.17,141
2026.08.19 08:51,2026.08.19 01:51,4336.21,4336.38,0.17,204
2026.08.19 08:52,2026.08.19 01:52,4335.81,4335.98,0.17,202
2026.08.19 08:53,2026.08.19 01:53,4336.84,4337.01,0.17,224
2026.08.19 08:54,2026.08.19 01:54,4335.43,4335.60,0.17,192
2026.08.19 08:55,2026.08.19 01:55,4336.08,4336.25,0.17,151
2026.08.19 08:56,2026.08.19 01:56,4336.79,4336.96,0.17,190
2026.08.19 08:57,2026.08.19 01:57,4337.88,4338.05,0.17,145
2026.08.19 08:58,2026.08.19 01:58,4337.18,4337.35,0.17,194
2026.08.19 08:59,2026.08.19 01:59,4338.56,4338.73,0.17,120
2026.08.19 09:00,2026.08.19 02:00,4339.01,4339.18,0.17,306
2026.08.19 09:01,2026.08.19 02:01,4338.57,4338.74,0.17,238
2026.08.19 09:02,2026.08.19 02:02,4337.39,4337.56,0.17,172
2026.08.19 09:03,2026.08.19 02:03,4336.80,4336.97,0.17,256
2026.08.19 09:04,2026.08.19 02:04,4338.08,4338.25,0.17,203
2026.08.19 09:05,2026.08.19 02:05,4338.02,4338.19,0.17,216
2026.08.19 09:06,2026.08.19 02:06,4337.13,4337.30,0.17,214
2026.08.19 09:07,2026.08.19 02:07,4335.86,4336.03,0.17,201
2026.08.19 09:08,2026.08.19 02:08,4338.51,4338.68,0.17,234
2026.08.19 09:09,2026.08.19 02:09,4339.75,4339.92,0.17,211
2026.08.19 09:10,2026.08.19 02:10,4341.13,4341.30,0.17,212
2026.08.19 09:11,2026.08.19 02:11,4340.28,4340.45,0.17,228
2026.08.19 09:12,2026.08.19 02:12,4340.10,4340.27,0.17,153
2026.08.19 09:13,2026.08.19 02:13,4338.14,4338.31,0.17,210
2026.08.19 09:14,2026.08.19 02:14,4337.91,4338.08,0.17,178
2026.08.19 09:15,2026.08.19 02:15,4340.63,4340.80,0.17,197
2026.08.19 09:16,2026.08.19 02:16,4342.59,4342.76,0.17,200
2026.08.19 09:17,2026.08.19 02:17,4344.13,4344.30,0.17,258
2026.08.19 09:18,2026.08.19 02:18,4345.81,4345.98,0.17,236
2026.08.19 09:19,2026.08.19 02:19,4345.31,4345.48,0.17,248
2026.08.19 09:20,2026.08.19 02:20,4346.99,4347.16,0.17,249
2026.08.19 09:21,2026.08.19 02:21,4346.93,4347.10,0.17,184
2026.08.19 09:22,2026.08.19 02:22,4345.92,4346.09,0.17,205
2026.08.19 09:23,2026.08.19 02:23,4346.83,4347.00,0.17,187
2026.08.19 09:24,2026.08.19 02:24,4345.85,4346.02,0.17,201
2026.08.19 09:25,2026.08.19 02:25,4345.71,4345.88,0.17,209
2026.08.19 09:26,2026.08.19 02:26,4343.45,4343.62,0.17,209
2026.08.19 09:27,2026.08.19 02:27,4341.88,4342.05,0.17,205
2026.08.19 09:28,2026.08.19 02:28,4342.25,4342.42,0.17,187
2026.08.19 09:29,2026.08.19 02:29,4342.96,4343.13,0.17,199
2026.08.19 09:30,2026.08.19 02:30,4339.87,4340.04,0.17,269
2026.08.19 09:31,2026.08.19 02:31,4337.84,4338.01,0.17,232
2026.08.19 09:32,2026.08.19 02:32,4338.63,4338.80,0.17,206
2026.08.19 09:33,2026.08.19 02:33,4339.34,4339.51,0.17,215
2026.08.19 09:34,2026.08.19 02:34,4339.64,4339.81,0.17,217
2026.08.19 09:35,2026.08.19 02:35,4339.76,4339.93,0.17,165
2026.08.19 09:36,2026.08.19 02:36,4342.78,4342.95,0.17,171
2026.08.19 09:37,2026.08.19 02:37,4344.20,4344.37,0.17,194
2026.08.19 09:38,2026.08.19 02:38,4343.68,4343.85,0.17,156
2026.08.19 09:39,2026.08.19 02:39,4344.15,4344.32,0.17,143
2026.08.19 09:40,2026.08.19 02:40,4343.06,4343.23,0.17,199
2026.08.19 09:41,2026.08.19 02:41,4343.70,4343.87,0.17,185
2026.08.19 09:42,2026.08.19 02:42,4342.61,4342.78,0.17,177
2026.08.19 09:43,2026.08.19 02:43,4342.64,4342.81,0.17,167
2026.08.19 09:44,2026.08.19 02:44,4341.39,4341.56,0.17,172
2026.08.19 09:45,2026.08.19 02:45,4341.66,4341.83,0.17,206
2026.08.19 09:46,2026.08.19 02:46,4342.42,4342.59,0.17,187
2026.08.19 09:47,2026.08.19 02:47,4342.90,4343.07,0.17,205
2026.08.19 09:48,2026.08.19 02:48,4343.25,4343.42,0.17,170
2026.08.19 09:49,2026.08.19 02:49,4344.37,4344.54,0.17,219
2026.08.19 09:50,2026.08.19 02:50,4344.66,4344.83,0.17,228
2026.08.19 09:51,2026.08.19 02:51,4345.64,4345.81,0.17,206
2026.08.19 09:52,2026.08.19 02:52,4346.14,4346.31,0.17,198
2026.08.19 09:53,2026.08.19 02:53,4347.23,4347.40,0.17,198
2026.08.19 09:54,2026.08.19 02:54,4347.93,4348.10,0.17,161
2026.08.19 09:55,2026.08.19 02:55,4348.48,4348.65,0.17,172
2026.08.19 09:56,2026.08.19 02:56,4347.69,4347.86,0.17,195
2026.08.19 09:57,2026.08.19 02:57,4347.54,4347.71,0.17,171
2026.08.19 09:58,2026.08.19 02:58,4348.31,4348.48,0.17,196
2026.08.19 09:59,2026.08.19 02:59,4349.51,4349.68,0.17,258
2026.08.19 10:00,2026.08.19 03:00,4349.72,4349.89,0.17,358
2026.08.19 10:01,2026.08.19 03:01,4350.56,4350.73,0.17,188
2026.08.19 10:02,2026.08.19 03:02,4350.46,4350.63,0.17,161
2026.08.19 10:03,2026.08.19 03:03,4350.35,4350.52,0.17,132
2026.08.19 10:04,2026.08.19 03:04,4348.03,4348.20,0.17,178
2026.08.19 10:05,2026.08.19 03:05,4348.88,4349.05,0.17,180
2026.08.19 10:06,2026.08.19 03:06,4348.55,4348.72,0.17,136
2026.08.19 10:07,2026.08.19 03:07,4350.41,4350.58,0.17,151
2026.08.19 10:08,2026.08.19 03:08,4352.15,4352.32,0.17,129
2026.08.19 10:09,2026.08.19 03:09,4353.13,4353.30,0.17,175
2026.08.19 10:10,2026.08.19 03:10,4352.05,4352.22,0.17,119
2026.08.19 10:11,2026.08.19 03:11,4351.51,4351.68,0.17,118
2026.08.19 10:12,2026.08.19 03:12,4351.83,4352.00,0.17,93
2026.08.19 10:13,2026.08.19 03:13,4350.16,4350.33,0.17,138
2026.08.19 10:14,2026.08.19 03:14,4349.84,4350.01,0.17,136
2026.08.19 10:15,2026.08.19 03:15,4348.44,4348.61,0.17,176
2026.08.19 10:16,2026.08.19 03:16,4349.26,4349.43,0.17,148
2026.08.19 10:17,2026.08.19 03:17,4349.10,4349.27,0.17,114
2026.08.19 10:18,2026.08.19 03:18,4350.28,4350.45,0.17,139
2026.08.19 10:19,2026.08.19 03:19,4351.39,4351.56,0.17,114
2026.08.19 10:20,2026.08.19 03:20,4350.43,4350.60,0.17,170
2026.08.19 10:21,2026.08.19 03:21,4351.97,4352.14,0.17,164
2026.08.19 10:22,2026.08.19 03:22,4352.41,4352.58,0.17,108
2026.08.19 10:23,2026.08.19 03:23,4354.57,4354.74,0.17,141
2026.08.19 10:24,2026.08.19 03:24,4354.23,4354.40,0.17,149
2026.08.19 10:25,2026.08.19 03:25,4354.49,4354.66,0.17,116
2026.08.19 10:26,2026.08.19 03:26,4356.66,4356.83,0.17,173
2026.08.19 10:27,2026.08.19 03:27,4356.33,4356.50,0.17,147
2026.08.19 10:28,2026.08.19 03:28,4356.18,4356.35,0.17,215
2026.08.19 10:29,2026.08.19 03:29,4356.62,4356.79,0.17,134
2026.08.19 10:30,2026.08.19 03:30,4357.30,4357.47,0.17,139
2026.08.19 10:31,2026.08.19 03:31,4359.86,4360.03,0.17,159
2026.08.19 10:32,2026.08.19 03:32,4359.19,4359.36,0.17,144
2026.08.19 10:33,2026.08.19 03:33,4359.46,4359.63,0.17,155
2026.08.19 10:34,2026.08.19 03:34,4359.30,4359.47,0.17,122
2026.08.19 10:35,2026.08.19 03:35,4360.80,4360.97,0.17,159
2026.08.19 10:36,2026.08.19 03:36,4362.11,4362.28,0.17,157
2026.08.19 10:37,2026.08.19 03:37,4359.29,4359.46,0.17,132
2026.08.19 10:38,2026.08.19 03:38,4358.68,4358.85,0.17,133
2026.08.19 10:39,2026.08.19 03:39,4357.24,4357.41,0.17,98
2026.08.19 10:40,2026.08.19 03:40,4357.41,4357.58,0.17,135
2026.08.19 10:41,2026.08.19 03:41,4355.98,4356.15,0.17,109
2026.08.19 10:42,2026.08.19 03:42,4355.40,4355.57,0.17,117
2026.08.19 10:43,2026.08.19 03:43,4353.38,4353.55,0.17,147
2026.08.19 10:44,2026.08.19 03:44,4355.00,4355.17,0.17,150
2026.08.19 10:45,2026.08.19 03:45,4354.64,4354.81,0.17,143
2026.08.19 10:46,2026.08.19 03:46,4355.21,4355.38,0.17,131
2026.08.19 10:47,2026.08.19 03:47,4355.60,4355.77,0.17,103
2026.08.19 10:48,2026.08.19 03:48,4355.97,4356.14,0.17,133
2026.08.19 10:49,2026.08.19 03:49,4356.22,4356.39,0.17,118
2026.08.19 10:50,2026.08.19 03:50,4355.78,4355.95,0.17,122
2026.08.19 10:51,2026.08.19 03:51,4357.36,4357.53,0.17,61
2026.08.19 10:52,2026.08.19 03:52,4356.77,4356.94,0.17,139
2026.08.19 10:53,2026.08.19 03:53,4355.54,4355.71,0.17,158
2026.08.19 10:54,2026.08.19 03:54,4355.66,4355.83,0.17,100
2026.08.19 10:55,2026.08.19 03:55,4355.57,4355.74,0.17,79
2026.08.19 10:56,2026.08.19 03:56,4355.63,4355.80,0.17,108
2026.08.19 10:57,2026.08.19 03:57,4355.28,4355.45,0.17,134
2026.08.19 10:58,2026.08.19 03:58,4354.94,4355.11,0.17,111
2026.08.19 10:59,2026.08.19 03:59,4355.14,4355.31,0.17,116
2026.08.19 11:00,2026.08.19 04:00,4353.66,4353.83,0.17,244
2026.08.19 11:01,2026.08.19 04:01,4352.55,4352.72,0.17,192
2026.08.19 11:02,2026.08.19 04:02,4354.10,4354.27,0.17,176
2026.08.19 11:03,2026.08.19 04:03,4354.27,4354.44,0.17,186
2026.08.19 11:04,2026.08.19 04:04,4357.10,4357.27,0.17,201
2026.08.19 11:05,2026.08.19 04:05,4357.02,4357.19,0.17,176
2026.08.19 11:06,2026.08.19 04:06,4359.66,4359.83,0.17,170
2026.08.19 11:07,2026.08.19 04:07,4357.93,4358.10,0.17,214
2026.08.19 11:08,2026.08.19 04:08,4358.43,4358.60,0.17,173
2026.08.19 11:09,2026.08.19 04:09,4361.47,4361.64,0.17,139
2026.08.19 11:10,2026.08.19 04:10,4361.69,4361.86,0.17,169
2026.08.19 11:11,2026.08.19 04:11,4361.66,4361.83,0.17,136
2026.08.19 11:12,2026.08.19 04:12,4361.03,4361.20,0.17,148
2026.08.19 11:13,2026.08.19 04:13,4360.53,4360.70,0.17,115
2026.08.19 11:14,2026.08.19 04:14,4362.18,4362.35,0.17,157
2026.08.19 11:15,2026.08.19 04:15,4361.15,4361.32,0.17,116
2026.08.19 11:16,2026.08.19 04:16,4360.89,4361.06,0.17,129
2026.08.19 11:17,2026.08.19 04:17,4361.37,4361.54,0.17,113
2026.08.19 11:18,2026.08.19 04:18,4360.04,4360.21,0.17,129
2026.08.19 11:19,2026.08.19 04:19,4359.72,4359.89,0.17,121
2026.08.19 11:20,2026.08.19 04:20,4357.55,4357.72,0.17,119
2026.08.19 11:21,2026.08.19 04:21,4358.25,4358.42,0.17,132
2026.08.19 11:22,2026.08.19 04:22,4357.81,4357.98,0.17,163
2026.08.19 11:23,2026.08.19 04:23,4358.31,4358.48,0.17,140
2026.08.19 11:24,2026.08.19 04:24,4360.66,4360.83,0.17,159
2026.08.19 11:25,2026.08.19 04:25,4359.54,4359.71,0.17,202
2026.08.19 11:26,2026.08.19 04:26,4359.27,4359.44,0.17,131
2026.08.19 11:27,2026.08.19 04:27,4358.56,4358.73,0.17,153
2026.08.19 11:28,2026.08.19 04:28,4359.63,4359.80,0.17,146
2026.08.19 11:29,2026.08.19 04:29,4359.80,4359.97,0.17,157
2026.08.19 11:30,2026.08.19 04:30,4359.99,4360.16,0.17,153
2026.08.19 11:31,2026.08.19 04:31,4359.22,4359.39,0.17,188
2026.08.19 11:32,2026.08.19 04:32,4357.47,4357.64,0.17,239
2026.08.19 11:33,2026.08.19 04:33,4357.47,4357.64,0.17,155
2026.08.19 11:34,2026.08.19 04:34,4357.21,4357.38,0.17,143
2026.08.19 11:35,2026.08.19 04:35,4358.25,4358.42,0.17,154
2026.08.19 11:36,2026.08.19 04:36,4360.42,4360.59,0.17,165
2026.08.19 11:37,2026.08.19 04:37,4360.93,4361.10,0.17,137
2026.08.19 11:38,2026.08.19 04:38,4359.86,4360.03,0.17,121
2026.08.19 11:39,2026.08.19 04:39,4359.92,4360.09,0.17,103
2026.08.19 11:40,2026.08.19 04:40,4360.91,4361.08,0.17,129
2026.08.19 11:41,2026.08.19 04:41,4361.66,4361.83,0.17,153
2026.08.19 11:42,2026.08.19 04:42,4361.19,4361.36,0.17,156
2026.08.19 11:43,2026.08.19 04:43,4362.37,4362.54,0.17,137
2026.08.19 11:44,2026.08.19 04:44,4362.31,4362.48,0.17,140
2026.08.19 11:45,2026.08.19 04:45,4362.15,4362.32,0.17,156
2026.08.19 11:46,2026.08.19 04:46,4362.21,4362.38,0.17,139
2026.08.19 11:47,2026.08.19 04:47,4361.80,4361.97,0.17,142
2026.08.19 11:48,2026.08.19 04:48,4362.03,4362.20,0.17,127
2026.08.19 11:49,2026.08.19 04:49,4360.83,4361.00,0.17,106
2026.08.19 11:50,2026.08.19 04:50,4360.58,4360.75,0.17,157
2026.08.19 11:51,2026.08.19 04:51,4359.39,4359.56,0.17,175
2026.08.19 11:52,2026.08.19 04:52,4359.20,4359.37,0.17,164
2026.08.19 11:53,2026.08.19 04:53,4358.45,4358.62,0.17,110
2026.08.19 11:54,2026.08.19 04:54,4358.08,4358.25,0.17,130
2026.08.19 11:55,2026.08.19 04:55,4356.90,4357.07,0.17,166
2026.08.19 11:56,2026.08.19 04:56,4356.36,4356.53,0.17,226
2026.08.19 11:57,2026.08.19 04:57,4355.04,4355.21,0.17,179
2026.08.19 11:58,2026.08.19 04:58,4355.83,4356.00,0.17,129
2026.08.19 11:59,2026.08.19 04:59,4355.56,4355.73,0.17,119
2026.08.19 12:00,2026.08.19 05:00,4355.81,4355.98,0.17,179
2026.08.19 12:01,2026.08.19 05:01,4355.52,4355.69,0.17,161
2026.08.19 12:02,2026.08.19 05:02,4357.18,4357.35,0.17,131
2026.08.19 12:03,2026.08.19 05:03,4358.38,4358.55,0.17,210
2026.08.19 12:04,2026.08.19 05:04,4359.38,4359.55,0.17,137
2026.08.19 12:05,2026.08.19 05:05,4356.91,4357.08,0.17,194
2026.08.19 12:06,2026.08.19 05:06,4355.95,4356.12,0.17,209
2026.08.19 12:07,2026.08.19 05:07,4356.85,4357.02,0.17,127
2026.08.19 12:08,2026.08.19 05:08,4356.09,4356.26,0.17,110
2026.08.19 12:09,2026.08.19 05:09,4355.98,4356.15,0.17,184
2026.08.19 12:10,2026.08.19 05:10,4356.33,4356.50,0.17,187
2026.08.19 12:11,2026.08.19 05:11,4355.92,4356.09,0.17,150
2026.08.19 12:12,2026.08.19 05:12,4356.15,4356.32,0.17,134
2026.08.19 12:13,2026.08.19 05:13,4355.96,4356.13,0.17,119
2026.08.19 12:14,2026.08.19 05:14,4356.06,4356.23,0.17,120
2026.08.19 12:15,2026.08.19 05:15,4354.83,4355.00,0.17,153
2026.08.19 12:16,2026.08.19 05:16,4354.51,4354.68,0.17,181
2026.08.19 12:17,2026.08.19 05:17,4354.57,4354.74,0.17,142
2026.08.19 12:18,2026.08.19 05:18,4353.53,4353.70,0.17,183
2026.08.19 12:19,2026.08.19 05:19,4354.46,4354.63,0.17,185
2026.08.19 12:20,2026.08.19 05:20,4354.92,4355.09,0.17,143
2026.08.19 12:21,2026.08.19 05:21,4355.70,4355.87,0.17,168
2026.08.19 12:22,2026.08.19 05:22,4355.87,4356.04,0.17,139
2026.08.19 12:23,2026.08.19 05:23,4355.90,4356.07,0.17,147
2026.08.19 12:24,2026.08.19 05:24,4356.41,4356.58,0.17,200
2026.08.19 12:25,2026.08.19 05:25,4357.17,4357.34,0.17,102
2026.08.19 12:26,2026.08.19 05:26,4355.05,4355.22,0.17,113
2026.08.19 12:27,2026.08.19 05:27,4354.56,4354.73,0.17,133
2026.08.19 12:28,2026.08.19 05:28,4355.52,4355.69,0.17,180
2026.08.19 12:29,2026.08.19 05:29,4357.47,4357.64,0.17,131
2026.08.19 12:30,2026.08.19 05:30,4356.45,4356.62,0.17,179
2026.08.19 12:31,2026.08.19 05:31,4356.79,4356.96,0.17,145
2026.08.19 12:32,2026.08.19 05:32,4356.17,4356.34,0.17,126
2026.08.19 12:33,2026.08.19 05:33,4356.18,4356.35,0.17,158
2026.08.19 12:34,2026.08.19 05:34,4356.82,4356.99,0.17,137
2026.08.19 12:35,2026.08.19 05:35,4356.60,4356.77,0.17,116
2026.08.19 12:36,2026.08.19 05:36,4357.01,4357.18,0.17,136
2026.08.19 12:37,2026.08.19 05:37,4356.33,4356.50,0.17,121
2026.08.19 12:38,2026.08.19 05:38,4356.95,4357.12,0.17,100
2026.08.19 12:39,2026.08.19 05:39,4357.03,4357.20,0.17,94
2026.08.19 12:40,2026.08.19 05:40,4357.45,4357.62,0.17,126
2026.08.19 12:41,2026.08.19 05:41,4360.62,4360.79,0.17,194
2026.08.19 12:42,2026.08.19 05:42,4359.24,4359.41,0.17,191
2026.08.19 12:43,2026.08.19 05:43,4359.56,4359.73,0.17,145
2026.08.19 12:44,2026.08.19 05:44,4358.71,4358.88,0.17,124
2026.08.19 12:45,2026.08.19 05:45,4358.88,4359.05,0.17,115
2026.08.19 12:46,2026.08.19 05:46,4359.18,4359.35,0.17,148
2026.08.19 12:47,2026.08.19 05:47,4359.59,4359.76,0.17,159
2026.08.19 12:48,2026.08.19 05:48,4359.79,4359.96,0.17,109
2026.08.19 12:49,2026.08.19 05:49,4360.61,4360.78,0.17,144
2026.08.19 12:50,2026.08.19 05:50,4359.22,4359.39,0.17,199
2026.08.19 12:51,2026.08.19 05:51,4359.00,4359.17,0.17,131
2026.08.19 12:52,2026.08.19 05:52,4358.61,4358.78,0.17,113
2026.08.19 12:53,2026.08.19 05:53,4358.82,4358.99,0.17,129
2026.08.19 12:54,2026.08.19 05:54,4360.82,4360.99,0.17,151
2026.08.19 12:55,2026.08.19 05:55,4361.05,4361.22,0.17,168
2026.08.19 12:56,2026.08.19 05:56,4359.43,4359.60,0.17,154
2026.08.19 12:57,2026.08.19 05:57,4360.26,4360.43,0.17,116
2026.08.19 12:58,2026.08.19 05:58,4361.50,4361.67,0.17,107
2026.08.19 12:59,2026.08.19 05:59,4362.21,4362.38,0.17,142
2026.08.19 13:00,2026.08.19 06:00,4360.66,4360.83,0.17,222
2026.08.19 13:01,2026.08.19 06:01,4360.97,4361.14,0.17,214
2026.08.19 13:02,2026.08.19 06:02,4361.25,4361.42,0.17,182
2026.08.19 13:03,2026.08.19 06:03,4360.59,4360.76,0.17,166
2026.08.19 13:04,2026.08.19 06:04,4359.87,4360.04,0.17,153
2026.08.19 13:05,2026.08.19 06:05,4360.57,4360.74,0.17,154
2026.08.19 13:06,2026.08.19 06:06,4362.01,4362.18,0.17,118
2026.08.19 13:07,2026.08.19 06:07,4362.38,4362.55,0.17,146
2026.08.19 13:08,2026.08.19 06:08,4362.25,4362.42,0.17,150
2026.08.19 13:09,2026.08.19 06:09,4361.36,4361.53,0.17,117
2026.08.19 13:10,2026.08.19 06:10,4361.30,4361.47,0.17,124
2026.08.19 13:11,2026.08.19 06:11,4362.33,4362.50,0.17,114
2026.08.19 13:12,2026.08.19 06:12,4362.57,4362.74,0.17,158
2026.08.19 13:13,2026.08.19 06:13,4363.57,4363.74,0.17,145
2026.08.19 13:14,2026.08.19 06:14,4364.09,4364.26,0.17,185
2026.08.19 13:15,2026.08.19 06:15,4363.83,4364.00,0.17,117
2026.08.19 13:16,2026.08.19 06:16,4365.31,4365.48,0.17,192
2026.08.19 13:17,2026.08.19 06:17,4367.67,4367.84,0.17,181
2026.08.19 13:18,2026.08.19 06:18,4367.69,4367.86,0.17,179
2026.08.19 13:19,2026.08.19 06:19,4367.61,4367.78,0.17,167
2026.08.19 13:20,2026.08.19 06:20,4367.73,4367.90,0.17,205
2026.08.19 13:21,2026.08.19 06:21,4367.93,4368.10,0.17,158
2026.08.19 13:22,2026.08.19 06:22,4368.24,4368.41,0.17,131
2026.08.19 13:23,2026.08.19 06:23,4368.16,4368.33,0.17,141
2026.08.19 13:24,2026.08.19 06:24,4367.76,4367.93,0.17,149
2026.08.19 13:25,2026.08.19 06:25,4367.34,4367.51,0.17,146
2026.08.19 13:26,2026.08.19 06:26,4367.37,4367.54,0.17,117
2026.08.19 13:27,2026.08.19 06:27,4367.64,4367.81,0.17,137
2026.08.19 13:28,2026.08.19 06:28,4368.59,4368.76,0.17,141
2026.08.19 13:29,2026.08.19 06:29,4368.63,4368.80,0.17,143
2026.08.19 13:30,2026.08.19 06:30,4367.58,4367.75,0.17,175
2026.08.19 13:31,2026.08.19 06:31,4366.84,4367.01,0.17,102
2026.08.19 13:32,2026.08.19 06:32,4366.64,4366.81,0.17,140
2026.08.19 13:33,2026.08.19 06:33,4366.61,4366.78,0.17,112
2026.08.19 13:34,2026.08.19 06:34,4367.24,4367.41,0.17,156
2026.08.19 13:35,2026.08.19 06:35,4367.34,4367.51,0.17,116
2026.08.19 13:36,2026.08.19 06:36,4367.40,4367.57,0.17,117
2026.08.19 13:37,2026.08.19 06:37,4367.17,4367.34,0.17,115
2026.08.19 13:38,2026.08.19 06:38,4366.81,4366.98,0.17,109
2026.08.19 13:39,2026.08.19 06:39,4366.76,4366.93,0.17,126
2026.08.19 13:40,2026.08.19 06:40,4367.15,4367.32,0.17,117
2026.08.19 13:41,2026.08.19 06:41,4368.02,4368.19,0.17,154
2026.08.19 13:42,2026.08.19 06:42,4367.62,4367.79,0.17,97
2026.08.19 13:43,2026.08.19 06:43,4368.27,4368.44,0.17,105
2026.08.19 13:44,2026.08.19 06:44,4368.11,4368.28,0.17,136
2026.08.19 13:45,2026.08.19 06:45,4367.86,4368.03,0.17,84
2026.08.19 13:46,2026.08.19 06:46,4368.27,4368.44,0.17,97
2026.08.19 13:47,2026.08.19 06:47,4368.45,4368.62,0.17,96
2026.08.19 13:48,2026.08.19 06:48,4368.09,4368.26,0.17,131
2026.08.19 13:49,2026.08.19 06:49,4368.64,4368.81,0.17,142
2026.08.19 13:50,2026.08.19 06:50,4368.25,4368.42,0.17,134
2026.08.19 13:51,2026.08.19 06:51,4367.67,4367.84,0.17,131
2026.08.19 13:52,2026.08.19 06:52,4367.28,4367.45,0.17,151
2026.08.19 13:53,2026.08.19 06:53,4367.12,4367.29,0.17,106
2026.08.19 13:54,2026.08.19 06:54,4367.43,4367.60,0.17,84
2026.08.19 13:55,2026.08.19 06:55,4367.08,4367.25,0.17,119
2026.08.19 13:56,2026.08.19 06:56,4367.15,4367.32,0.17,109
2026.08.19 13:57,2026.08.19 06:57,4366.24,4366.41,0.17,114
2026.08.19 13:58,2026.08.19 06:58,4366.48,4366.65,0.17,138
2026.08.19 13:59,2026.08.19 06:59,4367.68,4367.85,0.17,136
2026.08.19 14:00,2026.08.19 07:00,4369.46,4369.63,0.17,216
2026.08.19 14:01,2026.08.19 07:01,4370.44,4370.61,0.17,202
2026.08.19 14:02,2026.08.19 07:02,4370.73,4370.90,0.17,154
2026.08.19 14:03,2026.08.19 07:03,4369.81,4369.98,0.17,202
2026.08.19 14:04,2026.08.19 07:04,4371.00,4371.17,0.17,132
2026.08.19 14:05,2026.08.19 07:05,4373.34,4373.51,0.17,190
2026.08.19 14:06,2026.08.19 07:06,4372.47,4372.64,0.17,174
2026.08.19 14:07,2026.08.19 07:07,4372.51,4372.68,0.17,171
2026.08.19 14:08,2026.08.19 07:08,4372.21,4372.38,0.17,150
2026.08.19 14:09,2026.08.19 07:09,4371.29,4371.46,0.17,177
2026.08.19 14:10,2026.08.19 07:10,4372.55,4372.72,0.17,198
2026.08.19 14:11,2026.08.19 07:11,4372.21,4372.38,0.17,141
2026.08.19 14:12,2026.08.19 07:12,4373.83,4374.00,0.17,157
2026.08.19 14:13,2026.08.19 07:13,4373.34,4373.51,0.17,193
2026.08.19 14:14,2026.08.19 07:14,4373.92,4374.09,0.17,134
2026.08.19 14:15,2026.08.19 07:15,4372.50,4372.67,0.17,161
2026.08.19 14:16,2026.08.19 07:16,4370.72,4370.89,0.17,145
2026.08.19 14:17,2026.08.19 07:17,4369.90,4370.07,0.17,162
2026.08.19 14:18,2026.08.19 07:18,4370.25,4370.42,0.17,169
2026.08.19 14:19,2026.08.19 07:19,4370.63,4370.80,0.17,132
2026.08.19 14:20,2026.08.19 07:20,4369.66,4369.83,0.17,108
2026.08.19 14:21,2026.08.19 07:21,4369.54,4369.71,0.17,135
2026.08.19 14:22,2026.08.19 07:22,4370.52,4370.69,0.17,170
2026.08.19 14:23,2026.08.19 07:23,4370.74,4370.91,0.17,155
2026.08.19 14:24,2026.08.19 07:24,4371.12,4371.29,0.17,104
2026.08.19 14:25,2026.08.19 07:25,4371.88,4372.05,0.17,189
2026.08.19 14:26,2026.08.19 07:26,4372.74,4372.91,0.17,124
2026.08.19 14:27,2026.08.19 07:27,4371.82,4371.99,0.17,149
2026.08.19 14:28,2026.08.19 07:28,4371.38,4371.55,0.17,167
2026.08.19 14:29,2026.08.19 07:29,4371.35,4371.52,0.17,121
2026.08.19 14:30,2026.08.19 07:30,4370.46,4370.63,0.17,206
2026.08.19 14:31,2026.08.19 07:31,4369.17,4369.34,0.17,180
2026.08.19 14:32,2026.08.19 07:32,4369.94,4370.11,0.17,165
2026.08.19 14:33,2026.08.19 07:33,4369.80,4369.97,0.17,137
2026.08.19 14:34,2026.08.19 07:34,4369.50,4369.67,0.17,160
2026.08.19 14:35,2026.08.19 07:35,4369.23,4369.40,0.17,163
2026.08.19 14:36,2026.08.19 07:36,4368.82,4368.99,0.17,158
2026.08.19 14:37,2026.08.19 07:37,4368.57,4368.74,0.17,152
2026.08.19 14:38,2026.08.19 07:38,4368.71,4368.88,0.17,156
2026.08.19 14:39,2026.08.19 07:39,4367.58,4367.75,0.17,165
2026.08.19 14:40,2026.08.19 07:40,4366.46,4366.63,0.17,145
2026.08.19 14:41,2026.08.19 07:41,4364.15,4364.32,0.17,175
2026.08.19 14:42,2026.08.19 07:42,4363.43,4363.60,0.17,184
2026.08.19 14:43,2026.08.19 07:43,4363.79,4363.96,0.17,177
2026.08.19 14:44,2026.08.19 07:44,4364.21,4364.38,0.17,172
2026.08.19 14:45,2026.08.19 07:45,4364.99,4365.16,0.17,208
2026.08.19 14:46,2026.08.19 07:46,4365.54,4365.71,0.17,155
2026.08.19 14:47,2026.08.19 07:47,4365.48,4365.65,0.17,166
2026.08.19 14:48,2026.08.19 07:48,4367.31,4367.48,0.17,121
2026.08.19 14:49,2026.08.19 07:49,4367.14,4367.31,0.17,182
2026.08.19 14:50,2026.08.19 07:50,4365.38,4365.55,0.17,128
2026.08.19 14:51,2026.08.19 07:51,4364.30,4364.47,0.17,182
2026.08.19 14:52,2026.08.19 07:52,4364.62,4364.79,0.17,147
2026.08.19 14:53,2026.08.19 07:53,4365.76,4365.93,0.17,147
2026.08.19 14:54,2026.08.19 07:54,4366.03,4366.20,0.17,141
2026.08.19 14:55,2026.08.19 07:55,4365.44,4365.61,0.17,146
2026.08.19 14:56,2026.08.19 07:56,4365.77,4365.94,0.17,148
2026.08.19 14:57,2026.08.19 07:57,4365.65,4365.82,0.17,137
2026.08.19 14:58,2026.08.19 07:58,4365.51,4365.68,0.17,111
2026.08.19 14:59,2026.08.19 07:59,4365.02,4365.19,0.17,122
2026.08.19 15:00,2026.08.19 08:00,4364.52,4364.69,0.17,242
2026.08.19 15:01,2026.08.19 08:01,4363.62,4363.79,0.17,229
2026.08.19 15:02,2026.08.19 08:02,4362.74,4362.91,0.17,197
2026.08.19 15:03,2026.08.19 08:03,4364.06,4364.23,0.17,170
2026.08.19 15:04,2026.08.19 08:04,4364.00,4364.17,0.17,175
2026.08.19 15:05,2026.08.19 08:05,4364.99,4365.16,0.17,183
2026.08.19 15:06,2026.08.19 08:06,4364.97,4365.14,0.17,202
2026.08.19 15:07,2026.08.19 08:07,4365.95,4366.12,0.17,180
2026.08.19 15:08,2026.08.19 08:08,4367.65,4367.82,0.17,165
2026.08.19 15:09,2026.08.19 08:09,4367.44,4367.61,0.17,188
2026.08.19 15:10,2026.08.19 08:10,4367.97,4368.14,0.17,211
2026.08.19 15:11,2026.08.19 08:11,4370.62,4370.79,0.17,206
2026.08.19 15:12,2026.08.19 08:12,4368.25,4368.42,0.17,248
2026.08.19 15:13,2026.08.19 08:13,4368.71,4368.88,0.17,189
2026.08.19 15:14,2026.08.19 08:14,4368.67,4368.84,0.17,149
2026.08.19 15:15,2026.08.19 08:15,4368.49,4368.66,0.17,208
2026.08.19 15:16,2026.08.19 08:16,4370.05,4370.22,0.17,159
2026.08.19 15:17,2026.08.19 08:17,4366.59,4366.76,0.17,184
2026.08.19 15:18,2026.08.19 08:18,4366.58,4366.75,0.17,190
2026.08.19 15:19,2026.08.19 08:19,4369.11,4369.28,0.17,230
2026.08.19 15:20,2026.08.19 08:20,4371.17,4371.34,0.17,319
2026.08.19 15:21,2026.08.19 08:21,4371.57,4371.74,0.17,263
2026.08.19 15:22,2026.08.19 08:22,4371.71,4371.88,0.17,242
2026.08.19 15:23,2026.08.19 08:23,4369.93,4370.10,0.17,253
2026.08.19 15:24,2026.08.19 08:24,4370.13,4370.30,0.17,191
2026.08.19 15:25,2026.08.19 08:25,4369.12,4369.29,0.17,202
2026.08.19 15:26,2026.08.19 08:26,4369.02,4369.19,0.17,208
2026.08.19 15:27,2026.08.19 08:27,4369.28,4369.45,0.17,182
2026.08.19 15:28,2026.08.19 08:28,4368.64,4368.81,0.17,186
2026.08.19 15:29,2026.08.19 08:29,4369.94,4370.11,0.17,227
2026.08.19 15:30,2026.08.19 08:30,4370.68,4370.85,0.17,59
2026.08.19 15:31,2026.08.19 08:31,4370.56,4370.73,0.17,213
2026.08.19 15:32,2026.08.19 08:32,4376.16,4376.34,0.18,482
2026.08.19 15:33,2026.08.19 08:33,4380.69,4380.86,0.17,444
2026.08.19 15:34,2026.08.19 08:34,4385.24,4385.41,0.17,470
2026.08.19 15:35,2026.08.19 08:35,4391.36,4391.53,0.17,452
2026.08.19 15:36,2026.08.19 08:36,4400.58,4400.75,0.17,447
2026.08.19 15:37,2026.08.19 08:37,4406.90,4407.08,0.18,486
2026.08.19 15:38,2026.08.19 08:38,4414.87,4415.16,0.29,457
2026.08.19 15:39,2026.08.19 08:39,4410.82,4411.10,0.28,463
2026.08.19 15:40,2026.08.19 08:40,4419.63,4419.80,0.17,476
2026.08.19 15:41,2026.08.19 08:41,4412.64,4412.92,0.28,468
2026.08.19 15:42,2026.08.19 08:42,4407.72,4407.89,0.17,421
2026.08.19 15:43,2026.08.19 08:43,4412.95,4413.12,0.17,452
2026.08.19 15:44,2026.08.19 08:44,4414.98,4415.15,0.17,442
2026.08.19 15:45,2026.08.19 08:45,4419.94,4420.11,0.17,448
2026.08.19 15:46,2026.08.19 08:46,4414.75,4414.92,0.17,448
2026.08.19 15:47,2026.08.19 08:47,4413.14,4413.31,0.17,400
2026.08.19 15:48,2026.08.19 08:48,4418.28,4418.45,0.17,414
2026.08.19 15:49,2026.08.19 08:49,4415.86,4416.03,0.17,376
2026.08.19 15:50,2026.08.19 08:50,4412.68,4412.85,0.17,400
2026.08.19 15:51,2026.08.19 08:51,4422.96,4423.13,0.17,414
2026.08.19 15:52,2026.08.19 08:52,4417.31,4417.48,0.17,391
2026.08.19 15:53,2026.08.19 08:53,4423.33,4423.50,0.17,399
2026.08.19 15:54,2026.08.19 08:54,4428.47,4428.64,0.17,376
2026.08.19 15:55,2026.08.19 08:55,4428.21,4428.38,0.17,412
2026.08.19 15:56,2026.08.19 08:56,4438.27,4438.46,0.19,412
2026.08.19 15:57,2026.08.19 08:57,4441.65,4441.82,0.17,406
2026.08.19 15:58,2026.08.19 08:58,4438.71,4438.88,0.17,390
2026.08.19 15:59,2026.08.19 08:59,4434.93,4435.10,0.17,418
2026.08.19 16:00,2026.08.19 09:00,4439.33,4439.50,0.17,450
2026.08.19 16:01,2026.08.19 09:01,4439.90,4440.09,0.19,457
2026.08.19 16:02,2026.08.19 09:02,4429.10,4429.27,0.17,424
2026.08.19 16:03,2026.08.19 09:03,4427.67,4427.84,0.17,419
2026.08.19 16:04,2026.08.19 09:04,4428.49,4428.66,0.17,387
2026.08.19 16:05,2026.08.19 09:05,4425.38,4425.55,0.17,421
2026.08.19 16:06,2026.08.19 09:06,4427.44,4427.61,0.17,402
2026.08.19 16:07,2026.08.19 09:07,4433.08,4433.25,0.17,420
2026.08.19 16:08,2026.08.19 09:08,4440.19,4440.36,0.17,406
2026.08.19 16:09,2026.08.19 09:09,4441.94,4442.11,0.17,425
2026.08.19 16:10,2026.08.19 09:10,4443.99,4444.16,0.17,437
2026.08.19 16:11,2026.08.19 09:11,4444.58,4444.75,0.17,409
2026.08.19 16:12,2026.08.19 09:12,4458.86,4459.03,0.17,436
2026.08.19 16:13,2026.08.19 09:13,4460.41,4460.58,0.17,440
2026.08.19 16:14,2026.08.19 09:14,4458.01,4458.18,0.17,379
2026.08.19 16:15,2026.08.19 09:15,4461.12,4461.29,0.17,391
2026.08.19 16:16,2026.08.19 09:16,4461.13,4461.30,0.17,367
2026.08.19 16:17,2026.08.19 09:17,4461.05,4461.22,0.17,366
2026.08.19 16:18,2026.08.19 09:18,4462.07,4462.28,0.21,364
2026.08.19 16:19,2026.08.19 09:19,4461.32,4461.49,0.17,338
2026.08.19 16:20,2026.08.19 09:20,4458.58,4458.75,0.17,360
2026.08.19 16:21,2026.08.19 09:21,4458.89,4459.06,0.17,332
2026.08.19 16:22,2026.08.19 09:22,4459.79,4459.96,0.17,350
2026.08.19 16:23,2026.08.19 09:23,4458.28,4458.45,0.17,375
2026.08.19 16:24,2026.08.19 09:24,4458.13,4458.30,0.17,380
2026.08.19 16:25,2026.08.19 09:25,4460.25,4460.42,0.17,378
2026.08.19 16:26,2026.08.19 09:26,4457.76,4457.93,0.17,352
2026.08.19 16:27,2026.08.19 09:27,4456.06,4456.23,0.17,321
2026.08.19 16:28,2026.08.19 09:28,4459.51,4459.68,0.17,351
2026.08.19 16:29,2026.08.19 09:29,4460.45,4460.67,0.22,362
2026.08.19 16:30,2026.08.19 09:30,4461.17,4461.34,0.17,500
2026.08.19 16:31,2026.08.19 09:31,4462.44,4462.61,0.17,477
2026.08.19 16:32,2026.08.19 09:32,4465.52,4465.69,0.17,456
2026.08.19 16:33,2026.08.19 09:33,4464.27,4464.44,0.17,452
2026.08.19 16:34,2026.08.19 09:34,4460.50,4460.67,0.17,435
2026.08.19 16:35,2026.08.19 09:35,4446.39,4446.88,0.49,473
2026.08.19 16:36,2026.08.19 09:36,4445.60,4445.79,0.19,495
2026.08.19 16:37,2026.08.19 09:37,4452.77,4452.94,0.17,459
2026.08.19 16:38,2026.08.19 09:38,4454.44,4454.61,0.17,455
2026.08.19 16:39,2026.08.19 09:39,4456.36,4456.53,0.17,444
2026.08.19 16:40,2026.08.19 09:40,4456.92,4457.09,0.17,430
2026.08.19 16:41,2026.08.19 09:41,4451.89,4452.07,0.18,466
2026.08.19 16:42,2026.08.19 09:42,4457.95,4458.12,0.17,438
2026.08.19 16:43,2026.08.19 09:43,4461.88,4462.05,0.17,422
2026.08.19 16:44,2026.08.19 09:44,4459.75,4459.92,0.17,380
2026.08.19 16:45,2026.08.19 09:45,4458.08,4458.25,0.17,411
2026.08.19 16:46,2026.08.19 09:46,4458.91,4459.08,0.17,426
2026.08.19 16:47,2026.08.19 09:47,4455.02,4455.19,0.17,434
2026.08.19 16:48,2026.08.19 09:48,4453.01,4453.18,0.17,447
2026.08.19 16:49,2026.08.19 09:49,4450.57,4450.74,0.17,420
2026.08.19 16:50,2026.08.19 09:50,4446.15,4446.32,0.17,453
2026.08.19 16:51,2026.08.19 09:51,4447.52,4447.69,0.17,422
2026.08.19 16:52,2026.08.19 09:52,4454.71,4454.88,0.17,439
2026.08.19 16:53,2026.08.19 09:53,4451.78,4451.95,0.17,423
2026.08.19 16:54,2026.08.19 09:54,4452.82,4452.99,0.17,398
2026.08.19 16:55,2026.08.19 09:55,4452.69,4452.86,0.17,434
2026.08.19 16:56,2026.08.19 09:56,4455.24,4455.41,0.17,441
2026.08.19 16:57,2026.08.19 09:57,4459.19,4459.36,0.17,446
2026.08.19 16:58,2026.08.19 09:58,4461.77,4461.94,0.17,410
2026.08.19 16:59,2026.08.19 09:59,4460.43,4460.60,0.17,388
2026.08.19 17:00,2026.08.19 10:00,4456.85,4457.02,0.17,403
2026.08.19 17:01,2026.08.19 10:01,4457.03,4457.20,0.17,414
2026.08.19 17:02,2026.08.19 10:02,4457.54,4457.71,0.17,439
2026.08.19 17:03,2026.08.19 10:03,4462.20,4462.37,0.17,418
2026.08.19 17:04,2026.08.19 10:04,4462.60,4462.77,0.17,401
2026.08.19 17:05,2026.08.19 10:05,4462.18,4462.35,0.17,426
2026.08.19 17:06,2026.08.19 10:06,4466.09,4466.26,0.17,388
2026.08.19 17:07,2026.08.19 10:07,4468.35,4468.52,0.17,442
2026.08.19 17:08,2026.08.19 10:08,4468.56,4468.82,0.26,431
2026.08.19 17:09,2026.08.19 10:09,4473.67,4473.84,0.17,399
2026.08.19 17:10,2026.08.19 10:10,4472.15,4472.32,0.17,459
2026.08.19 17:11,2026.08.19 10:11,4470.33,4470.50,0.17,429
2026.08.19 17:12,2026.08.19 10:12,4474.72,4474.89,0.17,411
2026.08.19 17:13,2026.08.19 10:13,4474.08,4474.25,0.17,407
2026.08.19 17:14,2026.08.19 10:14,4473.11,4473.28,0.17,410
2026.08.19 17:15,2026.08.19 10:15,4472.91,4473.08,0.17,431
2026.08.19 17:16,2026.08.19 10:16,4476.43,4476.60,0.17,428
2026.08.19 17:17,2026.08.19 10:17,4474.26,4474.43,0.17,433
2026.08.19 17:18,2026.08.19 10:18,4472.85,4473.02,0.17,433
2026.08.19 17:19,2026.08.19 10:19,4472.66,4472.83,0.17,409
2026.08.19 17:20,2026.08.19 10:20,4473.96,4474.13,0.17,398
2026.08.19 17:21,2026.08.19 10:21,4475.75,4475.99,0.24,392
2026.08.19 17:22,2026.08.19 10:22,4475.53,4475.70,0.17,406
2026.08.19 17:23,2026.08.19 10:23,4476.98,4477.16,0.18,402
2026.08.19 17:24,2026.08.19 10:24,4479.05,4479.22,0.17,408
2026.08.19 17:25,2026.08.19 10:25,4483.19,4483.36,0.17,425
2026.08.19 17:26,2026.08.19 10:26,4485.31,4485.48,0.17,392
2026.08.19 17:27,2026.08.19 10:27,4487.63,4487.80,0.17,402
2026.08.19 17:28,2026.08.19 10:28,4486.42,4486.59,0.17,380
2026.08.19 17:29,2026.08.19 10:29,4485.90,4486.07,0.17,378
2026.08.19 17:30,2026.08.19 10:30,4488.65,4488.82,0.17,406
2026.08.19 17:31,2026.08.19 10:31,4489.53,4489.70,0.17,405
2026.08.19 17:32,2026.08.19 10:32,4488.09,4488.26,0.17,411
2026.08.19 17:33,2026.08.19 10:33,4485.70,4485.87,0.17,403
2026.08.19 17:34,2026.08.19 10:34,4487.64,4487.81,0.17,390
2026.08.19 17:35,2026.08.19 10:35,4490.76,4490.93,0.17,370
2026.08.19 17:36,2026.08.19 10:36,4488.05,4488.22,0.17,382
2026.08.19 17:37,2026.08.19 10:37,4488.69,4488.86,0.17,398
2026.08.19 17:38,2026.08.19 10:38,4489.17,4489.34,0.17,345
2026.08.19 17:39,2026.08.19 10:39,4490.26,4490.43,0.17,349
2026.08.19 17:40,2026.08.19 10:40,4491.42,4491.64,0.22,436
2026.08.19 17:41,2026.08.19 10:41,4493.15,4493.32,0.17,385
2026.08.19 17:42,2026.08.19 10:42,4495.35,4495.52,0.17,361
2026.08.19 17:43,2026.08.19 10:43,4490.29,4490.46,0.17,396
2026.08.19 17:44,2026.08.19 10:44,4487.55,4487.72,0.17,408
2026.08.19 17:45,2026.08.19 10:45,4484.62,4484.79,0.17,394
2026.08.19 17:46,2026.08.19 10:46,4482.28,4482.47,0.19,386
2026.08.19 17:47,2026.08.19 10:47,4479.79,4479.96,0.17,343
2026.08.19 17:48,2026.08.19 10:48,4479.15,4479.32,0.17,383
2026.08.19 17:49,2026.08.19 10:49,4479.12,4479.29,0.17,341
2026.08.19 17:50,2026.08.19 10:50,4481.11,4481.28,0.17,370
2026.08.19 17:51,2026.08.19 10:51,4485.79,4485.96,0.17,368
2026.08.19 17:52,2026.08.19 10:52,4485.73,4485.90,0.17,343
2026.08.19 17:53,2026.08.19 10:53,4483.04,4483.22,0.18,354
2026.08.19 17:54,2026.08.19 10:54,4486.58,4486.75,0.17,350
2026.08.19 17:55,2026.08.19 10:55,4488.23,4488.40,0.17,354
2026.08.19 17:56,2026.08.19 10:56,4488.35,4488.52,0.17,319
2026.08.19 17:57,2026.08.19 10:57,4487.85,4488.02,0.17,342
2026.08.19 17:58,2026.08.19 10:58,4488.35,4488.52,0.17,283
2026.08.19 17:59,2026.08.19 10:59,4487.32,4487.49,0.17,286
2026.08.19 18:00,2026.08.19 11:00,4486.22,4486.39,0.17,403
2026.08.19 18:01,2026.08.19 11:01,4484.79,4484.96,0.17,387
2026.08.19 18:02,2026.08.19 11:02,4483.44,4483.61,0.17,370
2026.08.19 18:03,2026.08.19 11:03,4483.97,4484.14,0.17,332
2026.08.19 18:04,2026.08.19 11:04,4485.74,4485.91,0.17,356
2026.08.19 18:05,2026.08.19 11:05,4484.88,4485.05,0.17,324
2026.08.19 18:06,2026.08.19 11:06,4485.68,4485.85,0.17,303
2026.08.19 18:07,2026.08.19 11:07,4484.98,4485.15,0.17,318
2026.08.19 18:08,2026.08.19 11:08,4483.64,4483.81,0.17,304
2026.08.19 18:09,2026.08.19 11:09,4481.52,4481.69,0.17,335
2026.08.19 18:10,2026.08.19 11:10,4481.95,4482.12,0.17,343
2026.08.19 18:11,2026.08.19 11:11,4481.24,4481.41,0.17,329
2026.08.19 18:12,2026.08.19 11:12,4486.58,4486.75,0.17,333
2026.08.19 18:13,2026.08.19 11:13,4486.46,4486.63,0.17,340
2026.08.19 18:14,2026.08.19 11:14,4485.30,4485.47,0.17,314
2026.08.19 18:15,2026.08.19 11:15,4486.99,4487.16,0.17,356
2026.08.19 18:16,2026.08.19 11:16,4485.77,4485.94,0.17,327
2026.08.19 18:17,2026.08.19 11:17,4486.58,4486.75,0.17,298
2026.08.19 18:18,2026.08.19 11:18,4485.42,4485.59,0.17,329
2026.08.19 18:19,2026.08.19 11:19,4486.66,4486.83,0.17,327
2026.08.19 18:20,2026.08.19 11:20,4486.69,4486.86,0.17,348
2026.08.19 18:21,2026.08.19 11:21,4484.75,4484.92,0.17,349
2026.08.19 18:22,2026.08.19 11:22,4485.05,4485.22,0.17,336
2026.08.19 18:23,2026.08.19 11:23,4483.21,4483.38,0.17,312
2026.08.19 18:24,2026.08.19 11:24,4480.62,4480.79,0.17,318
2026.08.19 18:25,2026.08.19 11:25,4481.37,4481.54,0.17,400
2026.08.19 18:26,2026.08.19 11:26,4480.89,4481.06,0.17,322
2026.08.19 18:27,2026.08.19 11:27,4482.77,4482.94,0.17,383
2026.08.19 18:28,2026.08.19 11:28,4482.49,4482.66,0.17,362
2026.08.19 18:29,2026.08.19 11:29,4483.71,4483.88,0.17,376
2026.08.19 18:30,2026.08.19 11:30,4481.57,4481.74,0.17,423
2026.08.19 18:31,2026.08.19 11:31,4483.93,4484.10,0.17,371
2026.08.19 18:32,2026.08.19 11:32,4483.77,4483.94,0.17,324
2026.08.19 18:33,2026.08.19 11:33,4485.23,4485.40,0.17,316
2026.08.19 18:34,2026.08.19 11:34,4485.25,4485.42,0.17,339
2026.08.19 18:35,2026.08.19 11:35,4487.32,4487.49,0.17,313
2026.08.19 18:36,2026.08.19 11:36,4486.76,4486.93,0.17,274
2026.08.19 18:37,2026.08.19 11:37,4486.58,4486.75,0.17,323
2026.08.19 18:38,2026.08.19 11:38,4486.96,4487.13,0.17,326
2026.08.19 18:39,2026.08.19 11:39,4486.50,4486.67,0.17,247
2026.08.19 18:40,2026.08.19 11:40,4485.47,4485.64,0.17,306
2026.08.19 18:41,2026.08.19 11:41,4488.21,4488.38,0.17,321
2026.08.19 18:42,2026.08.19 11:42,4488.29,4488.46,0.17,293
2026.08.19 18:43,2026.08.19 11:43,4491.44,4491.61,0.17,310
2026.08.19 18:44,2026.08.19 11:44,4490.85,4491.02,0.17,335
2026.08.19 18:45,2026.08.19 11:45,4491.88,4492.05,0.17,297
2026.08.19 18:46,2026.08.19 11:46,4492.62,4492.79,0.17,292
2026.08.19 18:47,2026.08.19 11:47,4492.06,4492.23,0.17,288
2026.08.19 18:48,2026.08.19 11:48,4493.51,4493.68,0.17,275
2026.08.19 18:49,2026.08.19 11:49,4489.12,4489.29,0.17,296
2026.08.19 18:50,2026.08.19 11:50,4489.31,4489.48,0.17,320
2026.08.19 18:51,2026.08.19 11:51,4490.35,4490.52,0.17,295
2026.08.19 18:52,2026.08.19 11:52,4491.43,4491.60,0.17,266
2026.08.19 18:53,2026.08.19 11:53,4491.57,4491.74,0.17,265
2026.08.19 18:54,2026.08.19 11:54,4490.87,4491.04,0.17,230
2026.08.19 18:55,2026.08.19 11:55,4492.20,4492.37,0.17,275
2026.08.19 18:56,2026.08.19 11:56,4493.00,4493.17,0.17,259
2026.08.19 18:57,2026.08.19 11:57,4493.16,4493.33,0.17,298
2026.08.19 18:58,2026.08.19 11:58,4492.07,4492.24,0.17,314
2026.08.19 18:59,2026.08.19 11:59,4494.15,4494.32,0.17,246
2026.08.19 19:00,2026.08.19 12:00,4496.60,4496.77,0.17,319
2026.08.19 19:01,2026.08.19 12:01,4495.51,4495.68,0.17,323
2026.08.19 19:02,2026.08.19 12:02,4496.06,4496.23,0.17,341
2026.08.19 19:03,2026.08.19 12:03,4495.43,4495.60,0.17,306
2026.08.19 19:04,2026.08.19 12:04,4493.77,4493.94,0.17,286
2026.08.19 19:05,2026.08.19 12:05,4493.54,4493.71,0.17,267
2026.08.19 19:06,2026.08.19 12:06,4492.52,4492.69,0.17,312
2026.08.19 19:07,2026.08.19 12:07,4495.59,4495.76,0.17,262
2026.08.19 19:08,2026.08.19 12:08,4497.20,4497.37,0.17,249
2026.08.19 19:09,2026.08.19 12:09,4496.71,4496.88,0.17,200
2026.08.19 19:10,2026.08.19 12:10,4498.40,4498.57,0.17,226
2026.08.19 19:11,2026.08.19 12:11,4497.79,4497.96,0.17,241
2026.08.19 19:12,2026.08.19 12:12,4498.08,4498.25,0.17,215
2026.08.19 19:13,2026.08.19 12:13,4498.64,4498.81,0.17,250
2026.08.19 19:14,2026.08.19 12:14,4497.28,4497.45,0.17,261
2026.08.19 19:15,2026.08.19 12:15,4498.31,4498.48,0.17,227
2026.08.19 19:16,2026.08.19 12:16,4497.77,4497.94,0.17,250
2026.08.19 19:17,2026.08.19 12:17,4497.98,4498.15,0.17,256
2026.08.19 19:18,2026.08.19 12:18,4496.32,4496.49,0.17,293
2026.08.19 19:19,2026.08.19 12:19,4495.40,4495.57,0.17,259
2026.08.19 19:20,2026.08.19 12:20,4494.83,4495.00,0.17,250
2026.08.19 19:21,2026.08.19 12:21,4494.22,4494.39,0.17,235
2026.08.19 19:22,2026.08.19 12:22,4494.11,4494.28,0.17,221
2026.08.19 19:23,2026.08.19 12:23,4495.93,4496.10,0.17,252
2026.08.19 19:24,2026.08.19 12:24,4494.96,4495.13,0.17,229
2026.08.19 19:25,2026.08.19 12:25,4494.01,4494.18,0.17,241
2026.08.19 19:26,2026.08.19 12:26,4492.24,4492.41,0.17,272
2026.08.19 19:27,2026.08.19 12:27,4492.63,4492.80,0.17,265
2026.08.19 19:28,2026.08.19 12:28,4491.39,4491.56,0.17,264
2026.08.19 19:29,2026.08.19 12:29,4491.85,4492.02,0.17,293
2026.08.19 19:30,2026.08.19 12:30,4491.72,4491.89,0.17,303
2026.08.19 19:31,2026.08.19 12:31,4492.81,4492.98,0.17,257
2026.08.19 19:32,2026.08.19 12:32,4494.82,4494.99,0.17,274
2026.08.19 19:33,2026.08.19 12:33,4493.89,4494.06,0.17,246
2026.08.19 19:34,2026.08.19 12:34,4494.26,4494.43,0.17,257
2026.08.19 19:35,2026.08.19 12:35,4493.07,4493.24,0.17,273
2026.08.19 19:36,2026.08.19 12:36,4492.60,4492.77,0.17,269
2026.08.19 19:37,2026.08.19 12:37,4495.11,4495.28,0.17,258
2026.08.19 19:38,2026.08.19 12:38,4494.99,4495.16,0.17,245
2026.08.19 19:39,2026.08.19 12:39,4496.09,4496.26,0.17,221
2026.08.19 19:40,2026.08.19 12:40,4495.51,4495.68,0.17,204
2026.08.19 19:41,2026.08.19 12:41,4494.74,4494.91,0.17,222
2026.08.19 19:42,2026.08.19 12:42,4494.87,4495.04,0.17,240
2026.08.19 19:43,2026.08.19 12:43,4495.77,4495.94,0.17,251
2026.08.19 19:44,2026.08.19 12:44,4494.58,4494.75,0.17,219
2026.08.19 19:45,2026.08.19 12:45,4495.90,4496.07,0.17,235
2026.08.19 19:46,2026.08.19 12:46,4494.92,4495.09,0.17,187
2026.08.19 19:47,2026.08.19 12:47,4494.38,4494.55,0.17,210
2026.08.19 19:48,2026.08.19 12:48,4494.64,4494.81,0.17,232
2026.08.19 19:49,2026.08.19 12:49,4494.65,4494.82,0.17,255
2026.08.19 19:50,2026.08.19 12:50,4494.48,4494.65,0.17,266
2026.08.19 19:51,2026.08.19 12:51,4496.44,4496.61,0.17,251
2026.08.19 19:52,2026.08.19 12:52,4496.92,4497.09,0.17,213
2026.08.19 19:53,2026.08.19 12:53,4494.57,4494.74,0.17,248
2026.08.19 19:54,2026.08.19 12:54,4493.58,4493.75,0.17,236
2026.08.19 19:55,2026.08.19 12:55,4493.97,4494.14,0.17,231
2026.08.19 19:56,2026.08.19 12:56,4494.12,4494.29,0.17,238
2026.08.19 19:57,2026.08.19 12:57,4494.58,4494.75,0.17,229
2026.08.19 19:58,2026.08.19 12:58,4494.62,4494.79,0.17,235
2026.08.19 19:59,2026.08.19 12:59,4493.58,4493.75,0.17,227
2026.08.19 20:00,2026.08.19 13:00,4497.65,4497.82,0.17,319
2026.08.19 20:01,2026.08.19 13:01,4497.41,4497.58,0.17,275
2026.08.19 20:02,2026.08.19 13:02,4496.83,4497.00,0.17,304
2026.08.19 20:03,2026.08.19 13:03,4497.02,4497.19,0.17,322
2026.08.19 20:04,2026.08.19 13:04,4496.62,4496.79,0.17,295
2026.08.19 20:05,2026.08.19 13:05,4495.58,4495.75,0.17,251
2026.08.19 20:06,2026.08.19 13:06,4495.82,4495.99,0.17,272
2026.08.19 20:07,2026.08.19 13:07,4492.55,4492.72,0.17,326
2026.08.19 20:08,2026.08.19 13:08,4492.57,4492.74,0.17,290
2026.08.19 20:09,2026.08.19 13:09,4493.33,4493.50,0.17,278
2026.08.19 20:10,2026.08.19 13:10,4492.16,4492.33,0.17,281
2026.08.19 20:11,2026.08.19 13:11,4490.37,4490.54,0.17,309
2026.08.19 20:12,2026.08.19 13:12,4492.52,4492.69,0.17,287
2026.08.19 20:13,2026.08.19 13:13,4491.76,4491.93,0.17,235
2026.08.19 20:14,2026.08.19 13:14,4491.32,4491.49,0.17,267
2026.08.19 20:15,2026.08.19 13:15,4490.27,4490.44,0.17,239
2026.08.19 20:16,2026.08.19 13:16,4490.37,4490.54,0.17,235
2026.08.19 20:17,2026.08.19 13:17,4489.47,4489.64,0.17,238
2026.08.19 20:18,2026.08.19 13:18,4488.31,4488.48,0.17,316
2026.08.19 20:19,2026.08.19 13:19,4489.88,4490.05,0.17,229
2026.08.19 20:20,2026.08.19 13:20,4488.58,4488.75,0.17,243
2026.08.19 20:21,2026.08.19 13:21,4489.41,4489.58,0.17,244
2026.08.19 20:22,2026.08.19 13:22,4488.15,4488.32,0.17,193
2026.08.19 20:23,2026.08.19 13:23,4489.37,4489.55,0.18,256
2026.08.19 20:24,2026.08.19 13:24,4489.02,4489.20,0.18,247
2026.08.19 20:25,2026.08.19 13:25,4488.97,4489.14,0.17,215
2026.08.19 20:26,2026.08.19 13:26,4487.82,4487.99,0.17,209
2026.08.19 20:27,2026.08.19 13:27,4486.44,4486.61,0.17,263
2026.08.19 20:28,2026.08.19 13:28,4486.95,4487.12,0.17,234
2026.08.19 20:29,2026.08.19 13:29,4487.39,4487.56,0.17,355
2026.08.19 20:30,2026.08.19 13:30,4484.99,4485.16,0.17,269
2026.08.19 20:31,2026.08.19 13:31,4485.77,4485.94,0.17,303
2026.08.19 20:32,2026.08.19 13:32,4486.71,4486.88,0.17,224
2026.08.19 20:33,2026.08.19 13:33,4488.84,4489.01,0.17,252
2026.08.19 20:34,2026.08.19 13:34,4488.39,4488.56,0.17,222
2026.08.19 20:35,2026.08.19 13:35,4487.55,4487.72,0.17,240
2026.08.19 20:36,2026.08.19 13:36,4488.76,4488.93,0.17,259
2026.08.19 20:37,2026.08.19 13:37,4488.98,4489.15,0.17,239
2026.08.19 20:38,2026.08.19 13:38,4489.03,4489.20,0.17,195
2026.08.19 20:39,2026.08.19 13:39,4488.76,4488.93,0.17,214
2026.08.19 20:40,2026.08.19 13:40,4487.23,4487.40,0.17,241
2026.08.19 20:41,2026.08.19 13:41,4490.55,4490.72,0.17,259
2026.08.19 20:42,2026.08.19 13:42,4490.82,4490.99,0.17,259
2026.08.19 20:43,2026.08.19 13:43,4490.31,4490.48,0.17,257
2026.08.19 20:44,2026.08.19 13:44,4489.01,4489.18,0.17,204
2026.08.19 20:45,2026.08.19 13:45,4489.11,4489.28,0.17,229
2026.08.19 20:46,2026.08.19 13:46,4488.44,4488.61,0.17,183
2026.08.19 20:47,2026.08.19 13:47,4488.25,4488.42,0.17,204
2026.08.19 20:48,2026.08.19 13:48,4488.93,4489.10,0.17,190
2026.08.19 20:49,2026.08.19 13:49,4488.64,4488.81,0.17,217
2026.08.19 20:50,2026.08.19 13:50,4488.45,4488.62,0.17,195
2026.08.19 20:51,2026.08.19 13:51,4488.13,4488.30,0.17,206
2026.08.19 20:52,2026.08.19 13:52,4486.69,4486.86,0.17,239
2026.08.19 20:53,2026.08.19 13:53,4486.63,4486.80,0.17,243
2026.08.19 20:54,2026.08.19 13:54,4486.27,4486.44,0.17,185
2026.08.19 20:55,2026.08.19 13:55,4485.50,4485.67,0.17,189
2026.08.19 20:56,2026.08.19 13:56,4485.53,4485.70,0.17,157
2026.08.19 20:57,2026.08.19 13:57,4485.09,4485.26,0.17,173
2026.08.19 20:58,2026.08.19 13:58,4486.59,4486.76,0.17,133
2026.08.19 20:59,2026.08.19 13:59,4486.45,4486.62,0.17,128
2026.08.19 21:00,2026.08.19 14:00,4490.58,4490.75,0.17,307
2026.08.19 21:01,2026.08.19 14:01,4491.71,4491.91,0.20,278
2026.08.19 21:02,2026.08.19 14:02,4493.06,4493.23,0.17,309
2026.08.19 21:03,2026.08.19 14:03,4493.32,4493.49,0.17,297
2026.08.19 21:04,2026.08.19 14:04,4494.89,4495.06,0.17,311
2026.08.19 21:05,2026.08.19 14:05,4488.77,4488.94,0.17,363
2026.08.19 21:06,2026.08.19 14:06,4488.48,4488.65,0.17,345
2026.08.19 21:07,2026.08.19 14:07,4489.00,4489.17,0.17,354
2026.08.19 21:08,2026.08.19 14:08,4488.90,4489.07,0.17,285
2026.08.19 21:09,2026.08.19 14:09,4488.79,4488.99,0.20,258
2026.08.19 21:10,2026.08.19 14:10,4487.23,4487.51,0.28,241
2026.08.19 21:11,2026.08.19 14:11,4488.70,4488.87,0.17,232
2026.08.19 21:12,2026.08.19 14:12,4489.49,4489.66,0.17,202
2026.08.19 21:13,2026.08.19 14:13,4489.88,4490.09,0.21,212
2026.08.19 21:14,2026.08.19 14:14,4486.81,4487.00,0.19,188
2026.08.19 21:15,2026.08.19 14:15,4484.64,4484.81,0.17,204
2026.08.19 21:16,2026.08.19 14:16,4484.29,4484.46,0.17,241
2026.08.19 21:17,2026.08.19 14:17,4482.60,4482.77,0.17,242
2026.08.19 21:18,2026.08.19 14:18,4484.87,4485.04,0.17,310
2026.08.19 21:19,2026.08.19 14:19,4483.68,4483.85,0.17,233
2026.08.19 21:20,2026.08.19 14:20,4484.32,4484.49,0.17,259
2026.08.19 21:21,2026.08.19 14:21,4483.49,4483.66,0.17,278
2026.08.19 21:22,2026.08.19 14:22,4482.46,4482.63,0.17,275
2026.08.19 21:23,2026.08.19 14:23,4482.31,4482.48,0.17,269
2026.08.19 21:24,2026.08.19 14:24,4481.32,4481.49,0.17,233
2026.08.19 21:25,2026.08.19 14:25,4481.24,4481.41,0.17,262
2026.08.19 21:26,2026.08.19 14:26,4479.09,4479.26,0.17,286
2026.08.19 21:27,2026.08.19 14:27,4475.63,4475.80,0.17,326
2026.08.19 21:28,2026.08.19 14:28,4474.23,4474.40,0.17,329
2026.08.19 21:29,2026.08.19 14:29,4475.16,4475.33,0.17,345
2026.08.19 21:30,2026.08.19 14:30,4474.29,4474.46,0.17,349
2026.08.19 21:31,2026.08.19 14:31,4473.60,4473.77,0.17,349
2026.08.19 21:32,2026.08.19 14:32,4477.90,4478.07,0.17,302
2026.08.19 21:33,2026.08.19 14:33,4477.35,4477.52,0.17,269
2026.08.19 21:34,2026.08.19 14:34,4481.96,4482.13,0.17,290
2026.08.19 21:35,2026.08.19 14:35,4481.06,4481.23,0.17,308
2026.08.19 21:36,2026.08.19 14:36,4479.41,4479.58,0.17,265
2026.08.19 21:37,2026.08.19 14:37,4480.31,4480.48,0.17,261
2026.08.19 21:38,2026.08.19 14:38,4481.69,4481.86,0.17,272
2026.08.19 21:39,2026.08.19 14:39,4484.12,4484.29,0.17,305
2026.08.19 21:40,2026.08.19 14:40,4488.69,4488.86,0.17,337
2026.08.19 21:41,2026.08.19 14:41,4489.95,4490.12,0.17,316
2026.08.19 21:42,2026.08.19 14:42,4491.36,4491.53,0.17,237
2026.08.19 21:43,2026.08.19 14:43,4490.51,4490.68,0.17,222
2026.08.19 21:44,2026.08.19 14:44,4490.23,4490.40,0.17,217
2026.08.19 21:45,2026.08.19 14:45,4490.28,4490.45,0.17,220
2026.08.19 21:46,2026.08.19 14:46,4490.32,4490.49,0.17,240
2026.08.19 21:47,2026.08.19 14:47,4490.21,4490.38,0.17,219
2026.08.19 21:48,2026.08.19 14:48,4490.55,4490.72,0.17,188
2026.08.19 21:49,2026.08.19 14:49,4491.76,4491.93,0.17,201
2026.08.19 21:50,2026.08.19 14:50,4491.83,4492.00,0.17,200
2026.08.19 21:51,2026.08.19 14:51,4492.66,4492.83,0.17,208
2026.08.19 21:52,2026.08.19 14:52,4492.48,4492.65,0.17,195
2026.08.19 21:53,2026.08.19 14:53,4496.20,4496.37,0.17,220
2026.08.19 21:54,2026.08.19 14:54,4495.39,4495.59,0.20,231
2026.08.19 21:55,2026.08.19 14:55,4495.12,4495.31,0.19,187
2026.08.19 21:56,2026.08.19 14:56,4494.32,4494.49,0.17,213
2026.08.19 21:57,2026.08.19 14:57,4495.47,4495.64,0.17,188
2026.08.19 21:58,2026.08.19 14:58,4494.97,4495.14,0.17,195
2026.08.19 21:59,2026.08.19 14:59,4495.53,4495.70,0.17,218
2026.08.19 22:00,2026.08.19 15:00,4496.46,4496.63,0.17,241
2026.08.19 22:01,2026.08.19 15:01,4495.46,4495.63,0.17,265
2026.08.19 22:02,2026.08.19 15:02,4496.00,4496.17,0.17,233
2026.08.19 22:03,2026.08.19 15:03,4497.90,4498.07,0.17,191
2026.08.19 22:04,2026.08.19 15:04,4496.71,4496.88,0.17,206
2026.08.19 22:05,2026.08.19 15:05,4497.12,4497.29,0.17,246
2026.08.19 22:06,2026.08.19 15:06,4496.46,4496.63,0.17,228
2026.08.19 22:07,2026.08.19 15:07,4497.64,4497.81,0.17,274
2026.08.19 22:08,2026.08.19 15:08,4502.74,4502.91,0.17,281
2026.08.19 22:09,2026.08.19 15:09,4504.41,4504.58,0.17,326
2026.08.19 22:10,2026.08.19 15:10,4503.79,4503.96,0.17,265
2026.08.19 22:11,2026.08.19 15:11,4503.83,4504.02,0.19,204
2026.08.19 22:12,2026.08.19 15:12,4504.37,4504.58,0.21,163
2026.08.19 22:13,2026.08.19 15:13,4503.25,4503.44,0.19,205
2026.08.19 22:14,2026.08.19 15:14,4504.32,4504.49,0.17,132
2026.08.19 22:15,2026.08.19 15:15,4504.80,4504.97,0.17,243
2026.08.19 22:16,2026.08.19 15:16,4504.38,4504.55,0.17,251
2026.08.19 22:17,2026.08.19 15:17,4504.72,4504.89,0.17,258
2026.08.19 22:18,2026.08.19 15:18,4505.48,4505.65,0.17,235
2026.08.19 22:19,2026.08.19 15:19,4504.01,4504.18,0.17,218
2026.08.19 22:20,2026.08.19 15:20,4503.24,4503.41,0.17,196
2026.08.19 22:21,2026.08.19 15:21,4503.12,4503.29,0.17,209
2026.08.19 22:22,2026.08.19 15:22,4503.67,4503.84,0.17,253
2026.08.19 22:23,2026.08.19 15:23,4504.33,4504.50,0.17,196
2026.08.19 22:24,2026.08.19 15:24,4505.23,4505.40,0.17,211
2026.08.19 22:25,2026.08.19 15:25,4505.46,4505.63,0.17,216
2026.08.19 22:26,2026.08.19 15:26,4503.83,4504.00,0.17,249
2026.08.19 22:27,2026.08.19 15:27,4505.42,4505.59,0.17,262
2026.08.19 22:28,2026.08.19 15:28,4506.81,4506.98,0.17,303
2026.08.19 22:29,2026.08.19 15:29,4508.06,4508.23,0.17,244
2026.08.19 22:30,2026.08.19 15:30,4507.46,4507.63,0.17,265
2026.08.19 22:31,2026.08.19 15:31,4507.95,4508.12,0.17,245
2026.08.19 22:32,2026.08.19 15:32,4509.02,4509.19,0.17,199
2026.08.19 22:33,2026.08.19 15:33,4509.53,4509.70,0.17,281
2026.08.19 22:34,2026.08.19 15:34,4509.28,4509.45,0.17,259
2026.08.19 22:35,2026.08.19 15:35,4509.55,4509.72,0.17,256
2026.08.19 22:36,2026.08.19 15:36,4506.83,4507.00,0.17,267
2026.08.19 22:37,2026.08.19 15:37,4505.38,4505.55,0.17,317
2026.08.19 22:38,2026.08.19 15:38,4506.19,4506.36,0.17,246
2026.08.19 22:39,2026.08.19 15:39,4506.72,4506.89,0.17,259
2026.08.19 22:40,2026.08.19 15:40,4505.88,4506.05,0.17,287
2026.08.19 22:41,2026.08.19 15:41,4503.63,4503.80,0.17,266
2026.08.19 22:42,2026.08.19 15:42,4505.73,4505.94,0.21,270
2026.08.19 22:43,2026.08.19 15:43,4505.93,4506.10,0.17,296
2026.08.19 22:44,2026.08.19 15:44,4507.59,4507.76,0.17,227
2026.08.19 22:45,2026.08.19 15:45,4506.38,4506.55,0.17,308
2026.08.19 22:46,2026.08.19 15:46,4505.89,4506.06,0.17,278
2026.08.19 22:47,2026.08.19 15:47,4507.48,4507.66,0.18,250
2026.08.19 22:48,2026.08.19 15:48,4510.76,4510.93,0.17,310
2026.08.19 22:49,2026.08.19 15:49,4511.50,4511.72,0.22,266
2026.08.19 22:50,2026.08.19 15:50,4510.78,4510.95,0.17,346
2026.08.19 22:51,2026.08.19 15:51,4510.98,4511.16,0.18,319
2026.08.19 22:52,2026.08.19 15:52,4510.94,4511.11,0.17,269
2026.08.19 22:53,2026.08.19 15:53,4509.35,4509.52,0.17,269
2026.08.19 22:54,2026.08.19 15:54,4511.98,4512.15,0.17,289
2026.08.19 22:55,2026.08.19 15:55,4511.03,4511.20,0.17,278
2026.08.19 22:56,2026.08.19 15:56,4511.54,4511.71,0.17,238
2026.08.19 22:57,2026.08.19 15:57,4509.66,4509.83,0.17,296
2026.08.19 22:58,2026.08.19 15:58,4511.64,4511.81,0.17,365
2026.08.19 22:59,2026.08.19 15:59,4511.65,4511.82,0.17,306
2026.08.19 23:00,2026.08.19 16:00,4509.71,4509.88,0.17,220
2026.08.19 23:01,2026.08.19 16:01,4510.82,4510.99,0.17,138
2026.08.19 23:02,2026.08.19 16:02,4509.55,4509.72,0.17,129
2026.08.19 23:03,2026.08.19 16:03,4509.15,4509.32,0.17,91
2026.08.19 23:04,2026.08.19 16:04,4509.25,4509.44,0.19,102
2026.08.19 23:05,2026.08.19 16:05,4508.89,4509.07,0.18,121
2026.08.19 23:06,2026.08.19 16:06,4509.23,4509.40,0.17,117
2026.08.19 23:07,2026.08.19 16:07,4509.19,4509.39,0.20,78
2026.08.19 23:08,2026.08.19 16:08,4509.35,4509.52,0.17,77
2026.08.19 23:09,2026.08.19 16:09,4510.61,4510.78,0.17,82
2026.08.19 23:10,2026.08.19 16:10,4511.22,4511.39,0.17,115
2026.08.19 23:11,2026.08.19 16:11,4508.79,4508.99,0.20,106
2026.08.19 23:12,2026.08.19 16:12,4507.51,4507.69,0.18,119
2026.08.19 23:13,2026.08.19 16:13,4506.36,4506.53,0.17,104
2026.08.19 23:14,2026.08.19 16:14,4507.20,4507.43,0.23,133
2026.08.19 23:15,2026.08.19 16:15,4506.98,4507.16,0.18,68
2026.08.19 23:16,2026.08.19 16:16,4508.24,4508.44,0.20,80
2026.08.19 23:17,2026.08.19 16:17,4508.31,4508.48,0.17,78
2026.08.19 23:18,2026.08.19 16:18,4510.96,4511.14,0.18,73
2026.08.19 23:19,2026.08.19 16:19,4510.44,4510.63,0.19,95
2026.08.19 23:20,2026.08.19 16:20,4511.43,4511.60,0.17,113
2026.08.19 23:21,2026.08.19 16:21,4511.73,4511.90,0.17,102
2026.08.19 23:22,2026.08.19 16:22,4512.33,4512.50,0.17,59
2026.08.19 23:23,2026.08.19 16:23,4512.96,4513.15,0.19,112
2026.08.19 23:24,2026.08.19 16:24,4519.15,4519.37,0.22,93
2026.08.19 23:25,2026.08.19 16:25,4519.48,4519.65,0.17,207
2026.08.19 23:26,2026.08.19 16:26,4520.61,4520.82,0.21,196
2026.08.19 23:27,2026.08.19 16:27,4520.09,4520.37,0.28,150
2026.08.19 23:28,2026.08.19 16:28,4518.00,4518.22,0.22,114
2026.08.19 23:29,2026.08.19 16:29,4518.89,4519.06,0.17,116
2026.08.19 23:30,2026.08.19 16:30,4520.09,4520.26,0.17,119
2026.08.19 23:31,2026.08.19 16:31,4521.02,4521.19,0.17,95
2026.08.19 23:32,2026.08.19 16:32,4522.03,4522.20,0.17,123
2026.08.19 23:33,2026.08.19 16:33,4523.08,4523.25,0.17,134
2026.08.19 23:34,2026.08.19 16:34,4520.68,4520.85,0.17,162
2026.08.19 23:35,2026.08.19 16:35,4520.96,4521.13,0.17,95
2026.08.19 23:36,2026.08.19 16:36,4519.45,4519.62,0.17,98
2026.08.19 23:37,2026.08.19 16:37,4519.15,4519.32,0.17,101
2026.08.19 23:38,2026.08.19 16:38,4518.99,4519.16,0.17,53
2026.08.19 23:39,2026.08.19 16:39,4520.20,4520.37,0.17,89
2026.08.19 23:40,2026.08.19 16:40,4519.69,4519.86,0.17,57
2026.08.19 23:41,2026.08.19 16:41,4520.08,4520.25,0.17,95
2026.08.19 23:42,2026.08.19 16:42,4519.94,4520.11,0.17,93
2026.08.19 23:43,2026.08.19 16:43,4519.94,4520.11,0.17,105
2026.08.19 23:44,2026.08.19 16:44,4519.73,4519.90,0.17,92
2026.08.19 23:45,2026.08.19 16:45,4520.51,4520.68,0.17,110
2026.08.19 23:46,2026.08.19 16:46,4521.74,4521.91,0.17,91
2026.08.19 23:47,2026.08.19 16:47,4521.45,4521.62,0.17,94
2026.08.19 23:48,2026.08.19 16:48,4521.32,4521.49,0.17,84
2026.08.19 23:49,2026.08.19 16:49,4521.26,4521.43,0.17,106
2026.08.19 23:50,2026.08.19 16:50,4522.37,4522.54,0.17,186
2026.08.19 23:51,2026.08.19 16:51,4522.16,4522.39,0.23,160
2026.08.19 23:52,2026.08.19 16:52,4522.82,4522.99,0.17,114
2026.08.19 23:53,2026.08.19 16:53,4521.95,4522.13,0.18,84
2026.08.19 23:54,2026.08.19 16:54,4520.77,4521.40,0.63,128
2026.08.20 01:05,2026.08.19 18:05,4522.16,4522.53,0.37,137
2026.08.20 01:06,2026.08.19 18:06,4522.55,4522.72,0.17,177
2026.08.20 01:07,2026.08.19 18:07,4521.34,4521.51,0.17,145
2026.08.20 01:08,2026.08.19 18:08,4520.76,4520.96,0.20,123
2026.08.20 01:09,2026.08.19 18:09,4520.38,4520.55,0.17,124
2026.08.20 01:10,2026.08.19 18:10,4518.99,4519.16,0.17,139
2026.08.20 01:11,2026.08.19 18:11,4519.47,4519.64,0.17,128
2026.08.20 01:12,2026.08.19 18:12,4520.49,4520.66,0.17,142
2026.08.20 01:13,2026.08.19 18:13,4520.81,4521.10,0.29,93
2026.08.20 01:14,2026.08.19 18:14,4519.80,4520.01,0.21,178
2026.08.20 01:15,2026.08.19 18:15,4520.13,4520.30,0.17,122
2026.08.20 01:16,2026.08.19 18:16,4519.57,4519.74,0.17,74
2026.08.20 01:17,2026.08.19 18:17,4519.93,4520.11,0.18,93
2026.08.20 01:18,2026.08.19 18:18,4519.89,4520.18,0.29,71
2026.08.20 01:19,2026.08.19 18:19,4519.99,4520.24,0.25,89
2026.08.20 01:20,2026.08.19 18:20,4519.67,4519.86,0.19,67
2026.08.20 01:21,2026.08.19 18:21,4520.32,4520.56,0.24,27
2026.08.20 01:22,2026.08.19 18:22,4520.25,4520.49,0.24,86
2026.08.20 01:23,2026.08.19 18:23,4520.57,4520.80,0.23,72
2026.08.20 01:24,2026.08.19 18:24,4521.44,4521.65,0.21,66
2026.08.20 01:25,2026.08.19 18:25,4520.87,4521.06,0.19,76
2026.08.20 01:26,2026.08.19 18:26,4520.12,4520.29,0.17,70
2026.08.20 01:27,2026.08.19 18:27,4520.30,4520.47,0.17,82
2026.08.20 01:28,2026.08.19 18:28,4520.13,4520.30,0.17,54
2026.08.20 01:29,2026.08.19 18:29,4520.15,4520.32,0.17,73
2026.08.20 01:30,2026.08.19 18:30,4521.23,4521.40,0.17,77
2026.08.20 01:31,2026.08.19 18:31,4522.07,4522.24,0.17,88
2026.08.20 01:32,2026.08.19 18:32,4519.38,4519.59,0.21,119
2026.08.20 01:33,2026.08.19 18:33,4518.73,4518.90,0.17,140
2026.08.20 01:34,2026.08.19 18:34,4519.29,4519.46,0.17,102
2026.08.20 01:35,2026.08.19 18:35,4519.11,4519.28,0.17,101
2026.08.20 01:36,2026.08.19 18:36,4518.91,4519.08,0.17,97
2026.08.20 01:37,2026.08.19 18:37,4519.33,4519.50,0.17,113
2026.08.20 01:38,2026.08.19 18:38,4518.27,4518.44,0.17,72
2026.08.20 01:39,2026.08.19 18:39,4518.16,4518.33,0.17,73
2026.08.20 01:40,2026.08.19 18:40,4519.43,4519.60,0.17,104
2026.08.20 01:41,2026.08.19 18:41,4518.97,4519.14,0.17,71
2026.08.20 01:42,2026.08.19 18:42,4518.14,4518.31,0.17,100
2026.08.20 01:43,2026.08.19 18:43,4518.73,4518.90,0.17,87
2026.08.20 01:44,2026.08.19 18:44,4517.94,4518.11,0.17,83
2026.08.20 01:45,2026.08.19 18:45,4518.93,4519.10,0.17,96
2026.08.20 01:46,2026.08.19 18:46,4519.52,4519.69,0.17,101
2026.08.20 01:47,2026.08.19 18:47,4519.95,4520.13,0.18,76
2026.08.20 01:48,2026.08.19 18:48,4520.83,4521.00,0.17,69
2026.08.20 01:49,2026.08.19 18:49,4519.66,4519.83,0.17,74
2026.08.20 01:50,2026.08.19 18:50,4520.87,4521.04,0.17,52
2026.08.20 01:51,2026.08.19 18:51,4521.19,4521.36,0.17,66
2026.08.20 01:52,2026.08.19 18:52,4520.10,4520.27,0.17,77
2026.08.20 01:53,2026.08.19 18:53,4519.38,4519.55,0.17,75
2026.08.20 01:54,2026.08.19 18:54,4519.48,4519.65,0.17,79
2026.08.20 01:55,2026.08.19 18:55,4519.98,4520.15,0.17,73
2026.08.20 01:56,2026.08.19 18:56,4519.20,4519.37,0.17,154
2026.08.20 01:57,2026.08.19 18:57,4519.54,4519.71,0.17,42
2026.08.20 01:58,2026.08.19 18:58,4517.66,4517.94,0.28,52
2026.08.20 01:59,2026.08.19 18:59,4518.17,4518.45,0.28,183
2026.08.20 02:00,2026.08.19 19:00,4521.76,4522.06,0.30,163
2026.08.20 02:01,2026.08.19 19:01,4523.08,4523.30,0.22,187
2026.08.20 02:02,2026.08.19 19:02,4518.74,4518.97,0.23,185
2026.08.20 02:03,2026.08.19 19:03,4520.38,4520.56,0.18,208
2026.08.20 02:04,2026.08.19 19:04,4521.71,4521.90,0.19,114
2026.08.20 02:05,2026.08.19 19:05,4522.52,4522.69,0.17,120
2026.08.20 02:06,2026.08.19 19:06,4522.78,4523.02,0.24,138
2026.08.20 02:07,2026.08.19 19:07,4522.26,4522.43,0.17,129
2026.08.20 02:08,2026.08.19 19:08,4521.95,4522.16,0.21,112
2026.08.20 02:09,2026.08.19 19:09,4521.08,4521.25,0.17,95
2026.08.20 02:10,2026.08.19 19:10,4519.95,4520.14,0.19,97
2026.08.20 02:11,2026.08.19 19:11,4520.16,4520.33,0.17,57
2026.08.20 02:12,2026.08.19 19:12,4520.51,4520.68,0.17,64
2026.08.20 02:13,2026.08.19 19:13,4520.18,4520.35,0.17,87
2026.08.20 02:14,2026.08.19 19:14,4518.83,4519.00,0.17,54
2026.08.20 02:15,2026.08.19 19:15,4518.76,4518.93,0.17,79
2026.08.20 02:16,2026.08.19 19:16,4518.63,4518.80,0.17,54
2026.08.20 02:17,2026.08.19 19:17,4519.08,4519.25,0.17,72
2026.08.20 02:18,2026.08.19 19:18,4519.71,4519.88,0.17,70
2026.08.20 02:19,2026.08.19 19:19,4519.65,4519.82,0.17,73
2026.08.20 02:20,2026.08.19 19:20,4519.73,4519.90,0.17,86
2026.08.20 02:21,2026.08.19 19:21,4519.07,4519.24,0.17,137
2026.08.20 02:22,2026.08.19 19:22,4518.55,4518.74,0.19,61
2026.08.20 02:23,2026.08.19 19:23,4517.52,4517.69,0.17,122
2026.08.20 02:24,2026.08.19 19:24,4519.08,4519.25,0.17,96
2026.08.20 02:25,2026.08.19 19:25,4517.58,4517.75,0.17,80
2026.08.20 02:26,2026.08.19 19:26,4516.67,4516.84,0.17,80
2026.08.20 02:27,2026.08.19 19:27,4517.96,4518.13,0.17,91
2026.08.20 02:28,2026.08.19 19:28,4517.43,4517.60,0.17,74
2026.08.20 02:29,2026.08.19 19:29,4518.06,4518.23,0.17,64
2026.08.20 02:30,2026.08.19 19:30,4517.84,4518.03,0.19,80
2026.08.20 02:31,2026.08.19 19:31,4516.54,4516.77,0.23,87
2026.08.20 02:32,2026.08.19 19:32,4516.82,4516.99,0.17,94
2026.08.20 02:33,2026.08.19 19:33,4516.27,4516.44,0.17,67
2026.08.20 02:34,2026.08.19 19:34,4514.82,4514.99,0.17,104
2026.08.20 02:35,2026.08.19 19:35,4514.22,4514.40,0.18,98
2026.08.20 02:36,2026.08.19 19:36,4515.07,4515.24,0.17,102
2026.08.20 02:37,2026.08.19 19:37,4514.40,4514.57,0.17,100
2026.08.20 02:38,2026.08.19 19:38,4514.63,4514.80,0.17,77
2026.08.20 02:39,2026.08.19 19:39,4514.11,4514.28,0.17,92
2026.08.20 02:40,2026.08.19 19:40,4514.32,4514.49,0.17,66
2026.08.20 02:41,2026.08.19 19:41,4514.26,4514.44,0.18,73
2026.08.20 02:42,2026.08.19 19:42,4514.08,4514.25,0.17,74
2026.08.20 02:43,2026.08.19 19:43,4515.04,4515.30,0.26,69
2026.08.20 02:44,2026.08.19 19:44,4515.24,4515.43,0.19,101
2026.08.20 02:45,2026.08.19 19:45,4516.21,4516.38,0.17,182
2026.08.20 02:46,2026.08.19 19:46,4515.16,4515.33,0.17,150
2026.08.20 02:47,2026.08.19 19:47,4515.71,4515.88,0.17,61
2026.08.20 02:48,2026.08.19 19:48,4515.24,4515.41,0.17,70
2026.08.20 02:49,2026.08.19 19:49,4514.62,4514.85,0.23,77
2026.08.20 02:50,2026.08.19 19:50,4514.26,4514.46,0.20,63
2026.08.20 02:51,2026.08.19 19:51,4515.19,4515.36,0.17,43
2026.08.20 02:52,2026.08.19 19:52,4514.01,4514.18,0.17,96
2026.08.20 02:53,2026.08.19 19:53,4512.46,4512.63,0.17,127
2026.08.20 02:54,2026.08.19 19:54,4512.57,4512.74,0.17,160
2026.08.20 02:55,2026.08.19 19:55,4511.69,4511.86,0.17,160
2026.08.20 02:56,2026.08.19 19:56,4511.49,4511.66,0.17,185
2026.08.20 02:57,2026.08.19 19:57,4512.25,4512.42,0.17,135
2026.08.20 02:58,2026.08.19 19:58,4512.16,4512.33,0.17,162
2026.08.20 02:59,2026.08.19 19:59,4511.50,4511.72,0.22,132
2026.08.20 03:00,2026.08.19 20:00,4515.67,4516.15,0.48,286
2026.08.20 03:01,2026.08.19 20:01,4515.69,4515.89,0.20,283
2026.08.20 03:02,2026.08.19 20:02,4517.18,4517.35,0.17,244
2026.08.20 03:03,2026.08.19 20:03,4515.86,4516.04,0.18,300
2026.08.20 03:04,2026.08.19 20:04,4515.41,4515.61,0.20,190
2026.08.20 03:05,2026.08.19 20:05,4517.05,4517.25,0.20,256
2026.08.20 03:06,2026.08.19 20:06,4514.70,4515.03,0.33,215
2026.08.20 03:07,2026.08.19 20:07,4516.62,4516.80,0.18,217
2026.08.20 03:08,2026.08.19 20:08,4516.99,4517.27,0.28,185
2026.08.20 03:09,2026.08.19 20:09,4513.95,4514.13,0.18,232
2026.08.20 03:10,2026.08.19 20:10,4514.92,4515.26,0.34,214
2026.08.20 03:11,2026.08.19 20:11,4514.98,4515.16,0.18,185
2026.08.20 03:12,2026.08.19 20:12,4513.78,4513.95,0.17,205
2026.08.20 03:13,2026.08.19 20:13,4513.64,4513.91,0.27,161
2026.08.20 03:14,2026.08.19 20:14,4516.13,4516.31,0.18,198
2026.08.20 03:15,2026.08.19 20:15,4515.06,4515.23,0.17,202
2026.08.20 03:16,2026.08.19 20:16,4516.28,4516.47,0.19,218
2026.08.20 03:17,2026.08.19 20:17,4520.32,4520.53,0.21,221
2026.08.20 03:18,2026.08.19 20:18,4520.24,4520.47,0.23,189
2026.08.20 03:19,2026.08.19 20:19,4517.33,4517.53,0.20,201
2026.08.20 03:20,2026.08.19 20:20,4514.07,4514.31,0.24,199
2026.08.20 03:21,2026.08.19 20:21,4511.56,4511.84,0.28,217
2026.08.20 03:22,2026.08.19 20:22,4510.93,4511.21,0.28,188
2026.08.20 03:23,2026.08.19 20:23,4511.76,4511.93,0.17,176
2026.08.20 03:24,2026.08.19 20:24,4511.82,4512.12,0.30,196
2026.08.20 03:25,2026.08.19 20:25,4511.06,4511.23,0.17,190
2026.08.20 03:26,2026.08.19 20:26,4511.17,4511.34,0.17,172
2026.08.20 03:27,2026.08.19 20:27,4510.81,4511.14,0.33,176
2026.08.20 03:28,2026.08.19 20:28,4512.09,4512.29,0.20,177
2026.08.20 03:29,2026.08.19 20:29,4510.02,4510.29,0.27,181
2026.08.20 03:30,2026.08.19 20:30,4512.71,4513.02,0.31,248
2026.08.20 03:31,2026.08.19 20:31,4512.06,4512.35,0.29,161
2026.08.20 03:32,2026.08.19 20:32,4510.75,4511.06,0.31,190
2026.08.20 03:33,2026.08.19 20:33,4511.49,4511.71,0.22,134
2026.08.20 03:34,2026.08.19 20:34,4511.13,4511.33,0.20,120
2026.08.20 03:35,2026.08.19 20:35,4509.22,4509.55,0.33,193
2026.08.20 03:36,2026.08.19 20:36,4511.10,4511.34,0.24,117
2026.08.20 03:37,2026.08.19 20:37,4510.69,4511.00,0.31,94
2026.08.20 03:38,2026.08.19 20:38,4509.78,4509.95,0.17,129
2026.08.20 03:39,2026.08.19 20:39,4509.41,4509.58,0.17,137
2026.08.20 03:40,2026.08.19 20:40,4508.00,4508.19,0.19,105
2026.08.20 03:41,2026.08.19 20:41,4505.64,4505.81,0.17,185
2026.08.20 03:42,2026.08.19 20:42,4504.48,4504.65,0.17,227
2026.08.20 03:43,2026.08.19 20:43,4505.07,4505.24,0.17,175
2026.08.20 03:44,2026.08.19 20:44,4505.69,4505.86,0.17,165
2026.08.20 03:45,2026.08.19 20:45,4507.11,4507.28,0.17,200
2026.08.20 03:46,2026.08.19 20:46,4506.44,4506.68,0.24,177
2026.08.20 03:47,2026.08.19 20:47,4506.63,4506.84,0.21,161
2026.08.20 03:48,2026.08.19 20:48,4507.68,4507.96,0.28,189
2026.08.20 03:49,2026.08.19 20:49,4508.02,4508.20,0.18,151
2026.08.20 03:50,2026.08.19 20:50,4507.99,4508.23,0.24,152
2026.08.20 03:51,2026.08.19 20:51,4506.87,4507.13,0.26,180
2026.08.20 03:52,2026.08.19 20:52,4506.84,4507.06,0.22,182
2026.08.20 03:53,2026.08.19 20:53,4505.71,4505.95,0.24,153
2026.08.20 03:54,2026.08.19 20:54,4505.82,4505.99,0.17,216
2026.08.20 03:55,2026.08.19 20:55,4505.48,4505.65,0.17,154
2026.08.20 03:56,2026.08.19 20:56,4506.31,4506.48,0.17,202
2026.08.20 03:57,2026.08.19 20:57,4508.32,4508.49,0.17,191
2026.08.20 03:58,2026.08.19 20:58,4504.59,4504.88,0.29,220
2026.08.20 03:59,2026.08.19 20:59,4505.58,4506.05,0.47,258
2026.08.20 04:00,2026.08.19 21:00,4504.51,4504.69,0.18,449
2026.08.20 04:01,2026.08.19 21:01,4500.15,4500.49,0.34,352
2026.08.20 04:02,2026.08.19 21:02,4494.01,4494.42,0.41,315
2026.08.20 04:03,2026.08.19 21:03,4494.09,4494.26,0.17,319
2026.08.20 04:04,2026.08.19 21:04,4494.47,4494.92,0.45,286
2026.08.20 04:05,2026.08.19 21:05,4494.39,4494.73,0.34,289
2026.08.20 04:06,2026.08.19 21:06,4493.31,4493.61,0.30,263
2026.08.20 04:07,2026.08.19 21:07,4496.70,4497.03,0.33,284
2026.08.20 04:08,2026.08.19 21:08,4497.48,4497.77,0.29,297
2026.08.20 04:09,2026.08.19 21:09,4495.86,4496.15,0.29,255
2026.08.20 04:10,2026.08.19 21:10,4493.77,4493.98,0.21,292
2026.08.20 04:11,2026.08.19 21:11,4494.22,4494.43,0.21,257
2026.08.20 04:12,2026.08.19 21:12,4494.27,4494.55,0.28,250
2026.08.20 04:13,2026.08.19 21:13,4493.92,4494.12,0.20,251
2026.08.20 04:14,2026.08.19 21:14,4494.58,4494.81,0.23,220
2026.08.20 04:15,2026.08.19 21:15,4495.27,4495.51,0.24,317
2026.08.20 04:16,2026.08.19 21:16,4494.76,4494.93,0.17,282
2026.08.20 04:17,2026.08.19 21:17,4496.43,4496.60,0.17,271
2026.08.20 04:18,2026.08.19 21:18,4495.67,4496.02,0.35,225
2026.08.20 04:19,2026.08.19 21:19,4500.88,4501.05,0.17,250
2026.08.20 04:20,2026.08.19 21:20,4501.69,4501.86,0.17,277
2026.08.20 04:21,2026.08.19 21:21,4502.05,4502.22,0.17,290
2026.08.20 04:22,2026.08.19 21:22,4501.84,4502.01,0.17,293
2026.08.20 04:23,2026.08.19 21:23,4500.80,4500.97,0.17,288
2026.08.20 04:24,2026.08.19 21:24,4501.56,4501.73,0.17,214
2026.08.20 04:25,2026.08.19 21:25,4499.19,4499.50,0.31,253
2026.08.20 04:26,2026.08.19 21:26,4498.47,4498.64,0.17,207
2026.08.20 04:27,2026.08.19 21:27,4501.67,4501.88,0.21,201
2026.08.20 04:28,2026.08.19 21:28,4501.64,4501.81,0.17,257
2026.08.20 04:29,2026.08.19 21:29,4497.58,4497.75,0.17,169
2026.08.20 04:30,2026.08.19 21:30,4501.18,4501.35,0.17,385
2026.08.20 04:31,2026.08.19 21:31,4498.54,4498.71,0.17,308
2026.08.20 04:32,2026.08.19 21:32,4498.35,4498.53,0.18,263
2026.08.20 04:33,2026.08.19 21:33,4500.12,4500.35,0.23,321
2026.08.20 04:34,2026.08.19 21:34,4498.71,4498.94,0.23,328
2026.08.20 04:35,2026.08.19 21:35,4496.91,4497.08,0.17,280
2026.08.20 04:36,2026.08.19 21:36,4496.12,4496.32,0.20,283
2026.08.20 04:37,2026.08.19 21:37,4497.02,4497.20,0.18,273
2026.08.20 04:38,2026.08.19 21:38,4496.76,4497.06,0.30,250
2026.08.20 04:39,2026.08.19 21:39,4495.28,4495.45,0.17,294
2026.08.20 04:40,2026.08.19 21:40,4497.84,4498.17,0.33,274
2026.08.20 04:41,2026.08.19 21:41,4495.45,4495.64,0.19,277
2026.08.20 04:42,2026.08.19 21:42,4495.36,4495.53,0.17,210
2026.08.20 04:43,2026.08.19 21:43,4495.10,4495.27,0.17,207
2026.08.20 04:44,2026.08.19 21:44,4493.81,4493.98,0.17,233
2026.08.20 04:45,2026.08.19 21:45,4494.39,4494.56,0.17,231
2026.08.20 04:46,2026.08.19 21:46,4494.02,4494.21,0.19,229
2026.08.20 04:47,2026.08.19 21:47,4492.47,4492.65,0.18,244
2026.08.20 04:48,2026.08.19 21:48,4492.98,4493.15,0.17,179
2026.08.20 04:49,2026.08.19 21:49,4490.12,4490.30,0.18,257
2026.08.20 04:50,2026.08.19 21:50,4489.80,4489.97,0.17,215
2026.08.20 04:51,2026.08.19 21:51,4488.79,4488.96,0.17,209
2026.08.20 04:52,2026.08.19 21:52,4488.26,4488.49,0.23,204
2026.08.20 04:53,2026.08.19 21:53,4485.04,4485.34,0.30,253
2026.08.20 04:54,2026.08.19 21:54,4486.07,4486.24,0.17,268
2026.08.20 04:55,2026.08.19 21:55,4485.93,4486.14,0.21,244
2026.08.20 04:56,2026.08.19 21:56,4487.27,4487.44,0.17,249
2026.08.20 04:57,2026.08.19 21:57,4486.50,4486.67,0.17,276
2026.08.20 04:58,2026.08.19 21:58,4487.43,4487.61,0.18,277
2026.08.20 04:59,2026.08.19 21:59,4489.56,4489.74,0.18,267
2026.08.20 05:00,2026.08.19 22:00,4491.88,4492.05,0.17,294
2026.08.20 05:01,2026.08.19 22:01,4493.03,4493.20,0.17,287
2026.08.20 05:02,2026.08.19 22:02,4494.62,4494.83,0.21,309
2026.08.20 05:03,2026.08.19 22:03,4497.34,4497.51,0.17,311
2026.08.20 05:04,2026.08.19 22:04,4498.47,4498.64,0.17,315
2026.08.20 05:05,2026.08.19 22:05,4497.53,4497.81,0.28,299
2026.08.20 05:06,2026.08.19 22:06,4496.45,4496.68,0.23,277
2026.08.20 05:07,2026.08.19 22:07,4496.07,4496.24,0.17,249
2026.08.20 05:08,2026.08.19 22:08,4495.17,4495.34,0.17,226
2026.08.20 05:09,2026.08.19 22:09,4496.48,4496.65,0.17,226
2026.08.20 05:10,2026.08.19 22:10,4498.32,4498.49,0.17,218
2026.08.20 05:11,2026.08.19 22:11,4497.61,4497.78,0.17,231
2026.08.20 05:12,2026.08.19 22:12,4499.30,4499.48,0.18,244
2026.08.20 05:13,2026.08.19 22:13,4497.40,4497.58,0.18,222
2026.08.20 05:14,2026.08.19 22:14,4497.18,4497.35,0.17,232
2026.08.20 05:15,2026.08.19 22:15,4495.73,4495.90,0.17,199
2026.08.20 05:16,2026.08.19 22:16,4495.73,4495.90,0.17,177
2026.08.20 05:17,2026.08.19 22:17,4495.16,4495.33,0.17,165
2026.08.20 05:18,2026.08.19 22:18,4490.30,4490.47,0.17,216
2026.08.20 05:19,2026.08.19 22:19,4490.88,4491.05,0.17,193
2026.08.20 05:20,2026.08.19 22:20,4490.06,4490.23,0.17,191
2026.08.20 05:21,2026.08.19 22:21,4491.12,4491.29,0.17,195
2026.08.20 05:22,2026.08.19 22:22,4491.79,4491.96,0.17,176
2026.08.20 05:23,2026.08.19 22:23,4493.13,4493.30,0.17,176
2026.08.20 05:24,2026.08.19 22:24,4494.26,4494.46,0.20,170
2026.08.20 05:25,2026.08.19 22:25,4492.69,4492.86,0.17,184
2026.08.20 05:26,2026.08.19 22:26,4492.10,4492.27,0.17,190
2026.08.20 05:27,2026.08.19 22:27,4491.52,4491.69,0.17,164
2026.08.20 05:28,2026.08.19 22:28,4492.58,4492.75,0.17,149
2026.08.20 05:29,2026.08.19 22:29,4493.19,4493.36,0.17,127
2026.08.20 05:30,2026.08.19 22:30,4493.37,4493.54,0.17,285
2026.08.20 05:31,2026.08.19 22:31,4492.04,4492.21,0.17,226
2026.08.20 05:32,2026.08.19 22:32,4493.26,4493.43,0.17,202
2026.08.20 05:33,2026.08.19 22:33,4492.06,4492.23,0.17,231
2026.08.20 05:34,2026.08.19 22:34,4492.32,4492.49,0.17,256
2026.08.20 05:35,2026.08.19 22:35,4491.80,4491.97,0.17,229
2026.08.20 05:36,2026.08.19 22:36,4490.51,4490.68,0.17,211
2026.08.20 05:37,2026.08.19 22:37,4493.25,4493.42,0.17,195
2026.08.20 05:38,2026.08.19 22:38,4491.67,4491.84,0.17,224
2026.08.20 05:39,2026.08.19 22:39,4492.09,4492.26,0.17,179
2026.08.20 05:40,2026.08.19 22:40,4491.40,4491.57,0.17,202
2026.08.20 05:41,2026.08.19 22:41,4492.95,4493.12,0.17,219
2026.08.20 05:42,2026.08.19 22:42,4490.70,4490.87,0.17,198
2026.08.20 05:43,2026.08.19 22:43,4490.72,4490.89,0.17,171
2026.08.20 05:44,2026.08.19 22:44,4490.63,4490.80,0.17,222
2026.08.20 05:45,2026.08.19 22:45,4491.25,4491.42,0.17,229
2026.08.20 05:46,2026.08.19 22:46,4491.44,4491.61,0.17,195
2026.08.20 05:47,2026.08.19 22:47,4491.24,4491.41,0.17,175
2026.08.20 05:48,2026.08.19 22:48,4490.12,4490.29,0.17,170
2026.08.20 05:49,2026.08.19 22:49,4489.34,4489.52,0.18,192
2026.08.20 05:50,2026.08.19 22:50,4493.02,4493.25,0.23,207
2026.08.20 05:51,2026.08.19 22:51,4491.19,4491.36,0.17,214
2026.08.20 05:52,2026.08.19 22:52,4491.90,4492.07,0.17,200
2026.08.20 05:53,2026.08.19 22:53,4493.65,4493.82,0.17,150
2026.08.20 05:54,2026.08.19 22:54,4492.45,4492.62,0.17,203
2026.08.20 05:55,2026.08.19 22:55,4492.76,4492.93,0.17,228
2026.08.20 05:56,2026.08.19 22:56,4491.68,4491.85,0.17,209
2026.08.20 05:57,2026.08.19 22:57,4491.86,4492.03,0.17,191
2026.08.20 05:58,2026.08.19 22:58,4492.01,4492.18,0.17,167
2026.08.20 05:59,2026.08.19 22:59,4491.20,4491.37,0.17,162
2026.08.20 06:00,2026.08.19 23:00,4493.84,4494.01,0.17,166
2026.08.20 06:01,2026.08.19 23:01,4495.68,4495.85,0.17,217
2026.08.20 06:02,2026.08.19 23:02,4494.58,4494.76,0.18,180
2026.08.20 06:03,2026.08.19 23:03,4494.93,4495.10,0.17,209
2026.08.20 06:04,2026.08.19 23:04,4495.55,4495.72,0.17,162
2026.08.20 06:05,2026.08.19 23:05,4495.85,4496.02,0.17,207
2026.08.20 06:06,2026.08.19 23:06,4496.53,4496.70,0.17,189
2026.08.20 06:07,2026.08.19 23:07,4496.41,4496.58,0.17,170
2026.08.20 06:08,2026.08.19 23:08,4494.35,4494.52,0.17,206
2026.08.20 06:09,2026.08.19 23:09,4490.99,4491.16,0.17,232
2026.08.20 06:10,2026.08.19 23:10,4488.70,4488.87,0.17,253
2026.08.20 06:11,2026.08.19 23:11,4490.75,4490.92,0.17,217
2026.08.20 06:12,2026.08.19 23:12,4491.59,4491.76,0.17,208
2026.08.20 06:13,2026.08.19 23:13,4492.27,4492.44,0.17,257
2026.08.20 06:14,2026.08.19 23:14,4492.47,4492.64,0.17,194
2026.08.20 06:15,2026.08.19 23:15,4492.21,4492.38,0.17,208
2026.08.20 06:16,2026.08.19 23:16,4492.60,4492.77,0.17,168
2026.08.20 06:17,2026.08.19 23:17,4491.76,4491.93,0.17,149
2026.08.20 06:18,2026.08.19 23:18,4491.69,4491.86,0.17,178
2026.08.20 06:19,2026.08.19 23:19,4493.26,4493.50,0.24,183
2026.08.20 06:20,2026.08.19 23:20,4493.85,4494.02,0.17,194
2026.08.20 06:21,2026.08.19 23:21,4492.49,4492.80,0.31,207
2026.08.20 06:22,2026.08.19 23:22,4494.72,4494.89,0.17,184
2026.08.20 06:23,2026.08.19 23:23,4494.65,4494.82,0.17,208
2026.08.20 06:24,2026.08.19 23:24,4495.21,4495.38,0.17,178
2026.08.20 06:25,2026.08.19 23:25,4494.96,4495.13,0.17,122
2026.08.20 06:26,2026.08.19 23:26,4494.14,4494.31,0.17,189
2026.08.20 06:27,2026.08.19 23:27,4494.10,4494.27,0.17,163
2026.08.20 06:28,2026.08.19 23:28,4493.79,4493.96,0.17,146
2026.08.20 06:29,2026.08.19 23:29,4492.86,4493.09,0.23,197
2026.08.20 06:30,2026.08.19 23:30,4493.73,4493.92,0.19,211
2026.08.20 06:31,2026.08.19 23:31,4495.74,4495.95,0.21,204
2026.08.20 06:32,2026.08.19 23:32,4495.33,4495.50,0.17,133
2026.08.20 06:33,2026.08.19 23:33,4496.53,4496.70,0.17,123
2026.08.20 06:34,2026.08.19 23:34,4496.73,4496.90,0.17,139
2026.08.20 06:35,2026.08.19 23:35,4495.30,4495.56,0.26,189
2026.08.20 06:36,2026.08.19 23:36,4496.02,4496.19,0.17,113
2026.08.20 06:37,2026.08.19 23:37,4495.14,4495.34,0.20,105
2026.08.20 06:38,2026.08.19 23:38,4496.14,4496.31,0.17,140
2026.08.20 06:39,2026.08.19 23:39,4497.32,4497.49,0.17,127
2026.08.20 06:40,2026.08.19 23:40,4497.53,4497.70,0.17,118
2026.08.20 06:41,2026.08.19 23:41,4497.03,4497.20,0.17,135
2026.08.20 06:42,2026.08.19 23:42,4496.04,4496.21,0.17,104
2026.08.20 06:43,2026.08.19 23:43,4497.81,4497.98,0.17,145
2026.08.20 06:44,2026.08.19 23:44,4497.50,4497.67,0.17,153
2026.08.20 06:45,2026.08.19 23:45,4497.85,4498.02,0.17,132
2026.08.20 06:46,2026.08.19 23:46,4497.63,4497.80,0.17,179
2026.08.20 06:47,2026.08.19 23:47,4497.02,4497.19,0.17,142
2026.08.20 06:48,2026.08.19 23:48,4497.71,4497.88,0.17,117
2026.08.20 06:49,2026.08.19 23:49,4497.98,4498.15,0.17,97
2026.08.20 06:50,2026.08.19 23:50,4497.56,4497.73,0.17,135
2026.08.20 06:51,2026.08.19 23:51,4499.08,4499.25,0.17,127
2026.08.20 06:52,2026.08.19 23:52,4499.64,4499.81,0.17,172
2026.08.20 06:53,2026.08.19 23:53,4499.45,4499.62,0.17,208
2026.08.20 06:54,2026.08.19 23:54,4500.00,4500.17,0.17,150
2026.08.20 06:55,2026.08.19 23:55,4500.34,4500.51,0.17,207
2026.08.20 06:56,2026.08.19 23:56,4499.54,4499.71,0.17,110
2026.08.20 06:57,2026.08.19 23:57,4498.60,4498.77,0.17,117
2026.08.20 06:58,2026.08.19 23:58,4498.13,4498.30,0.17,123
2026.08.20 06:59,2026.08.19 23:59,4498.60,4498.77,0.17,98
2026.08.20 07:00,2026.08.20 00:00,4498.20,4498.37,0.17,168
2026.08.20 07:01,2026.08.20 00:01,4497.43,4497.60,0.17,151
2026.08.20 07:02,2026.08.20 00:02,4498.24,4498.41,0.17,156
2026.08.20 07:03,2026.08.20 00:03,4496.91,4497.08,0.17,169
2026.08.20 07:04,2026.08.20 00:04,4495.89,4496.06,0.17,189
2026.08.20 07:05,2026.08.20 00:05,4496.30,4496.47,0.17,153
2026.08.20 07:06,2026.08.20 00:06,4496.80,4496.99,0.19,180
2026.08.20 07:07,2026.08.20 00:07,4497.27,4497.46,0.19,166
2026.08.20 07:08,2026.08.20 00:08,4496.93,4497.10,0.17,132
2026.08.20 07:09,2026.08.20 00:09,4496.66,4496.83,0.17,130
2026.08.20 07:10,2026.08.20 00:10,4497.20,4497.37,0.17,176
2026.08.20 07:11,2026.08.20 00:11,4496.85,4497.02,0.17,111
2026.08.20 07:12,2026.08.20 00:12,4497.14,4497.31,0.17,109
2026.08.20 07:13,2026.08.20 00:13,4497.23,4497.40,0.17,103
2026.08.20 07:14,2026.08.20 00:14,4495.99,4496.16,0.17,100
2026.08.20 07:15,2026.08.20 00:15,4495.52,4495.69,0.17,109
2026.08.20 07:16,2026.08.20 00:16,4496.46,4496.63,0.17,132
2026.08.20 07:17,2026.08.20 00:17,4495.98,4496.15,0.17,123
2026.08.20 07:18,2026.08.20 00:18,4495.80,4495.97,0.17,113
2026.08.20 07:19,2026.08.20 00:19,4496.80,4496.97,0.17,102
2026.08.20 07:20,2026.08.20 00:20,4495.17,4495.34,0.17,133
2026.08.20 07:21,2026.08.20 00:21,4495.34,4495.59,0.25,137
2026.08.20 07:22,2026.08.20 00:22,4495.93,4496.10,0.17,140
2026.08.20 07:23,2026.08.20 00:23,4495.23,4495.44,0.21,156
2026.08.20 07:24,2026.08.20 00:24,4495.03,4495.20,0.17,100
2026.08.20 07:25,2026.08.20 00:25,4495.28,4495.45,0.17,91
2026.08.20 07:26,2026.08.20 00:26,4494.57,4494.74,0.17,111
2026.08.20 07:27,2026.08.20 00:27,4494.73,4494.90,0.17,107
2026.08.20 07:28,2026.08.20 00:28,4492.54,4492.71,0.17,165
2026.08.20 07:29,2026.08.20 00:29,4489.67,4489.85,0.18,224
2026.08.20 07:30,2026.08.20 00:30,4490.05,4490.22,0.17,191
2026.08.20 07:31,2026.08.20 00:31,4489.20,4489.37,0.17,143
2026.08.20 07:32,2026.08.20 00:32,4487.22,4487.50,0.28,136
2026.08.20 07:33,2026.08.20 00:33,4488.02,4488.19,0.17,191
2026.08.20 07:34,2026.08.20 00:34,4488.41,4488.58,0.17,145
2026.08.20 07:35,2026.08.20 00:35,4487.93,4488.10,0.17,125
2026.08.20 07:36,2026.08.20 00:36,4487.53,4487.70,0.17,157
2026.08.20 07:37,2026.08.20 00:37,4487.11,4487.28,0.17,156
2026.08.20 07:38,2026.08.20 00:38,4486.57,4486.77,0.20,147
2026.08.20 07:39,2026.08.20 00:39,4487.10,4487.27,0.17,142
2026.08.20 07:40,2026.08.20 00:40,4488.25,4488.42,0.17,182
2026.08.20 07:41,2026.08.20 00:41,4487.89,4488.08,0.19,118
2026.08.20 07:42,2026.08.20 00:42,4487.67,4487.84,0.17,82
2026.08.20 07:43,2026.08.20 00:43,4487.58,4487.75,0.17,76
2026.08.20 07:44,2026.08.20 00:44,4487.63,4487.80,0.17,80
2026.08.20 07:45,2026.08.20 00:45,4488.43,4488.60,0.17,133
2026.08.20 07:46,2026.08.20 00:46,4488.78,4488.95,0.17,150
2026.08.20 07:47,2026.08.20 00:47,4489.03,4489.20,0.17,106
2026.08.20 07:48,2026.08.20 00:48,4489.38,4489.55,0.17,97
2026.08.20 07:49,2026.08.20 00:49,4490.07,4490.24,0.17,139
2026.08.20 07:50,2026.08.20 00:50,4490.01,4490.18,0.17,119
2026.08.20 07:51,2026.08.20 00:51,4490.14,4490.31,0.17,94
2026.08.20 07:52,2026.08.20 00:52,4490.65,4490.82,0.17,153
2026.08.20 07:53,2026.08.20 00:53,4490.32,4490.49,0.17,120
2026.08.20 07:54,2026.08.20 00:54,4489.23,4489.40,0.17,149
2026.08.20 07:55,2026.08.20 00:55,4489.53,4489.70,0.17,134
2026.08.20 07:56,2026.08.20 00:56,4489.91,4490.08,0.17,154
2026.08.20 07:57,2026.08.20 00:57,4488.64,4488.81,0.17,93
2026.08.20 07:58,2026.08.20 00:58,4488.35,4488.52,0.17,129
2026.08.20 07:59,2026.08.20 00:59,4488.66,4488.83,0.17,118
2026.08.20 08:00,2026.08.20 01:00,4488.76,4488.93,0.17,142
2026.08.20 08:01,2026.08.20 01:01,4489.67,4489.84,0.17,121
2026.08.20 08:02,2026.08.20 01:02,4490.31,4490.48,0.17,101
2026.08.20 08:03,2026.08.20 01:03,4491.37,4491.54,0.17,138
2026.08.20 08:04,2026.08.20 01:04,4491.89,4492.06,0.17,110
2026.08.20 08:05,2026.08.20 01:05,4492.07,4492.24,0.17,138
2026.08.20 08:06,2026.08.20 01:06,4492.61,4492.78,0.17,140
2026.08.20 08:07,2026.08.20 01:07,4491.55,4491.74,0.19,159
2026.08.20 08:08,2026.08.20 01:08,4491.79,4491.96,0.17,91
2026.08.20 08:09,2026.08.20 01:09,4490.86,4491.04,0.18,66
2026.08.20 08:10,2026.08.20 01:10,4490.87,4491.04,0.17,126
2026.08.20 08:11,2026.08.20 01:11,4489.84,4490.01,0.17,104
2026.08.20 08:12,2026.08.20 01:12,4488.66,4488.83,0.17,143
2026.08.20 08:13,2026.08.20 01:13,4484.14,4484.38,0.24,178
2026.08.20 08:14,2026.08.20 01:14,4485.16,4485.36,0.20,236
2026.08.20 08:15,2026.08.20 01:15,4485.58,4485.75,0.17,149
2026.08.20 08:16,2026.08.20 01:16,4484.75,4484.98,0.23,149
2026.08.20 08:17,2026.08.20 01:17,4485.58,4485.75,0.17,137
2026.08.20 08:18,2026.08.20 01:18,4485.66,4485.83,0.17,144
2026.08.20 08:19,2026.08.20 01:19,4484.80,4485.03,0.23,132
2026.08.20 08:20,2026.08.20 01:20,4484.52,4484.71,0.19,103
2026.08.20 08:21,2026.08.20 01:21,4485.77,4485.97,0.20,113
2026.08.20 08:22,2026.08.20 01:22,4484.51,4484.68,0.17,93
2026.08.20 08:23,2026.08.20 01:23,4486.90,4487.07,0.17,163
2026.08.20 08:24,2026.08.20 01:24,4486.06,4486.23,0.17,106
2026.08.20 08:25,2026.08.20 01:25,4485.55,4485.72,0.17,114
2026.08.20 08:26,2026.08.20 01:26,4484.75,4484.92,0.17,110
2026.08.20 08:27,2026.08.20 01:27,4483.85,4484.02,0.17,149
2026.08.20 08:28,2026.08.20 01:28,4485.04,4485.21,0.17,179
2026.08.20 08:29,2026.08.20 01:29,4483.40,4483.57,0.17,162
2026.08.20 08:30,2026.08.20 01:30,4483.19,4483.36,0.17,322
2026.08.20 08:31,2026.08.20 01:31,4483.09,4483.26,0.17,248
2026.08.20 08:32,2026.08.20 01:32,4482.37,4482.54,0.17,266
2026.08.20 08:33,2026.08.20 01:33,4481.41,4481.59,0.18,250
2026.08.20 08:34,2026.08.20 01:34,4480.32,4480.49,0.17,234
2026.08.20 08:35,2026.08.20 01:35,4480.07,4480.24,0.17,215
2026.08.20 08:36,2026.08.20 01:36,4480.92,4481.09,0.17,219
2026.08.20 08:37,2026.08.20 01:37,4478.06,4478.23,0.17,228
2026.08.20 08:38,2026.08.20 01:38,4478.61,4478.78,0.17,240
2026.08.20 08:39,2026.08.20 01:39,4479.10,4479.27,0.17,213
2026.08.20 08:40,2026.08.20 01:40,4480.68,4480.85,0.17,197
2026.08.20 08:41,2026.08.20 01:41,4480.92,4481.09,0.17,198
2026.08.20 08:42,2026.08.20 01:42,4481.36,4481.54,0.18,203
2026.08.20 08:43,2026.08.20 01:43,4481.30,4481.47,0.17,219
2026.08.20 08:44,2026.08.20 01:44,4479.89,4480.06,0.17,189
2026.08.20 08:45,2026.08.20 01:45,4479.63,4479.80,0.17,197
2026.08.20 08:46,2026.08.20 01:46,4479.85,4480.02,0.17,178
2026.08.20 08:47,2026.08.20 01:47,4481.05,4481.22,0.17,170
2026.08.20 08:48,2026.08.20 01:48,4480.34,4480.51,0.17,165
2026.08.20 08:49,2026.08.20 01:49,4481.38,4481.55,0.17,147
2026.08.20 08:50,2026.08.20 01:50,4481.17,4481.34,0.17,188
2026.08.20 08:51,2026.08.20 01:51,4479.42,4479.60,0.18,147
2026.08.20 08:52,2026.08.20 01:52,4479.97,4480.14,0.17,197
2026.08.20 08:53,2026.08.20 01:53,4478.95,4479.13,0.18,205
2026.08.20 08:54,2026.08.20 01:54,4478.11,4478.28,0.17,195
2026.08.20 08:55,2026.08.20 01:55,4479.35,4479.52,0.17,199
2026.08.20 08:56,2026.08.20 01:56,4479.47,4479.64,0.17,139
2026.08.20 08:57,2026.08.20 01:57,4480.49,4480.66,0.17,166
2026.08.20 08:58,2026.08.20 01:58,4482.68,4482.85,0.17,190
2026.08.20 08:59,2026.08.20 01:59,4481.92,4482.09,0.17,197
2026.08.20 09:00,2026.08.20 02:00,4481.49,4481.66,0.17,207
2026.08.20 09:01,2026.08.20 02:01,4483.06,4483.23,0.17,178
2026.08.20 09:02,2026.08.20 02:02,4484.56,4484.73,0.17,225
2026.08.20 09:03,2026.08.20 02:03,4483.79,4483.96,0.17,191
2026.08.20 09:04,2026.08.20 02:04,4488.55,4488.72,0.17,212
2026.08.20 09:05,2026.08.20 02:05,4490.12,4490.29,0.17,207
2026.08.20 09:06,2026.08.20 02:06,4488.72,4488.89,0.17,163
2026.08.20 09:07,2026.08.20 02:07,4490.38,4490.55,0.17,207
2026.08.20 09:08,2026.08.20 02:08,4490.38,4490.55,0.17,159
2026.08.20 09:09,2026.08.20 02:09,4490.30,4490.47,0.17,168
2026.08.20 09:10,2026.08.20 02:10,4492.56,4492.73,0.17,182
2026.08.20 09:11,2026.08.20 02:11,4490.65,4490.82,0.17,227
2026.08.20 09:12,2026.08.20 02:12,4491.39,4491.56,0.17,187
2026.08.20 09:13,2026.08.20 02:13,4492.81,4492.98,0.17,166
2026.08.20 09:14,2026.08.20 02:14,4492.20,4492.37,0.17,218
2026.08.20 09:15,2026.08.20 02:15,4493.83,4494.00,0.17,199
2026.08.20 09:16,2026.08.20 02:16,4494.74,4494.91,0.17,181
2026.08.20 09:17,2026.08.20 02:17,4494.81,4494.98,0.17,196
2026.08.20 09:18,2026.08.20 02:18,4493.52,4493.69,0.17,224
2026.08.20 09:19,2026.08.20 02:19,4493.23,4493.40,0.17,197
2026.08.20 09:20,2026.08.20 02:20,4493.38,4493.55,0.17,180
2026.08.20 09:21,2026.08.20 02:21,4493.08,4493.25,0.17,228
2026.08.20 09:22,2026.08.20 02:22,4492.83,4493.00,0.17,206
2026.08.20 09:23,2026.08.20 02:23,4492.65,4492.82,0.17,163
2026.08.20 09:24,2026.08.20 02:24,4494.06,4494.23,0.17,143
2026.08.20 09:25,2026.08.20 02:25,4493.23,4493.40,0.17,180
2026.08.20 09:26,2026.08.20 02:26,4493.82,4493.99,0.17,126
2026.08.20 09:27,2026.08.20 02:27,4493.68,4493.85,0.17,120
2026.08.20 09:28,2026.08.20 02:28,4494.92,4495.09,0.17,134
2026.08.20 09:29,2026.08.20 02:29,4492.82,4492.99,0.17,160
2026.08.20 09:30,2026.08.20 02:30,4494.13,4494.30,0.17,174
2026.08.20 09:31,2026.08.20 02:31,4494.89,4495.06,0.17,164
2026.08.20 09:32,2026.08.20 02:32,4494.01,4494.18,0.17,174
2026.08.20 09:33,2026.08.20 02:33,4493.95,4494.12,0.17,159
2026.08.20 09:34,2026.08.20 02:34,4494.68,4494.85,0.17,143
2026.08.20 09:35,2026.08.20 02:35,4494.62,4494.79,0.17,172
2026.08.20 09:36,2026.08.20 02:36,4494.75,4494.92,0.17,174
2026.08.20 09:37,2026.08.20 02:37,4494.07,4494.24,0.17,174
2026.08.20 09:38,2026.08.20 02:38,4493.98,4494.15,0.17,154
2026.08.20 09:39,2026.08.20 02:39,4492.92,4493.09,0.17,124
2026.08.20 09:40,2026.08.20 02:40,4493.43,4493.60,0.17,183
2026.08.20 09:41,2026.08.20 02:41,4492.94,4493.11,0.17,183
2026.08.20 09:42,2026.08.20 02:42,4492.81,4492.98,0.17,138
2026.08.20 09:43,2026.08.20 02:43,4492.61,4492.78,0.17,165
2026.08.20 09:44,2026.08.20 02:44,4493.32,4493.49,0.17,167
2026.08.20 09:45,2026.08.20 02:45,4494.54,4494.71,0.17,241
2026.08.20 09:46,2026.08.20 02:46,4494.99,4495.16,0.17,167
2026.08.20 09:47,2026.08.20 02:47,4494.04,4494.21,0.17,166
2026.08.20 09:48,2026.08.20 02:48,4493.91,4494.08,0.17,140
2026.08.20 09:49,2026.08.20 02:49,4492.95,4493.12,0.17,166
2026.08.20 09:50,2026.08.20 02:50,4491.76,4491.93,0.17,193
2026.08.20 09:51,2026.08.20 02:51,4492.68,4492.85,0.17,184
2026.08.20 09:52,2026.08.20 02:52,4493.11,4493.28,0.17,137
2026.08.20 09:53,2026.08.20 02:53,4491.89,4492.06,0.17,121
2026.08.20 09:54,2026.08.20 02:54,4491.74,4491.91,0.17,167
2026.08.20 09:55,2026.08.20 02:55,4491.71,4491.88,0.17,136
2026.08.20 09:56,2026.08.20 02:56,4491.88,4492.05,0.17,132
2026.08.20 09:57,2026.08.20 02:57,4492.87,4493.04,0.17,158
2026.08.20 09:58,2026.08.20 02:58,4493.95,4494.12,0.17,134
2026.08.20 09:59,2026.08.20 02:59,4493.38,4493.55,0.17,209
2026.08.20 10:00,2026.08.20 03:00,4492.72,4492.89,0.17,244
2026.08.20 10:01,2026.08.20 03:01,4490.61,4490.78,0.17,207
2026.08.20 10:02,2026.08.20 03:02,4488.85,4489.02,0.17,268
2026.08.20 10:03,2026.08.20 03:03,4488.65,4488.82,0.17,160
2026.08.20 10:04,2026.08.20 03:04,4487.73,4487.90,0.17,169
2026.08.20 10:05,2026.08.20 03:05,4488.04,4488.21,0.17,180
2026.08.20 10:06,2026.08.20 03:06,4488.37,4488.54,0.17,191
2026.08.20 10:07,2026.08.20 03:07,4488.71,4488.88,0.17,180
2026.08.20 10:08,2026.08.20 03:08,4489.80,4489.97,0.17,174
2026.08.20 10:09,2026.08.20 03:09,4489.20,4489.37,0.17,193
2026.08.20 10:10,2026.08.20 03:10,4490.24,4490.41,0.17,161
2026.08.20 10:11,2026.08.20 03:11,4490.12,4490.29,0.17,187
2026.08.20 10:12,2026.08.20 03:12,4489.51,4489.68,0.17,191
2026.08.20 10:13,2026.08.20 03:13,4488.59,4488.76,0.17,169
2026.08.20 10:14,2026.08.20 03:14,4488.22,4488.39,0.17,162
2026.08.20 10:15,2026.08.20 03:15,4488.10,4488.27,0.17,178
2026.08.20 10:16,2026.08.20 03:16,4487.74,4487.91,0.17,208
2026.08.20 10:17,2026.08.20 03:17,4487.82,4487.99,0.17,135
2026.08.20 10:18,2026.08.20 03:18,4487.66,4487.83,0.17,141
2026.08.20 10:19,2026.08.20 03:19,4486.89,4487.06,0.17,151
2026.08.20 10:20,2026.08.20 03:20,4487.41,4487.58,0.17,135
2026.08.20 10:21,2026.08.20 03:21,4487.38,4487.55,0.17,177
2026.08.20 10:22,2026.08.20 03:22,4487.12,4487.29,0.17,137
2026.08.20 10:23,2026.08.20 03:23,4486.52,4486.69,0.17,209
2026.08.20 10:24,2026.08.20 03:24,4485.51,4485.68,0.17,162
2026.08.20 10:25,2026.08.20 03:25,4485.77,4485.94,0.17,187
2026.08.20 10:26,2026.08.20 03:26,4485.31,4485.48,0.17,167
2026.08.20 10:27,2026.08.20 03:27,4484.91,4485.08,0.17,178
2026.08.20 10:28,2026.08.20 03:28,4484.12,4484.29,0.17,192
2026.08.20 10:29,2026.08.20 03:29,4483.77,4483.94,0.17,199
2026.08.20 10:30,2026.08.20 03:30,4485.02,4485.19,0.17,211
2026.08.20 10:31,2026.08.20 03:31,4485.13,4485.30,0.17,214
2026.08.20 10:32,2026.08.20 03:32,4484.81,4484.98,0.17,212
2026.08.20 10:33,2026.08.20 03:33,4486.51,4486.68,0.17,218
2026.08.20 10:34,2026.08.20 03:34,4489.46,4489.63,0.17,255
2026.08.20 10:35,2026.08.20 03:35,4490.73,4490.90,0.17,225
2026.08.20 10:36,2026.08.20 03:36,4490.61,4490.78,0.17,171
2026.08.20 10:37,2026.08.20 03:37,4489.81,4489.98,0.17,191
2026.08.20 10:38,2026.08.20 03:38,4490.66,4490.83,0.17,147
2026.08.20 10:39,2026.08.20 03:39,4490.87,4491.04,0.17,182
2026.08.20 10:40,2026.08.20 03:40,4491.95,4492.12,0.17,187
2026.08.20 10:41,2026.08.20 03:41,4492.44,4492.61,0.17,217
2026.08.20 10:42,2026.08.20 03:42,4491.99,4492.16,0.17,219
2026.08.20 10:43,2026.08.20 03:43,4490.67,4490.84,0.17,176
2026.08.20 10:44,2026.08.20 03:44,4490.39,4490.56,0.17,165
2026.08.20 10:45,2026.08.20 03:45,4492.45,4492.62,0.17,168
2026.08.20 10:46,2026.08.20 03:46,4492.92,4493.09,0.17,159
2026.08.20 10:47,2026.08.20 03:47,4490.36,4490.53,0.17,183
2026.08.20 10:48,2026.08.20 03:48,4489.99,4490.16,0.17,147
2026.08.20 10:49,2026.08.20 03:49,4489.39,4489.56,0.17,140
2026.08.20 10:50,2026.08.20 03:50,4488.97,4489.14,0.17,161
2026.08.20 10:51,2026.08.20 03:51,4489.73,4489.90,0.17,164
2026.08.20 10:52,2026.08.20 03:52,4489.73,4489.90,0.17,172
2026.08.20 10:53,2026.08.20 03:53,4489.73,4489.90,0.17,123
2026.08.20 10:54,2026.08.20 03:54,4490.96,4491.13,0.17,112
2026.08.20 10:55,2026.08.20 03:55,4492.29,4492.46,0.17,167
2026.08.20 10:56,2026.08.20 03:56,4491.46,4491.63,0.17,175
2026.08.20 10:57,2026.08.20 03:57,4490.64,4490.81,0.17,192
2026.08.20 10:58,2026.08.20 03:58,4489.93,4490.10,0.17,138
2026.08.20 10:59,2026.08.20 03:59,4491.19,4491.36,0.17,194
2026.08.20 11:00,2026.08.20 04:00,4492.38,4492.55,0.17,296
2026.08.20 11:01,2026.08.20 04:01,4492.84,4493.01,0.17,243
2026.08.20 11:02,2026.08.20 04:02,4492.01,4492.18,0.17,228
2026.08.20 11:03,2026.08.20 04:03,4493.17,4493.34,0.17,244
2026.08.20 11:04,2026.08.20 04:04,4492.26,4492.43,0.17,177
2026.08.20 11:05,2026.08.20 04:05,4491.62,4491.79,0.17,221
2026.08.20 11:06,2026.08.20 04:06,4494.05,4494.22,0.17,225
2026.08.20 11:07,2026.08.20 04:07,4494.00,4494.17,0.17,238
2026.08.20 11:08,2026.08.20 04:08,4493.25,4493.42,0.17,202
2026.08.20 11:09,2026.08.20 04:09,4493.82,4493.99,0.17,173
2026.08.20 11:10,2026.08.20 04:10,4492.14,4492.31,0.17,217
2026.08.20 11:11,2026.08.20 04:11,4492.23,4492.40,0.17,186
2026.08.20 11:12,2026.08.20 04:12,4492.02,4492.19,0.17,171
2026.08.20 11:13,2026.08.20 04:13,4492.46,4492.63,0.17,144
2026.08.20 11:14,2026.08.20 04:14,4494.14,4494.31,0.17,187
2026.08.20 11:15,2026.08.20 04:15,4495.10,4495.27,0.17,154
2026.08.20 11:16,2026.08.20 04:16,4497.61,4497.78,0.17,243
2026.08.20 11:17,2026.08.20 04:17,4497.80,4497.97,0.17,202
2026.08.20 11:18,2026.08.20 04:18,4498.04,4498.21,0.17,218
2026.08.20 11:19,2026.08.20 04:19,4496.07,4496.24,0.17,252
2026.08.20 11:20,2026.08.20 04:20,4495.29,4495.46,0.17,205
2026.08.20 11:21,2026.08.20 04:21,4496.66,4496.83,0.17,185
2026.08.20 11:22,2026.08.20 04:22,4497.49,4497.66,0.17,192
2026.08.20 11:23,2026.08.20 04:23,4497.87,4498.04,0.17,192
2026.08.20 11:24,2026.08.20 04:24,4495.62,4495.79,0.17,193
2026.08.20 11:25,2026.08.20 04:25,4494.64,4494.81,0.17,163
2026.08.20 11:26,2026.08.20 04:26,4491.71,4491.88,0.17,177
2026.08.20 11:27,2026.08.20 04:27,4490.53,4490.70,0.17,233
2026.08.20 11:28,2026.08.20 04:28,4490.59,4490.76,0.17,199
2026.08.20 11:29,2026.08.20 04:29,4491.59,4491.76,0.17,186
2026.08.20 11:30,2026.08.20 04:30,4489.45,4489.62,0.17,234
2026.08.20 11:31,2026.08.20 04:31,4487.67,4487.84,0.17,243
2026.08.20 11:32,2026.08.20 04:32,4488.95,4489.12,0.17,247
2026.08.20 11:33,2026.08.20 04:33,4489.66,4489.83,0.17,204
2026.08.20 11:34,2026.08.20 04:34,4492.50,4492.67,0.17,225
2026.08.20 11:35,2026.08.20 04:35,4495.02,4495.19,0.17,208
2026.08.20 11:36,2026.08.20 04:36,4494.44,4494.61,0.17,232
2026.08.20 11:37,2026.08.20 04:37,4494.92,4495.09,0.17,142
2026.08.20 11:38,2026.08.20 04:38,4492.83,4493.00,0.17,258
2026.08.20 11:39,2026.08.20 04:39,4491.62,4491.79,0.17,217
2026.08.20 11:40,2026.08.20 04:40,4491.82,4491.99,0.17,174
2026.08.20 11:41,2026.08.20 04:41,4491.04,4491.21,0.17,160
2026.08.20 11:42,2026.08.20 04:42,4492.00,4492.17,0.17,173
2026.08.20 11:43,2026.08.20 04:43,4491.17,4491.34,0.17,192
2026.08.20 11:44,2026.08.20 04:44,4490.56,4490.73,0.17,166
2026.08.20 11:45,2026.08.20 04:45,4490.06,4490.23,0.17,204
2026.08.20 11:46,2026.08.20 04:46,4488.48,4488.65,0.17,249
2026.08.20 11:47,2026.08.20 04:47,4488.81,4488.98,0.17,175
2026.08.20 11:48,2026.08.20 04:48,4488.64,4488.81,0.17,181
2026.08.20 11:49,2026.08.20 04:49,4488.00,4488.17,0.17,137
2026.08.20 11:50,2026.08.20 04:50,4489.57,4489.74,0.17,198
2026.08.20 11:51,2026.08.20 04:51,4489.56,4489.73,0.17,150
2026.08.20 11:52,2026.08.20 04:52,4490.32,4490.49,0.17,129
2026.08.20 11:53,2026.08.20 04:53,4490.33,4490.50,0.17,155
2026.08.20 11:54,2026.08.20 04:54,4491.94,4492.11,0.17,145
2026.08.20 11:55,2026.08.20 04:55,4489.93,4490.10,0.17,156
2026.08.20 11:56,2026.08.20 04:56,4489.09,4489.26,0.17,177
2026.08.20 11:57,2026.08.20 04:57,4488.18,4488.35,0.17,152
2026.08.20 11:58,2026.08.20 04:58,4489.10,4489.27,0.17,149
2026.08.20 11:59,2026.08.20 04:59,4489.68,4489.85,0.17,170
2026.08.20 12:00,2026.08.20 05:00,4489.28,4489.45,0.17,176
2026.08.20 12:01,2026.08.20 05:01,4489.23,4489.40,0.17,142
2026.08.20 12:02,2026.08.20 05:02,4489.18,4489.35,0.17,153
2026.08.20 12:03,2026.08.20 05:03,4489.70,4489.87,0.17,171
2026.08.20 12:04,2026.08.20 05:04,4490.53,4490.70,0.17,195
2026.08.20 12:05,2026.08.20 05:05,4489.26,4489.43,0.17,174
2026.08.20 12:06,2026.08.20 05:06,4491.05,4491.22,0.17,155
2026.08.20 12:07,2026.08.20 05:07,4492.79,4492.96,0.17,167
2026.08.20 12:08,2026.08.20 05:08,4492.32,4492.49,0.17,193
2026.08.20 12:09,2026.08.20 05:09,4492.34,4492.51,0.17,144
2026.08.20 12:10,2026.08.20 05:10,4492.97,4493.14,0.17,182
2026.08.20 12:11,2026.08.20 05:11,4491.84,4492.01,0.17,178
2026.08.20 12:12,2026.08.20 05:12,4491.52,4491.69,0.17,187
2026.08.20 12:13,2026.08.20 05:13,4492.31,4492.48,0.17,146
2026.08.20 12:14,2026.08.20 05:14,4492.59,4492.76,0.17,151
2026.08.20 12:15,2026.08.20 05:15,4493.57,4493.74,0.17,150
2026.08.20 12:16,2026.08.20 05:16,4492.75,4492.92,0.17,175
2026.08.20 12:17,2026.08.20 05:17,4491.54,4491.71,0.17,189
2026.08.20 12:18,2026.08.20 05:18,4490.14,4490.31,0.17,156
2026.08.20 12:19,2026.08.20 05:19,4489.56,4489.73,0.17,141
2026.08.20 12:20,2026.08.20 05:20,4489.09,4489.26,0.17,152
2026.08.20 12:21,2026.08.20 05:21,4491.65,4491.82,0.17,178
2026.08.20 12:22,2026.08.20 05:22,4491.27,4491.44,0.17,168
2026.08.20 12:23,2026.08.20 05:23,4490.57,4490.74,0.17,143
2026.08.20 12:24,2026.08.20 05:24,4490.02,4490.19,0.17,160
2026.08.20 12:25,2026.08.20 05:25,4489.67,4489.84,0.17,138
2026.08.20 12:26,2026.08.20 05:26,4488.58,4488.75,0.17,151
2026.08.20 12:27,2026.08.20 05:27,4489.38,4489.55,0.17,173
2026.08.20 12:28,2026.08.20 05:28,4489.07,4489.24,0.17,149
2026.08.20 12:29,2026.08.20 05:29,4489.72,4489.89,0.17,120
2026.08.20 12:30,2026.08.20 05:30,4489.77,4489.94,0.17,198
2026.08.20 12:31,2026.08.20 05:31,4488.36,4488.53,0.17,200
2026.08.20 12:32,2026.08.20 05:32,4489.36,4489.53,0.17,215
2026.08.20 12:33,2026.08.20 05:33,4487.38,4487.55,0.17,191
2026.08.20 12:34,2026.08.20 05:34,4486.97,4487.14,0.17,175
2026.08.20 12:35,2026.08.20 05:35,4486.60,4486.77,0.17,160
2026.08.20 12:36,2026.08.20 05:36,4487.47,4487.64,0.17,175
2026.08.20 12:37,2026.08.20 05:37,4485.75,4485.92,0.17,149
2026.08.20 12:38,2026.08.20 05:38,4485.49,4485.66,0.17,181
2026.08.20 12:39,2026.08.20 05:39,4486.56,4486.73,0.17,129
2026.08.20 12:40,2026.08.20 05:40,4487.52,4487.69,0.17,166
2026.08.20 12:41,2026.08.20 05:41,4486.64,4486.81,0.17,154
2026.08.20 12:42,2026.08.20 05:42,4488.18,4488.35,0.17,185
2026.08.20 12:43,2026.08.20 05:43,4489.96,4490.13,0.17,157
2026.08.20 12:44,2026.08.20 05:44,4488.61,4488.78,0.17,125
2026.08.20 12:45,2026.08.20 05:45,4488.60,4488.77,0.17,110
2026.08.20 12:46,2026.08.20 05:46,4487.75,4487.92,0.17,116
2026.08.20 12:47,2026.08.20 05:47,4486.30,4486.47,0.17,135
2026.08.20 12:48,2026.08.20 05:48,4486.17,4486.34,0.17,153
2026.08.20 12:49,2026.08.20 05:49,4485.25,4485.42,0.17,169
2026.08.20 12:50,2026.08.20 05:50,4485.27,4485.44,0.17,181
2026.08.20 12:51,2026.08.20 05:51,4485.31,4485.48,0.17,208
2026.08.20 12:52,2026.08.20 05:52,4484.07,4484.24,0.17,220
2026.08.20 12:53,2026.08.20 05:53,4482.86,4483.03,0.17,209
2026.08.20 12:54,2026.08.20 05:54,4482.59,4482.76,0.17,209
2026.08.20 12:55,2026.08.20 05:55,4482.53,4482.70,0.17,204
2026.08.20 12:56,2026.08.20 05:56,4482.69,4482.86,0.17,124
2026.08.20 12:57,2026.08.20 05:57,4483.35,4483.52,0.17,187
2026.08.20 12:58,2026.08.20 05:58,4484.26,4484.43,0.17,160
2026.08.20 12:59,2026.08.20 05:59,4481.31,4481.48,0.17,194
2026.08.20 13:00,2026.08.20 06:00,4482.04,4482.21,0.17,238
2026.08.20 13:01,2026.08.20 06:01,4482.75,4482.92,0.17,207
2026.08.20 13:02,2026.08.20 06:02,4483.61,4483.78,0.17,212
2026.08.20 13:03,2026.08.20 06:03,4485.65,4485.82,0.17,226
2026.08.20 13:04,2026.08.20 06:04,4485.83,4486.00,0.17,141
2026.08.20 13:05,2026.08.20 06:05,4486.49,4486.66,0.17,172
2026.08.20 13:06,2026.08.20 06:06,4486.59,4486.76,0.17,143
2026.08.20 13:07,2026.08.20 06:07,4487.34,4487.51,0.17,143
2026.08.20 13:08,2026.08.20 06:08,4487.64,4487.81,0.17,150
2026.08.20 13:09,2026.08.20 06:09,4489.50,4489.67,0.17,149
2026.08.20 13:10,2026.08.20 06:10,4489.28,4489.45,0.17,166
2026.08.20 13:11,2026.08.20 06:11,4489.16,4489.33,0.17,157
2026.08.20 13:12,2026.08.20 06:12,4489.09,4489.26,0.17,116
2026.08.20 13:13,2026.08.20 06:13,4490.07,4490.24,0.17,169
2026.08.20 13:14,2026.08.20 06:14,4490.24,4490.41,0.17,145
2026.08.20 13:15,2026.08.20 06:15,4490.48,4490.65,0.17,148
2026.08.20 13:16,2026.08.20 06:16,4490.78,4490.95,0.17,156
2026.08.20 13:17,2026.08.20 06:17,4491.00,4491.17,0.17,186
2026.08.20 13:18,2026.08.20 06:18,4491.24,4491.41,0.17,124
2026.08.20 13:19,2026.08.20 06:19,4490.24,4490.41,0.17,167
2026.08.20 13:20,2026.08.20 06:20,4488.24,4488.41,0.17,185
2026.08.20 13:21,2026.08.20 06:21,4487.08,4487.25,0.17,190
2026.08.20 13:22,2026.08.20 06:22,4486.94,4487.11,0.17,144
2026.08.20 13:23,2026.08.20 06:23,4486.58,4486.75,0.17,129
2026.08.20 13:24,2026.08.20 06:24,4488.83,4489.00,0.17,186
2026.08.20 13:25,2026.08.20 06:25,4489.71,4489.88,0.17,195
2026.08.20 13:26,2026.08.20 06:26,4491.27,4491.44,0.17,164
2026.08.20 13:27,2026.08.20 06:27,4490.68,4490.85,0.17,131
2026.08.20 13:28,2026.08.20 06:28,4492.30,4492.47,0.17,145
2026.08.20 13:29,2026.08.20 06:29,4493.60,4493.77,0.17,202
2026.08.20 13:30,2026.08.20 06:30,4494.16,4494.33,0.17,173
2026.08.20 13:31,2026.08.20 06:31,4493.97,4494.14,0.17,116
2026.08.20 13:32,2026.08.20 06:32,4494.47,4494.64,0.17,153
2026.08.20 13:33,2026.08.20 06:33,4492.79,4492.96,0.17,148
2026.08.20 13:34,2026.08.20 06:34,4492.69,4492.86,0.17,140
2026.08.20 13:35,2026.08.20 06:35,4492.86,4493.03,0.17,119
2026.08.20 13:36,2026.08.20 06:36,4493.49,4493.66,0.17,225
2026.08.20 13:37,2026.08.20 06:37,4492.07,4492.24,0.17,144
2026.08.20 13:38,2026.08.20 06:38,4491.30,4491.47,0.17,163
2026.08.20 13:39,2026.08.20 06:39,4490.18,4490.35,0.17,121
2026.08.20 13:40,2026.08.20 06:40,4490.60,4490.77,0.17,135
2026.08.20 13:41,2026.08.20 06:41,4490.58,4490.75,0.17,136
2026.08.20 13:42,2026.08.20 06:42,4490.72,4490.89,0.17,118
2026.08.20 13:43,2026.08.20 06:43,4490.10,4490.27,0.17,110
2026.08.20 13:44,2026.08.20 06:44,4491.21,4491.38,0.17,125
2026.08.20 13:45,2026.08.20 06:45,4489.90,4490.07,0.17,136
2026.08.20 13:46,2026.08.20 06:46,4489.04,4489.21,0.17,129
2026.08.20 13:47,2026.08.20 06:47,4490.31,4490.48,0.17,135
2026.08.20 13:48,2026.08.20 06:48,4489.65,4489.82,0.17,109
2026.08.20 13:49,2026.08.20 06:49,4490.26,4490.43,0.17,84
2026.08.20 13:50,2026.08.20 06:50,4490.13,4490.30,0.17,104
2026.08.20 13:51,2026.08.20 06:51,4489.90,4490.07,0.17,125
2026.08.20 13:52,2026.08.20 06:52,4489.13,4489.30,0.17,114
2026.08.20 13:53,2026.08.20 06:53,4488.62,4488.79,0.17,122
2026.08.20 13:54,2026.08.20 06:54,4487.75,4487.92,0.17,174
2026.08.20 13:55,2026.08.20 06:55,4488.31,4488.48,0.17,114
2026.08.20 13:56,2026.08.20 06:56,4488.23,4488.40,0.17,142
2026.08.20 13:57,2026.08.20 06:57,4488.74,4488.91,0.17,131
2026.08.20 13:58,2026.08.20 06:58,4489.81,4489.98,0.17,145
2026.08.20 13:59,2026.08.20 06:59,4490.78,4490.95,0.17,171
2026.08.20 14:00,2026.08.20 07:00,4488.11,4488.28,0.17,331
2026.08.20 14:01,2026.08.20 07:01,4491.21,4491.38,0.17,199
2026.08.20 14:02,2026.08.20 07:02,4490.30,4490.47,0.17,188
2026.08.20 14:03,2026.08.20 07:03,4488.88,4489.05,0.17,189
2026.08.20 14:04,2026.08.20 07:04,4487.92,4488.09,0.17,195
2026.08.20 14:05,2026.08.20 07:05,4487.36,4487.53,0.17,202
2026.08.20 14:06,2026.08.20 07:06,4487.28,4487.45,0.17,178
2026.08.20 14:07,2026.08.20 07:07,4487.11,4487.28,0.17,158
2026.08.20 14:08,2026.08.20 07:08,4487.09,4487.26,0.17,174
2026.08.20 14:09,2026.08.20 07:09,4487.19,4487.36,0.17,141
2026.08.20 14:10,2026.08.20 07:10,4486.80,4486.97,0.17,157
2026.08.20 14:11,2026.08.20 07:11,4486.06,4486.23,0.17,174
2026.08.20 14:12,2026.08.20 07:12,4486.83,4487.00,0.17,153
2026.08.20 14:13,2026.08.20 07:13,4484.53,4484.70,0.17,170
2026.08.20 14:14,2026.08.20 07:14,4484.71,4484.88,0.17,218
2026.08.20 14:15,2026.08.20 07:15,4485.04,4485.21,0.17,165
2026.08.20 14:16,2026.08.20 07:16,4484.72,4484.89,0.17,143
2026.08.20 14:17,2026.08.20 07:17,4481.73,4481.90,0.17,156
2026.08.20 14:18,2026.08.20 07:18,4481.51,4481.68,0.17,182
2026.08.20 14:19,2026.08.20 07:19,4481.83,4482.00,0.17,172
2026.08.20 14:20,2026.08.20 07:20,4483.61,4483.78,0.17,195
2026.08.20 14:21,2026.08.20 07:21,4483.39,4483.56,0.17,199
2026.08.20 14:22,2026.08.20 07:22,4485.43,4485.60,0.17,157
2026.08.20 14:23,2026.08.20 07:23,4485.40,4485.57,0.17,150
2026.08.20 14:24,2026.08.20 07:24,4488.72,4488.89,0.17,193
2026.08.20 14:25,2026.08.20 07:25,4489.76,4489.93,0.17,182
2026.08.20 14:26,2026.08.20 07:26,4487.52,4487.69,0.17,172
2026.08.20 14:27,2026.08.20 07:27,4486.83,4487.00,0.17,164
2026.08.20 14:28,2026.08.20 07:28,4484.53,4484.70,0.17,193
2026.08.20 14:29,2026.08.20 07:29,4484.53,4484.70,0.17,136
2026.08.20 14:30,2026.08.20 07:30,4483.14,4483.31,0.17,174
2026.08.20 14:31,2026.08.20 07:31,4485.00,4485.17,0.17,175
2026.08.20 14:32,2026.08.20 07:32,4484.70,4484.87,0.17,183
2026.08.20 14:33,2026.08.20 07:33,4483.79,4483.96,0.17,203
2026.08.20 14:34,2026.08.20 07:34,4484.77,4484.94,0.17,176
2026.08.20 14:35,2026.08.20 07:35,4485.47,4485.64,0.17,195
2026.08.20 14:36,2026.08.20 07:36,4482.36,4482.53,0.17,208
2026.08.20 14:37,2026.08.20 07:37,4480.51,4480.68,0.17,227
2026.08.20 14:38,2026.08.20 07:38,4480.64,4480.81,0.17,220
2026.08.20 14:39,2026.08.20 07:39,4482.50,4482.67,0.17,216
2026.08.20 14:40,2026.08.20 07:40,4477.79,4477.96,0.17,242
2026.08.20 14:41,2026.08.20 07:41,4478.18,4478.35,0.17,303
2026.08.20 14:42,2026.08.20 07:42,4478.43,4478.60,0.17,241
2026.08.20 14:43,2026.08.20 07:43,4476.95,4477.12,0.17,218
2026.08.20 14:44,2026.08.20 07:44,4474.35,4474.52,0.17,265
2026.08.20 14:45,2026.08.20 07:45,4470.37,4470.54,0.17,303
2026.08.20 14:46,2026.08.20 07:46,4468.76,4468.93,0.17,267
2026.08.20 14:47,2026.08.20 07:47,4467.61,4467.78,0.17,303
2026.08.20 14:48,2026.08.20 07:48,4470.69,4470.86,0.17,300
2026.08.20 14:49,2026.08.20 07:49,4471.91,4472.08,0.17,268
2026.08.20 14:50,2026.08.20 07:50,4470.25,4470.42,0.17,306
2026.08.20 14:51,2026.08.20 07:51,4469.01,4469.18,0.17,302
2026.08.20 14:52,2026.08.20 07:52,4468.16,4468.33,0.17,288
2026.08.20 14:53,2026.08.20 07:53,4467.09,4467.26,0.17,314
2026.08.20 14:54,2026.08.20 07:54,4468.08,4468.25,0.17,253
2026.08.20 14:55,2026.08.20 07:55,4470.08,4470.25,0.17,294
2026.08.20 14:56,2026.08.20 07:56,4467.89,4468.06,0.17,311
2026.08.20 14:57,2026.08.20 07:57,4467.23,4467.40,0.17,276
2026.08.20 14:58,2026.08.20 07:58,4467.28,4467.45,0.17,238
2026.08.20 14:59,2026.08.20 07:59,4465.37,4465.54,0.17,227
2026.08.20 15:00,2026.08.20 08:00,4461.47,4461.64,0.17,361
2026.08.20 15:01,2026.08.20 08:01,4459.57,4459.74,0.17,362
2026.08.20 15:02,2026.08.20 08:02,4459.09,4459.26,0.17,355
2026.08.20 15:03,2026.08.20 08:03,4459.07,4459.24,0.17,316
2026.08.20 15:04,2026.08.20 08:04,4459.20,4459.37,0.17,342
2026.08.20 15:05,2026.08.20 08:05,4454.08,4454.25,0.17,373
2026.08.20 15:06,2026.08.20 08:06,4452.09,4452.34,0.25,391
2026.08.20 15:07,2026.08.20 08:07,4453.50,4453.69,0.19,373
2026.08.20 15:08,2026.08.20 08:08,4456.20,4456.37,0.17,334
2026.08.20 15:09,2026.08.20 08:09,4457.93,4458.10,0.17,324
2026.08.20 15:10,2026.08.20 08:10,4459.94,4460.11,0.17,303
2026.08.20 15:11,2026.08.20 08:11,4460.96,4461.13,0.17,311
2026.08.20 15:12,2026.08.20 08:12,4464.29,4464.46,0.17,297
2026.08.20 15:13,2026.08.20 08:13,4466.21,4466.38,0.17,300
2026.08.20 15:14,2026.08.20 08:14,4463.88,4464.05,0.17,283
2026.08.20 15:15,2026.08.20 08:15,4462.32,4462.49,0.17,312
2026.08.20 15:16,2026.08.20 08:16,4463.82,4463.99,0.17,320
2026.08.20 15:17,2026.08.20 08:17,4465.94,4466.11,0.17,339
2026.08.20 15:18,2026.08.20 08:18,4464.90,4465.07,0.17,318
2026.08.20 15:19,2026.08.20 08:19,4465.31,4465.48,0.17,318
2026.08.20 15:20,2026.08.20 08:20,4462.47,4462.64,0.17,336
2026.08.20 15:21,2026.08.20 08:21,4463.09,4463.26,0.17,263
2026.08.20 15:22,2026.08.20 08:22,4463.33,4463.50,0.17,264
2026.08.20 15:23,2026.08.20 08:23,4464.60,4464.77,0.17,297
2026.08.20 15:24,2026.08.20 08:24,4462.20,4462.37,0.17,298
2026.08.20 15:25,2026.08.20 08:25,4457.56,4457.73,0.17,332
2026.08.20 15:26,2026.08.20 08:26,4458.59,4458.76,0.17,300
2026.08.20 15:27,2026.08.20 08:27,4460.12,4460.29,0.17,238
2026.08.20 15:28,2026.08.20 08:28,4459.06,4459.23,0.17,270
2026.08.20 15:29,2026.08.20 08:29,4459.00,4459.27,0.27,210
2026.08.20 15:30,2026.08.20 08:30,4460.46,4460.67,0.21,48
2026.08.20 15:31,2026.08.20 08:31,4454.79,4454.96,0.17,492
2026.08.20 15:32,2026.08.20 08:32,4454.88,4455.05,0.17,239
2026.08.20 15:33,2026.08.20 08:33,4455.48,4455.65,0.17,318
2026.08.20 15:34,2026.08.20 08:34,4453.83,4454.00,0.17,297
2026.08.20 15:35,2026.08.20 08:35,4452.40,4452.57,0.17,344
2026.08.20 15:36,2026.08.20 08:36,4459.28,4459.45,0.17,340
2026.08.20 15:37,2026.08.20 08:37,4458.38,4458.55,0.17,292
2026.08.20 15:38,2026.08.20 08:38,4460.05,4460.22,0.17,244
2026.08.20 15:39,2026.08.20 08:39,4462.71,4462.88,0.17,271
2026.08.20 15:40,2026.08.20 08:40,4465.44,4465.61,0.17,291
2026.08.20 15:41,2026.08.20 08:41,4463.69,4463.86,0.17,306
2026.08.20 15:42,2026.08.20 08:42,4461.31,4461.48,0.17,272
2026.08.20 15:43,2026.08.20 08:43,4465.84,4466.01,0.17,284
2026.08.20 15:44,2026.08.20 08:44,4466.48,4466.65,0.17,253
2026.08.20 15:45,2026.08.20 08:45,4466.95,4467.12,0.17,237
2026.08.20 15:46,2026.08.20 08:46,4468.15,4468.32,0.17,230
2026.08.20 15:47,2026.08.20 08:47,4468.25,4468.42,0.17,217
2026.08.20 15:48,2026.08.20 08:48,4470.06,4470.23,0.17,269
2026.08.20 15:49,2026.08.20 08:49,4470.17,4470.34,0.17,255
2026.08.20 15:50,2026.08.20 08:50,4472.80,4472.97,0.17,218
2026.08.20 15:51,2026.08.20 08:51,4474.17,4474.34,0.17,258
2026.08.20 15:52,2026.08.20 08:52,4473.10,4473.27,0.17,227
2026.08.20 15:53,2026.08.20 08:53,4472.03,4472.20,0.17,224
2026.08.20 15:54,2026.08.20 08:54,4472.62,4472.79,0.17,206
2026.08.20 15:55,2026.08.20 08:55,4473.36,4473.53,0.17,240
2026.08.20 15:56,2026.08.20 08:56,4473.79,4473.96,0.17,236
2026.08.20 15:57,2026.08.20 08:57,4474.79,4474.96,0.17,251
2026.08.20 15:58,2026.08.20 08:58,4474.91,4475.08,0.17,297
2026.08.20 15:59,2026.08.20 08:59,4478.18,4478.37,0.19,317
2026.08.20 16:00,2026.08.20 09:00,4481.90,4482.07,0.17,408
2026.08.20 16:01,2026.08.20 09:01,4482.46,4482.63,0.17,329
2026.08.20 16:02,2026.08.20 09:02,4480.79,4480.96,0.17,342
2026.08.20 16:03,2026.08.20 09:03,4481.06,4481.23,0.17,331
2026.08.20 16:04,2026.08.20 09:04,4480.15,4480.32,0.17,318
2026.08.20 16:05,2026.08.20 09:05,4478.14,4478.31,0.17,345
2026.08.20 16:06,2026.08.20 09:06,4477.14,4477.31,0.17,297
2026.08.20 16:07,2026.08.20 09:07,4477.03,4477.20,0.17,287
2026.08.20 16:08,2026.08.20 09:08,4474.37,4474.54,0.17,299
2026.08.20 16:09,2026.08.20 09:09,4474.67,4474.84,0.17,299
2026.08.20 16:10,2026.08.20 09:10,4473.37,4473.54,0.17,253
2026.08.20 16:11,2026.08.20 09:11,4472.89,4473.06,0.17,288
2026.08.20 16:12,2026.08.20 09:12,4473.18,4473.35,0.17,290
2026.08.20 16:13,2026.08.20 09:13,4474.12,4474.29,0.17,320
2026.08.20 16:14,2026.08.20 09:14,4472.31,4472.48,0.17,315
2026.08.20 16:15,2026.08.20 09:15,4472.87,4473.04,0.17,337
2026.08.20 16:16,2026.08.20 09:16,4474.80,4474.97,0.17,327
2026.08.20 16:17,2026.08.20 09:17,4474.59,4474.76,0.17,280
2026.08.20 16:18,2026.08.20 09:18,4474.96,4475.13,0.17,292
2026.08.20 16:19,2026.08.20 09:19,4474.25,4474.42,0.17,263
2026.08.20 16:20,2026.08.20 09:20,4474.31,4474.48,0.17,266
2026.08.20 16:21,2026.08.20 09:21,4475.15,4475.32,0.17,299
2026.08.20 16:22,2026.08.20 09:22,4472.06,4472.23,0.17,276
2026.08.20 16:23,2026.08.20 09:23,4474.35,4474.52,0.17,213
2026.08.20 16:24,2026.08.20 09:24,4472.85,4473.02,0.17,213
2026.08.20 16:25,2026.08.20 09:25,4471.73,4471.90,0.17,261
2026.08.20 16:26,2026.08.20 09:26,4473.42,4473.59,0.17,277
2026.08.20 16:27,2026.08.20 09:27,4473.96,4474.13,0.17,303
2026.08.20 16:28,2026.08.20 09:28,4472.66,4472.83,0.17,249
2026.08.20 16:29,2026.08.20 09:29,4476.84,4477.01,0.17,315
2026.08.20 16:30,2026.08.20 09:30,4472.72,4472.89,0.17,446
2026.08.20 16:31,2026.08.20 09:31,4469.52,4469.69,0.17,398
2026.08.20 16:32,2026.08.20 09:32,4471.16,4471.33,0.17,417
2026.08.20 16:33,2026.08.20 09:33,4474.78,4474.95,0.17,372
2026.08.20 16:34,2026.08.20 09:34,4475.22,4475.39,0.17,351
2026.08.20 16:35,2026.08.20 09:35,4483.22,4483.39,0.17,484
2026.08.20 16:36,2026.08.20 09:36,4479.80,4479.97,0.17,411
2026.08.20 16:37,2026.08.20 09:37,4482.93,4483.10,0.17,413
2026.08.20 16:38,2026.08.20 09:38,4486.08,4486.25,0.17,394
2026.08.20 16:39,2026.08.20 09:39,4481.44,4481.61,0.17,380
2026.08.20 16:40,2026.08.20 09:40,4478.82,4478.99,0.17,389
2026.08.20 16:41,2026.08.20 09:41,4484.35,4484.52,0.17,421
2026.08.20 16:42,2026.08.20 09:42,4486.83,4487.00,0.17,412
2026.08.20 16:43,2026.08.20 09:43,4486.51,4486.68,0.17,359
2026.08.20 16:44,2026.08.20 09:44,4488.86,4489.03,0.17,347
2026.08.20 16:45,2026.08.20 09:45,4485.15,4485.33,0.18,385
2026.08.20 16:46,2026.08.20 09:46,4483.25,4483.42,0.17,411
2026.08.20 16:47,2026.08.20 09:47,4483.11,4483.28,0.17,402
2026.08.20 16:48,2026.08.20 09:48,4480.66,4480.83,0.17,380
2026.08.20 16:49,2026.08.20 09:49,4481.63,4481.80,0.17,396
2026.08.20 16:50,2026.08.20 09:50,4482.96,4483.13,0.17,433
2026.08.20 16:51,2026.08.20 09:51,4481.86,4482.03,0.17,393
2026.08.20 16:52,2026.08.20 09:52,4486.41,4486.58,0.17,405
2026.08.20 16:53,2026.08.20 09:53,4483.69,4483.86,0.17,363
2026.08.20 16:54,2026.08.20 09:54,4485.02,4485.19,0.17,350
2026.08.20 16:55,2026.08.20 09:55,4483.76,4483.93,0.17,355
2026.08.20 16:56,2026.08.20 09:56,4482.36,4482.53,0.17,382
2026.08.20 16:57,2026.08.20 09:57,4480.60,4480.77,0.17,375
2026.08.20 16:58,2026.08.20 09:58,4481.75,4481.92,0.17,327
2026.08.20 16:59,2026.08.20 09:59,4482.68,4482.85,0.17,354
2026.08.20 17:00,2026.08.20 10:00,4489.38,4489.55,0.17,395
2026.08.20 17:01,2026.08.20 10:01,4488.57,4488.74,0.17,411
2026.08.20 17:02,2026.08.20 10:02,4487.46,4487.63,0.17,383
2026.08.20 17:03,2026.08.20 10:03,4484.72,4484.89,0.17,425
2026.08.20 17:04,2026.08.20 10:04,4483.15,4483.32,0.17,366
2026.08.20 17:05,2026.08.20 10:05,4481.95,4482.12,0.17,357
2026.08.20 17:06,2026.08.20 10:06,4482.26,4482.43,0.17,378
2026.08.20 17:07,2026.08.20 10:07,4484.25,4484.42,0.17,359
2026.08.20 17:08,2026.08.20 10:08,4485.63,4485.80,0.17,353
2026.08.20 17:09,2026.08.20 10:09,4485.36,4485.53,0.17,399
2026.08.20 17:10,2026.08.20 10:10,4488.39,4488.56,0.17,418
2026.08.20 17:11,2026.08.20 10:11,4486.58,4486.75,0.17,427
2026.08.20 17:12,2026.08.20 10:12,4487.37,4487.54,0.17,394
2026.08.20 17:13,2026.08.20 10:13,4485.23,4485.40,0.17,383
2026.08.20 17:14,2026.08.20 10:14,4485.27,4485.44,0.17,355
2026.08.20 17:15,2026.08.20 10:15,4486.59,4486.76,0.17,359
2026.08.20 17:16,2026.08.20 10:16,4488.06,4488.23,0.17,346
2026.08.20 17:17,2026.08.20 10:17,4487.68,4487.85,0.17,376
2026.08.20 17:18,2026.08.20 10:18,4487.21,4487.38,0.17,378
2026.08.20 17:19,2026.08.20 10:19,4482.42,4482.59,0.17,392
2026.08.20 17:20,2026.08.20 10:20,4487.34,4487.51,0.17,412
2026.08.20 17:21,2026.08.20 10:21,4488.65,4488.82,0.17,375
2026.08.20 17:22,2026.08.20 10:22,4487.27,4487.44,0.17,420
2026.08.20 17:23,2026.08.20 10:23,4492.96,4493.13,0.17,393
2026.08.20 17:24,2026.08.20 10:24,4490.97,4491.14,0.17,397
2026.08.20 17:25,2026.08.20 10:25,4489.62,4489.79,0.17,396
2026.08.20 17:26,2026.08.20 10:26,4488.74,4488.91,0.17,339
2026.08.20 17:27,2026.08.20 10:27,4487.19,4487.36,0.17,347
2026.08.20 17:28,2026.08.20 10:28,4491.45,4491.62,0.17,372
2026.08.20 17:29,2026.08.20 10:29,4492.74,4492.91,0.17,367
2026.08.20 17:30,2026.08.20 10:30,4493.45,4493.62,0.17,383
2026.08.20 17:31,2026.08.20 10:31,4494.07,4494.24,0.17,329
2026.08.20 17:32,2026.08.20 10:32,4494.57,4494.74,0.17,349
2026.08.20 17:33,2026.08.20 10:33,4496.74,4496.91,0.17,348
2026.08.20 17:34,2026.08.20 10:34,4494.14,4494.31,0.17,348
2026.08.20 17:35,2026.08.20 10:35,4498.21,4498.38,0.17,382
2026.08.20 17:36,2026.08.20 10:36,4499.47,4499.64,0.17,396
2026.08.20 17:37,2026.08.20 10:37,4496.60,4496.77,0.17,340
2026.08.20 17:38,2026.08.20 10:38,4496.94,4497.11,0.17,324
2026.08.20 17:39,2026.08.20 10:39,4495.66,4495.83,0.17,310
2026.08.20 17:40,2026.08.20 10:40,4496.26,4496.43,0.17,313
2026.08.20 17:41,2026.08.20 10:41,4494.85,4495.02,0.17,322
2026.08.20 17:42,2026.08.20 10:42,4499.71,4499.88,0.17,302
2026.08.20 17:43,2026.08.20 10:43,4500.16,4500.33,0.17,300
2026.08.20 17:44,2026.08.20 10:44,4499.69,4499.86,0.17,291
2026.08.20 17:45,2026.08.20 10:45,4502.02,4502.19,0.17,286
2026.08.20 17:46,2026.08.20 10:46,4504.50,4504.67,0.17,326
2026.08.20 17:47,2026.08.20 10:47,4504.19,4504.36,0.17,318
2026.08.20 17:48,2026.08.20 10:48,4506.03,4506.20,0.17,313
2026.08.20 17:49,2026.08.20 10:49,4508.13,4508.30,0.17,327
2026.08.20 17:50,2026.08.20 10:50,4507.11,4507.28,0.17,325
2026.08.20 17:51,2026.08.20 10:51,4504.76,4504.93,0.17,315
2026.08.20 17:52,2026.08.20 10:52,4508.49,4508.66,0.17,328
2026.08.20 17:53,2026.08.20 10:53,4508.83,4509.03,0.20,304
2026.08.20 17:54,2026.08.20 10:54,4509.96,4510.13,0.17,298
2026.08.20 17:55,2026.08.20 10:55,4511.09,4511.26,0.17,386
2026.08.20 17:56,2026.08.20 10:56,4514.80,4514.97,0.17,313
2026.08.20 17:57,2026.08.20 10:57,4516.01,4516.18,0.17,378
2026.08.20 17:58,2026.08.20 10:58,4514.45,4514.62,0.17,343
2026.08.20 17:59,2026.08.20 10:59,4515.73,4515.90,0.17,322
2026.08.20 18:00,2026.08.20 11:00,4516.82,4516.99,0.17,379
2026.08.20 18:01,2026.08.20 11:01,4527.46,4527.76,0.30,441
2026.08.20 18:02,2026.08.20 11:02,4528.61,4528.78,0.17,505
2026.08.20 18:03,2026.08.20 11:03,4531.41,4531.58,0.17,483
2026.08.20 18:04,2026.08.20 11:04,4531.16,4531.35,0.19,465
2026.08.20 18:05,2026.08.20 11:05,4527.57,4527.74,0.17,473
2026.08.20 18:06,2026.08.20 11:06,4524.23,4524.40,0.17,475
2026.08.20 18:07,2026.08.20 11:07,4530.47,4530.64,0.17,432
2026.08.20 18:08,2026.08.20 11:08,4526.36,4526.53,0.17,441
2026.08.20 18:09,2026.08.20 11:09,4527.32,4527.49,0.17,458
2026.08.20 18:10,2026.08.20 11:10,4523.62,4523.79,0.17,452
2026.08.20 18:11,2026.08.20 11:11,4525.47,4525.64,0.17,451
2026.08.20 18:12,2026.08.20 11:12,4534.67,4534.84,0.17,448
2026.08.20 18:13,2026.08.20 11:13,4536.05,4536.22,0.17,460
2026.08.20 18:14,2026.08.20 11:14,4534.35,4534.52,0.17,454
2026.08.20 18:15,2026.08.20 11:15,4534.97,4535.14,0.17,423
2026.08.20 18:16,2026.08.20 11:16,4534.83,4535.00,0.17,439
2026.08.20 18:17,2026.08.20 11:17,4537.53,4537.70,0.17,446
2026.08.20 18:18,2026.08.20 11:18,4537.71,4537.88,0.17,435
2026.08.20 18:19,2026.08.20 11:19,4540.01,4540.18,0.17,399
2026.08.20 18:20,2026.08.20 11:20,4532.51,4532.68,0.17,433
2026.08.20 18:21,2026.08.20 11:21,4527.12,4527.29,0.17,437
2026.08.20 18:22,2026.08.20 11:22,4525.09,4525.26,0.17,409
2026.08.20 18:23,2026.08.20 11:23,4525.10,4525.27,0.17,380
2026.08.20 18:24,2026.08.20 11:24,4526.69,4526.86,0.17,395
2026.08.20 18:25,2026.08.20 11:25,4528.47,4528.64,0.17,394
2026.08.20 18:26,2026.08.20 11:26,4529.05,4529.22,0.17,366
2026.08.20 18:27,2026.08.20 11:27,4532.45,4532.62,0.17,419
2026.08.20 18:28,2026.08.20 11:28,4531.54,4531.71,0.17,385
2026.08.20 18:29,2026.08.20 11:29,4531.09,4531.26,0.17,426
2026.08.20 18:30,2026.08.20 11:30,4528.79,4528.96,0.17,426
2026.08.20 18:31,2026.08.20 11:31,4526.71,4526.88,0.17,360
2026.08.20 18:32,2026.08.20 11:32,4527.47,4527.64,0.17,373
2026.08.20 18:33,2026.08.20 11:33,4523.45,4523.62,0.17,375
2026.08.20 18:34,2026.08.20 11:34,4522.75,4522.92,0.17,372
2026.08.20 18:35,2026.08.20 11:35,4521.46,4521.63,0.17,381
2026.08.20 18:36,2026.08.20 11:36,4523.45,4523.62,0.17,366
2026.08.20 18:37,2026.08.20 11:37,4522.79,4522.96,0.17,340
2026.08.20 18:38,2026.08.20 11:38,4520.38,4520.55,0.17,343
2026.08.20 18:39,2026.08.20 11:39,4518.84,4519.01,0.17,356
2026.08.20 18:40,2026.08.20 11:40,4516.82,4516.99,0.17,321
2026.08.20 18:41,2026.08.20 11:41,4516.09,4516.26,0.17,348
2026.08.20 18:42,2026.08.20 11:42,4517.40,4517.57,0.17,312
2026.08.20 18:43,2026.08.20 11:43,4512.01,4512.18,0.17,375
2026.08.20 18:44,2026.08.20 11:44,4511.63,4511.80,0.17,339
2026.08.20 18:45,2026.08.20 11:45,4514.68,4514.85,0.17,343
2026.08.20 18:46,2026.08.20 11:46,4518.92,4519.09,0.17,358
2026.08.20 18:47,2026.08.20 11:47,4520.37,4520.54,0.17,320
2026.08.20 18:48,2026.08.20 11:48,4520.85,4521.02,0.17,348
2026.08.20 18:49,2026.08.20 11:49,4519.87,4520.04,0.17,331
2026.08.20 18:50,2026.08.20 11:50,4518.87,4519.04,0.17,345
2026.08.20 18:51,2026.08.20 11:51,4519.17,4519.34,0.17,366
2026.08.20 18:52,2026.08.20 11:52,4516.38,4516.55,0.17,370
2026.08.20 18:53,2026.08.20 11:53,4518.26,4518.43,0.17,313
2026.08.20 18:54,2026.08.20 11:54,4519.68,4519.85,0.17,328
2026.08.20 18:55,2026.08.20 11:55,4520.95,4521.12,0.17,320
2026.08.20 18:56,2026.08.20 11:56,4522.74,4522.91,0.17,277
2026.08.20 18:57,2026.08.20 11:57,4522.75,4522.92,0.17,310
2026.08.20 18:58,2026.08.20 11:58,4523.72,4523.89,0.17,314
2026.08.20 18:59,2026.08.20 11:59,4522.57,4522.74,0.17,299
2026.08.20 19:00,2026.08.20 12:00,4523.85,4524.02,0.17,343
2026.08.20 19:01,2026.08.20 12:01,4524.32,4524.49,0.17,293
2026.08.20 19:02,2026.08.20 12:02,4524.08,4524.25,0.17,297
2026.08.20 19:03,2026.08.20 12:03,4522.20,4522.37,0.17,319
2026.08.20 19:04,2026.08.20 12:04,4520.55,4520.72,0.17,306
2026.08.20 19:05,2026.08.20 12:05,4520.16,4520.33,0.17,305
2026.08.20 19:06,2026.08.20 12:06,4519.97,4520.14,0.17,296
2026.08.20 19:07,2026.08.20 12:07,4519.47,4519.64,0.17,264
2026.08.20 19:08,2026.08.20 12:08,4519.89,4520.06,0.17,250
2026.08.20 19:09,2026.08.20 12:09,4519.56,4519.73,0.17,274
2026.08.20 19:10,2026.08.20 12:10,4519.29,4519.46,0.17,272
2026.08.20 19:11,2026.08.20 12:11,4514.17,4514.34,0.17,298
2026.08.20 19:12,2026.08.20 12:12,4514.16,4514.33,0.17,288
2026.08.20 19:13,2026.08.20 12:13,4510.69,4510.86,0.17,263
2026.08.20 19:14,2026.08.20 12:14,4510.67,4510.84,0.17,333
2026.08.20 19:15,2026.08.20 12:15,4509.46,4509.63,0.17,315
2026.08.20 19:16,2026.08.20 12:16,4509.54,4509.71,0.17,317
2026.08.20 19:17,2026.08.20 12:17,4510.63,4510.80,0.17,306
2026.08.20 19:18,2026.08.20 12:18,4511.42,4511.59,0.17,219
2026.08.20 19:19,2026.08.20 12:19,4512.04,4512.21,0.17,254
2026.08.20 19:20,2026.08.20 12:20,4510.38,4510.55,0.17,284
2026.08.20 19:21,2026.08.20 12:21,4509.40,4509.57,0.17,235
2026.08.20 19:22,2026.08.20 12:22,4511.19,4511.36,0.17,298
2026.08.20 19:23,2026.08.20 12:23,4509.98,4510.15,0.17,279
2026.08.20 19:24,2026.08.20 12:24,4511.40,4511.57,0.17,249
2026.08.20 19:25,2026.08.20 12:25,4508.38,4508.55,0.17,261
2026.08.20 19:26,2026.08.20 12:26,4508.45,4508.62,0.17,288
2026.08.20 19:27,2026.08.20 12:27,4505.58,4505.75,0.17,260
2026.08.20 19:28,2026.08.20 12:28,4508.78,4508.95,0.17,273
2026.08.20 19:29,2026.08.20 12:29,4509.19,4509.36,0.17,262
2026.08.20 19:30,2026.08.20 12:30,4506.59,4506.76,0.17,312
2026.08.20 19:31,2026.08.20 12:31,4503.35,4503.52,0.17,256
2026.08.20 19:32,2026.08.20 12:32,4505.36,4505.53,0.17,285
2026.08.20 19:33,2026.08.20 12:33,4508.73,4508.90,0.17,284
2026.08.20 19:34,2026.08.20 12:34,4509.18,4509.35,0.17,285
2026.08.20 19:35,2026.08.20 12:35,4511.21,4511.38,0.17,293
2026.08.20 19:36,2026.08.20 12:36,4511.06,4511.23,0.17,292
2026.08.20 19:37,2026.08.20 12:37,4508.06,4508.23,0.17,255
2026.08.20 19:38,2026.08.20 12:38,4507.67,4507.84,0.17,273
2026.08.20 19:39,2026.08.20 12:39,4507.74,4507.91,0.17,279
2026.08.20 19:40,2026.08.20 12:40,4509.41,4509.58,0.17,254
2026.08.20 19:41,2026.08.20 12:41,4509.75,4509.92,0.17,243
2026.08.20 19:42,2026.08.20 12:42,4508.22,4508.39,0.17,237
2026.08.20 19:43,2026.08.20 12:43,4508.86,4509.03,0.17,263
2026.08.20 19:44,2026.08.20 12:44,4508.69,4508.86,0.17,246
2026.08.20 19:45,2026.08.20 12:45,4510.32,4510.49,0.17,220
2026.08.20 19:46,2026.08.20 12:46,4512.21,4512.38,0.17,243
2026.08.20 19:47,2026.08.20 12:47,4511.65,4511.82,0.17,242
2026.08.20 19:48,2026.08.20 12:48,4511.69,4511.86,0.17,263
2026.08.20 19:49,2026.08.20 12:49,4512.76,4512.93,0.17,238
2026.08.20 19:50,2026.08.20 12:50,4511.57,4511.74,0.17,266
2026.08.20 19:51,2026.08.20 12:51,4511.51,4511.68,0.17,242
2026.08.20 19:52,2026.08.20 12:52,4510.59,4510.76,0.17,212
2026.08.20 19:53,2026.08.20 12:53,4510.77,4510.94,0.17,239
2026.08.20 19:54,2026.08.20 12:54,4509.32,4509.49,0.17,236
2026.08.20 19:55,2026.08.20 12:55,4509.62,4509.79,0.17,261
2026.08.20 19:56,2026.08.20 12:56,4509.13,4509.30,0.17,237
2026.08.20 19:57,2026.08.20 12:57,4510.29,4510.46,0.17,301
2026.08.20 19:58,2026.08.20 12:58,4508.31,4508.48,0.17,236
2026.08.20 19:59,2026.08.20 12:59,4510.28,4510.45,0.17,258
2026.08.20 20:00,2026.08.20 13:00,4512.30,4512.47,0.17,227
2026.08.20 20:01,2026.08.20 13:01,4512.90,4513.07,0.17,209
2026.08.20 20:02,2026.08.20 13:02,4511.36,4511.53,0.17,272
2026.08.20 20:03,2026.08.20 13:03,4511.93,4512.10,0.17,223
2026.08.20 20:04,2026.08.20 13:04,4511.48,4511.65,0.17,201
2026.08.20 20:05,2026.08.20 13:05,4511.38,4511.55,0.17,200
2026.08.20 20:06,2026.08.20 13:06,4510.08,4510.25,0.17,218
2026.08.20 20:07,2026.08.20 13:07,4510.24,4510.41,0.17,188
2026.08.20 20:08,2026.08.20 13:08,4509.15,4509.32,0.17,264
2026.08.20 20:09,2026.08.20 13:09,4510.24,4510.41,0.17,217
2026.08.20 20:10,2026.08.20 13:10,4508.47,4508.64,0.17,222
2026.08.20 20:11,2026.08.20 13:11,4509.14,4509.31,0.17,252
2026.08.20 20:12,2026.08.20 13:12,4509.24,4509.41,0.17,195
2026.08.20 20:13,2026.08.20 13:13,4508.38,4508.55,0.17,206
2026.08.20 20:14,2026.08.20 13:14,4508.99,4509.16,0.17,254
2026.08.20 20:15,2026.08.20 13:15,4508.68,4508.85,0.17,247
2026.08.20 20:16,2026.08.20 13:16,4510.92,4511.09,0.17,263
2026.08.20 20:17,2026.08.20 13:17,4510.82,4510.99,0.17,237
2026.08.20 20:18,2026.08.20 13:18,4510.61,4510.78,0.17,236
2026.08.20 20:19,2026.08.20 13:19,4508.75,4508.92,0.17,255
2026.08.20 20:20,2026.08.20 13:20,4512.03,4512.20,0.17,253
2026.08.20 20:21,2026.08.20 13:21,4512.16,4512.33,0.17,246
2026.08.20 20:22,2026.08.20 13:22,4512.17,4512.34,0.17,256
2026.08.20 20:23,2026.08.20 13:23,4511.30,4511.47,0.17,213
2026.08.20 20:24,2026.08.20 13:24,4511.15,4511.32,0.17,294
2026.08.20 20:25,2026.08.20 13:25,4511.30,4511.47,0.17,257
2026.08.20 20:26,2026.08.20 13:26,4512.84,4513.01,0.17,233
2026.08.20 20:27,2026.08.20 13:27,4511.19,4511.36,0.17,273
2026.08.20 20:28,2026.08.20 13:28,4515.79,4515.96,0.17,207
2026.08.20 20:29,2026.08.20 13:29,4512.56,4512.73,0.17,367
2026.08.20 20:30,2026.08.20 13:30,4512.05,4512.22,0.17,272
2026.08.20 20:31,2026.08.20 13:31,4516.40,4516.57,0.17,247
2026.08.20 20:32,2026.08.20 13:32,4516.18,4516.35,0.17,218
2026.08.20 20:33,2026.08.20 13:33,4517.31,4517.48,0.17,240
2026.08.20 20:34,2026.08.20 13:34,4518.08,4518.25,0.17,244
2026.08.20 20:35,2026.08.20 13:35,4516.27,4516.44,0.17,259
2026.08.20 20:36,2026.08.20 13:36,4516.73,4516.90,0.17,215
2026.08.20 20:37,2026.08.20 13:37,4516.82,4516.99,0.17,187
2026.08.20 20:38,2026.08.20 13:38,4517.77,4517.94,0.17,192
2026.08.20 20:39,2026.08.20 13:39,4516.55,4516.72,0.17,187
2026.08.20 20:40,2026.08.20 13:40,4517.01,4517.18,0.17,189
2026.08.20 20:41,2026.08.20 13:41,4516.81,4516.98,0.17,187
2026.08.20 20:42,2026.08.20 13:42,4517.02,4517.19,0.17,195
2026.08.20 20:43,2026.08.20 13:43,4517.80,4517.97,0.17,213
2026.08.20 20:44,2026.08.20 13:44,4517.77,4517.94,0.17,178
2026.08.20 20:45,2026.08.20 13:45,4518.61,4518.78,0.17,197
2026.08.20 20:46,2026.08.20 13:46,4520.15,4520.32,0.17,215
2026.08.20 20:47,2026.08.20 13:47,4520.04,4520.21,0.17,199
2026.08.20 20:48,2026.08.20 13:48,4519.42,4519.59,0.17,217
2026.08.20 20:49,2026.08.20 13:49,4519.29,4519.46,0.17,221
2026.08.20 20:50,2026.08.20 13:50,4518.87,4519.04,0.17,228
2026.08.20 20:51,2026.08.20 13:51,4518.37,4518.54,0.17,216
2026.08.20 20:52,2026.08.20 13:52,4518.31,4518.48,0.17,201
2026.08.20 20:53,2026.08.20 13:53,4517.82,4517.99,0.17,184
2026.08.20 20:54,2026.08.20 13:54,4518.72,4518.89,0.17,155
2026.08.20 20:55,2026.08.20 13:55,4518.57,4518.74,0.17,206
2026.08.20 20:56,2026.08.20 13:56,4518.96,4519.13,0.17,214
2026.08.20 20:57,2026.08.20 13:57,4520.04,4520.21,0.17,200
2026.08.20 20:58,2026.08.20 13:58,4519.83,4520.00,0.17,193
2026.08.20 20:59,2026.08.20 13:59,4520.32,4520.49,0.17,195
2026.08.20 21:00,2026.08.20 14:00,4520.26,4520.43,0.17,251
2026.08.20 21:01,2026.08.20 14:01,4519.52,4519.69,0.17,281
2026.08.20 21:02,2026.08.20 14:02,4520.98,4521.15,0.17,244
2026.08.20 21:03,2026.08.20 14:03,4522.06,4522.23,0.17,233
2026.08.20 21:04,2026.08.20 14:04,4521.84,4522.01,0.17,236
2026.08.20 21:05,2026.08.20 14:05,4521.20,4521.37,0.17,253
2026.08.20 21:06,2026.08.20 14:06,4519.29,4519.46,0.17,225
2026.08.20 21:07,2026.08.20 14:07,4515.89,4516.06,0.17,272
2026.08.20 21:08,2026.08.20 14:08,4516.24,4516.41,0.17,245
2026.08.20 21:09,2026.08.20 14:09,4515.87,4516.04,0.17,227
2026.08.20 21:10,2026.08.20 14:10,4514.22,4514.39,0.17,279
2026.08.20 21:11,2026.08.20 14:11,4513.22,4513.39,0.17,279
2026.08.20 21:12,2026.08.20 14:12,4510.91,4511.08,0.17,289
2026.08.20 21:13,2026.08.20 14:13,4511.03,4511.20,0.17,237
2026.08.20 21:14,2026.08.20 14:14,4510.73,4510.90,0.17,296
2026.08.20 21:15,2026.08.20 14:15,4511.43,4511.60,0.17,305
2026.08.20 21:16,2026.08.20 14:16,4509.55,4509.72,0.17,275
2026.08.20 21:17,2026.08.20 14:17,4509.26,4509.43,0.17,246
2026.08.20 21:18,2026.08.20 14:18,4514.45,4514.62,0.17,278
2026.08.20 21:19,2026.08.20 14:19,4515.57,4515.74,0.17,251
2026.08.20 21:20,2026.08.20 14:20,4515.65,4515.82,0.17,251
2026.08.20 21:21,2026.08.20 14:21,4516.97,4517.14,0.17,239
2026.08.20 21:22,2026.08.20 14:22,4516.83,4517.00,0.17,244
2026.08.20 21:23,2026.08.20 14:23,4516.01,4516.18,0.17,230
2026.08.20 21:24,2026.08.20 14:24,4517.18,4517.35,0.17,165
2026.08.20 21:25,2026.08.20 14:25,4518.54,4518.71,0.17,260
2026.08.20 21:26,2026.08.20 14:26,4518.91,4519.08,0.17,212
2026.08.20 21:27,2026.08.20 14:27,4519.24,4519.41,0.17,202
2026.08.20 21:28,2026.08.20 14:28,4519.08,4519.25,0.17,247
2026.08.20 21:29,2026.08.20 14:29,4518.92,4519.09,0.17,234
2026.08.20 21:30,2026.08.20 14:30,4520.48,4520.65,0.17,264
2026.08.20 21:31,2026.08.20 14:31,4520.26,4520.43,0.17,205
2026.08.20 21:32,2026.08.20 14:32,4520.61,4520.78,0.17,187
2026.08.20 21:33,2026.08.20 14:33,4519.29,4519.46,0.17,188
2026.08.20 21:34,2026.08.20 14:34,4519.36,4519.53,0.17,186
2026.08.20 21:35,2026.08.20 14:35,4519.61,4519.78,0.17,248
2026.08.20 21:36,2026.08.20 14:36,4522.15,4522.32,0.17,231
2026.08.20 21:37,2026.08.20 14:37,4521.82,4521.99,0.17,231
2026.08.20 21:38,2026.08.20 14:38,4521.95,4522.12,0.17,215
2026.08.20 21:39,2026.08.20 14:39,4520.94,4521.11,0.17,198
2026.08.20 21:40,2026.08.20 14:40,4521.25,4521.42,0.17,216
2026.08.20 21:41,2026.08.20 14:41,4521.20,4521.37,0.17,186
2026.08.20 21:42,2026.08.20 14:42,4521.42,4521.59,0.17,210
2026.08.20 21:43,2026.08.20 14:43,4521.03,4521.20,0.17,188
2026.08.20 21:44,2026.08.20 14:44,4520.73,4520.90,0.17,243
2026.08.20 21:45,2026.08.20 14:45,4518.59,4518.76,0.17,279
2026.08.20 21:46,2026.08.20 14:46,4518.51,4518.68,0.17,211
2026.08.20 21:47,2026.08.20 14:47,4518.84,4519.01,0.17,200
2026.08.20 21:48,2026.08.20 14:48,4520.72,4520.89,0.17,203
2026.08.20 21:49,2026.08.20 14:49,4521.68,4521.85,0.17,209
2026.08.20 21:50,2026.08.20 14:50,4523.52,4523.69,0.17,202
2026.08.20 21:51,2026.08.20 14:51,4524.75,4524.92,0.17,218
2026.08.20 21:52,2026.08.20 14:52,4524.09,4524.26,0.17,202
2026.08.20 21:53,2026.08.20 14:53,4524.08,4524.25,0.17,201
2026.08.20 21:54,2026.08.20 14:54,4524.82,4524.99,0.17,190
2026.08.20 21:55,2026.08.20 14:55,4523.74,4523.91,0.17,254
2026.08.20 21:56,2026.08.20 14:56,4523.93,4524.10,0.17,230
2026.08.20 21:57,2026.08.20 14:57,4522.67,4522.84,0.17,200
2026.08.20 21:58,2026.08.20 14:58,4521.96,4522.13,0.17,183
2026.08.20 21:59,2026.08.20 14:59,4520.37,4520.59,0.22,251
2026.08.20 22:00,2026.08.20 15:00,4521.73,4521.90,0.17,259
2026.08.20 22:01,2026.08.20 15:01,4520.78,4520.95,0.17,177
2026.08.20 22:02,2026.08.20 15:02,4521.72,4521.89,0.17,174
2026.08.20 22:03,2026.08.20 15:03,4521.88,4522.05,0.17,179
2026.08.20 22:04,2026.08.20 15:04,4521.96,4522.13,0.17,169
2026.08.20 22:05,2026.08.20 15:05,4522.60,4522.77,0.17,169
2026.08.20 22:06,2026.08.20 15:06,4523.49,4523.66,0.17,159
2026.08.20 22:07,2026.08.20 15:07,4523.93,4524.10,0.17,158
2026.08.20 22:08,2026.08.20 15:08,4525.06,4525.23,0.17,138
2026.08.20 22:09,2026.08.20 15:09,4525.87,4526.04,0.17,173
2026.08.20 22:10,2026.08.20 15:10,4524.54,4524.73,0.19,178
2026.08.20 22:11,2026.08.20 15:11,4525.13,4525.30,0.17,161
2026.08.20 22:12,2026.08.20 15:12,4526.82,4526.99,0.17,163
2026.08.20 22:13,2026.08.20 15:13,4527.78,4527.95,0.17,183
2026.08.20 22:14,2026.08.20 15:14,4527.94,4528.11,0.17,168
2026.08.20 22:15,2026.08.20 15:15,4528.27,4528.44,0.17,170
2026.08.20 22:16,2026.08.20 15:16,4528.38,4528.55,0.17,187
2026.08.20 22:17,2026.08.20 15:17,4528.01,4528.18,0.17,179
2026.08.20 22:18,2026.08.20 15:18,4527.17,4527.34,0.17,166
2026.08.20 22:19,2026.08.20 15:19,4526.30,4526.47,0.17,175
2026.08.20 22:20,2026.08.20 15:20,4524.98,4525.15,0.17,191
2026.08.20 22:21,2026.08.20 15:21,4524.81,4524.98,0.17,213
2026.08.20 22:22,2026.08.20 15:22,4526.35,4526.52,0.17,179
2026.08.20 22:23,2026.08.20 15:23,4527.53,4527.70,0.17,163
2026.08.20 22:24,2026.08.20 15:24,4527.13,4527.30,0.17,156
2026.08.20 22:25,2026.08.20 15:25,4527.49,4527.66,0.17,164
2026.08.20 22:26,2026.08.20 15:26,4525.75,4525.92,0.17,159
2026.08.20 22:27,2026.08.20 15:27,4524.80,4524.97,0.17,172
2026.08.20 22:28,2026.08.20 15:28,4523.88,4524.05,0.17,151
2026.08.20 22:29,2026.08.20 15:29,4522.94,4523.11,0.17,160
2026.08.20 22:30,2026.08.20 15:30,4523.13,4523.30,0.17,251
2026.08.20 22:31,2026.08.20 15:31,4523.78,4523.95,0.17,185
2026.08.20 22:32,2026.08.20 15:32,4523.94,4524.11,0.17,147
2026.08.20 22:33,2026.08.20 15:33,4523.46,4523.63,0.17,136
2026.08.20 22:34,2026.08.20 15:34,4523.34,4523.51,0.17,172
2026.08.20 22:35,2026.08.20 15:35,4524.59,4524.76,0.17,180
2026.08.20 22:36,2026.08.20 15:36,4525.15,4525.32,0.17,244
2026.08.20 22:37,2026.08.20 15:37,4529.09,4529.26,0.17,204
2026.08.20 22:38,2026.08.20 15:38,4528.05,4528.22,0.17,209
2026.08.20 22:39,2026.08.20 15:39,4528.84,4529.01,0.17,182
2026.08.20 22:40,2026.08.20 15:40,4527.58,4527.75,0.17,193
2026.08.20 22:41,2026.08.20 15:41,4527.94,4528.11,0.17,173
2026.08.20 22:42,2026.08.20 15:42,4527.25,4527.42,0.17,192
2026.08.20 22:43,2026.08.20 15:43,4526.89,4527.06,0.17,173
2026.08.20 22:44,2026.08.20 15:44,4525.53,4525.70,0.17,202
2026.08.20 22:45,2026.08.20 15:45,4527.97,4528.14,0.17,220
2026.08.20 22:46,2026.08.20 15:46,4525.56,4525.73,0.17,203
2026.08.20 22:47,2026.08.20 15:47,4525.78,4525.95,0.17,205
2026.08.20 22:48,2026.08.20 15:48,4529.07,4529.24,0.17,218
2026.08.20 22:49,2026.08.20 15:49,4529.44,4529.61,0.17,223
2026.08.20 22:50,2026.08.20 15:50,4531.29,4531.46,0.17,261
2026.08.20 22:51,2026.08.20 15:51,4528.66,4528.83,0.17,253
2026.08.20 22:52,2026.08.20 15:52,4529.82,4529.99,0.17,234
2026.08.20 22:53,2026.08.20 15:53,4531.60,4531.77,0.17,207
2026.08.20 22:54,2026.08.20 15:54,4530.94,4531.11,0.17,233
2026.08.20 22:55,2026.08.20 15:55,4530.50,4530.67,0.17,266
2026.08.20 22:56,2026.08.20 15:56,4527.84,4528.04,0.20,245
2026.08.20 22:57,2026.08.20 15:57,4528.93,4529.13,0.20,258
2026.08.20 22:58,2026.08.20 15:58,4527.87,4528.04,0.17,256
2026.08.20 22:59,2026.08.20 15:59,4528.77,4528.94,0.17,309
2026.08.20 23:00,2026.08.20 16:00,4528.35,4528.52,0.17,203
2026.08.20 23:01,2026.08.20 16:01,4526.61,4526.78,0.17,128
2026.08.20 23:02,2026.08.20 16:02,4527.14,4527.31,0.17,102
2026.08.20 23:03,2026.08.20 16:03,4527.88,4528.05,0.17,92
2026.08.20 23:04,2026.08.20 16:04,4527.30,4527.47,0.17,73
2026.08.20 23:05,2026.08.20 16:05,4526.92,4527.09,0.17,107
2026.08.20 23:06,2026.08.20 16:06,4525.46,4525.63,0.17,112
2026.08.20 23:07,2026.08.20 16:07,4523.94,4524.11,0.17,91
2026.08.20 23:08,2026.08.20 16:08,4523.04,4523.21,0.17,146
2026.08.20 23:09,2026.08.20 16:09,4523.41,4523.58,0.17,108
2026.08.20 23:10,2026.08.20 16:10,4524.60,4524.77,0.17,104
2026.08.20 23:11,2026.08.20 16:11,4524.28,4524.45,0.17,59
2026.08.20 23:12,2026.08.20 16:12,4524.12,4524.29,0.17,74
2026.08.20 23:13,2026.08.20 16:13,4522.95,4523.13,0.18,97
2026.08.20 23:14,2026.08.20 16:14,4522.41,4522.58,0.17,82
2026.08.20 23:15,2026.08.20 16:15,4522.21,4522.38,0.17,98
2026.08.20 23:16,2026.08.20 16:16,4521.61,4521.78,0.17,66
2026.08.20 23:17,2026.08.20 16:17,4521.54,4521.71,0.17,88
2026.08.20 23:18,2026.08.20 16:18,4521.39,4521.57,0.18,81
2026.08.20 23:19,2026.08.20 16:19,4521.95,4522.16,0.21,45
2026.08.20 23:20,2026.08.20 16:20,4521.81,4522.02,0.21,35
2026.08.20 23:21,2026.08.20 16:21,4521.41,4521.58,0.17,48
2026.08.20 23:22,2026.08.20 16:22,4521.79,4521.96,0.17,79
2026.08.20 23:23,2026.08.20 16:23,4522.17,4522.34,0.17,114
2026.08.20 23:24,2026.08.20 16:24,4521.03,4521.20,0.17,60
2026.08.20 23:25,2026.08.20 16:25,4520.86,4521.03,0.17,86
2026.08.20 23:26,2026.08.20 16:26,4521.41,4521.64,0.23,47
2026.08.20 23:27,2026.08.20 16:27,4521.51,4521.68,0.17,89
2026.08.20 23:28,2026.08.20 16:28,4521.75,4521.92,0.17,85
2026.08.20 23:29,2026.08.20 16:29,4520.26,4520.43,0.17,72
2026.08.20 23:30,2026.08.20 16:30,4519.71,4519.89,0.18,100
2026.08.20 23:31,2026.08.20 16:31,4519.35,4519.52,0.17,87
2026.08.20 23:32,2026.08.20 16:32,4519.22,4519.39,0.17,55
2026.08.20 23:33,2026.08.20 16:33,4517.39,4517.56,0.17,160
2026.08.20 23:34,2026.08.20 16:34,4517.52,4517.70,0.18,127
2026.08.20 23:35,2026.08.20 16:35,4517.38,4517.61,0.23,93
2026.08.20 23:36,2026.08.20 16:36,4517.73,4517.90,0.17,52
2026.08.20 23:37,2026.08.20 16:37,4518.11,4518.28,0.17,45
2026.08.20 23:38,2026.08.20 16:38,4517.85,4518.02,0.17,76
2026.08.20 23:39,2026.08.20 16:39,4517.88,4518.05,0.17,64
2026.08.20 23:40,2026.08.20 16:40,4518.28,4518.45,0.17,66
2026.08.20 23:41,2026.08.20 16:41,4518.33,4518.50,0.17,57
2026.08.20 23:42,2026.08.20 16:42,4518.07,4518.31,0.24,51
2026.08.20 23:43,2026.08.20 16:43,4518.58,4518.75,0.17,52
2026.08.20 23:44,2026.08.20 16:44,4518.34,4518.55,0.21,58
2026.08.20 23:45,2026.08.20 16:45,4518.95,4519.14,0.19,73
2026.08.20 23:46,2026.08.20 16:46,4518.83,4519.08,0.25,35
2026.08.20 23:47,2026.08.20 16:47,4518.32,4518.55,0.23,46
2026.08.20 23:48,2026.08.20 16:48,4518.19,4518.46,0.27,40
2026.08.20 23:49,2026.08.20 16:49,4518.33,4518.54,0.21,40
2026.08.20 23:50,2026.08.20 16:50,4518.88,4519.06,0.18,83
2026.08.20 23:51,2026.08.20 16:51,4520.63,4520.93,0.30,91
2026.08.20 23:52,2026.08.20 16:52,4521.10,4521.27,0.17,75
2026.08.20 23:53,2026.08.20 16:53,4520.18,4520.43,0.25,61
2026.08.20 23:54,2026.08.20 16:54,4519.66,4520.21,0.55,121
2026.08.21 01:05,2026.08.20 18:05,4520.69,4520.86,0.17,76
2026.08.21 01:06,2026.08.20 18:06,4520.54,4520.71,0.17,70
2026.08.21 01:07,2026.08.20 18:07,4519.70,4519.87,0.17,75
2026.08.21 01:08,2026.08.20 18:08,4519.17,4519.34,0.17,29
2026.08.21 01:09,2026.08.20 18:09,4518.28,4518.45,0.17,73
2026.08.21 01:10,2026.08.20 18:10,4517.83,4518.00,0.17,54
2026.08.21 01:11,2026.08.20 18:11,4519.49,4519.66,0.17,100
2026.08.21 01:12,2026.08.20 18:12,4518.60,4518.82,0.22,64
2026.08.21 01:13,2026.08.20 18:13,4518.79,4518.96,0.17,47
2026.08.21 01:14,2026.08.20 18:14,4518.77,4518.94,0.17,49
2026.08.21 01:15,2026.08.20 18:15,4519.26,4519.43,0.17,67
2026.08.21 01:16,2026.08.20 18:16,4519.83,4520.00,0.17,56
2026.08.21 01:17,2026.08.20 18:17,4519.87,4520.04,0.17,42
2026.08.21 01:18,2026.08.20 18:18,4519.88,4520.05,0.17,72
2026.08.21 01:19,2026.08.20 18:19,4519.56,4519.73,0.17,57
2026.08.21 01:20,2026.08.20 18:20,4519.53,4519.70,0.17,46
2026.08.21 01:21,2026.08.20 18:21,4518.82,4518.99,0.17,60
2026.08.21 01:22,2026.08.20 18:22,4518.55,4518.72,0.17,57
2026.08.21 01:23,2026.08.20 18:23,4518.31,4518.48,0.17,29
2026.08.21 01:24,2026.08.20 18:24,4518.51,4518.68,0.17,54
2026.08.21 01:25,2026.08.20 18:25,4519.30,4519.47,0.17,77
2026.08.21 01:26,2026.08.20 18:26,4519.08,4519.25,0.17,48
2026.08.21 01:27,2026.08.20 18:27,4520.27,4520.44,0.17,87
2026.08.21 01:28,2026.08.20 18:28,4518.92,4519.09,0.17,108
2026.08.21 01:29,2026.08.20 18:29,4519.28,4519.45,0.17,73
2026.08.21 01:30,2026.08.20 18:30,4519.22,4519.39,0.17,106
2026.08.21 01:31,2026.08.20 18:31,4519.47,4519.64,0.17,54
2026.08.21 01:32,2026.08.20 18:32,4519.23,4519.40,0.17,58
2026.08.21 01:33,2026.08.20 18:33,4519.81,4519.98,0.17,60
2026.08.21 01:34,2026.08.20 18:34,4519.75,4519.92,0.17,53
2026.08.21 01:35,2026.08.20 18:35,4520.29,4520.46,0.17,55
2026.08.21 01:36,2026.08.20 18:36,4520.17,4520.34,0.17,69
2026.08.21 01:37,2026.08.20 18:37,4521.02,4521.19,0.17,59
2026.08.21 01:38,2026.08.20 18:38,4521.67,4521.90,0.23,85
2026.08.21 01:39,2026.08.20 18:39,4521.67,4521.84,0.17,41
2026.08.21 01:40,2026.08.20 18:40,4522.31,4522.52,0.21,85
2026.08.21 01:41,2026.08.20 18:41,4522.19,4522.40,0.21,77
2026.08.21 01:42,2026.08.20 18:42,4522.96,4523.13,0.17,65
2026.08.21 01:43,2026.08.20 18:43,4523.30,4523.47,0.17,81
2026.08.21 01:44,2026.08.20 18:44,4523.33,4523.52,0.19,75
2026.08.21 01:45,2026.08.20 18:45,4523.46,4523.68,0.22,66
2026.08.21 01:46,2026.08.20 18:46,4522.24,4522.41,0.17,55
2026.08.21 01:47,2026.08.20 18:47,4520.63,4520.87,0.24,95
2026.08.21 01:48,2026.08.20 18:48,4521.07,4521.36,0.29,75
2026.08.21 01:49,2026.08.20 18:49,4522.08,4522.36,0.28,59
2026.08.21 01:50,2026.08.20 18:50,4522.17,4522.34,0.17,20
2026.08.21 01:51,2026.08.20 18:51,4523.02,4523.25,0.23,69
2026.08.21 01:52,2026.08.20 18:52,4524.05,4524.27,0.22,66
2026.08.21 01:53,2026.08.20 18:53,4523.86,4524.10,0.24,64
2026.08.21 01:54,2026.08.20 18:54,4523.56,4523.79,0.23,54
2026.08.21 01:55,2026.08.20 18:55,4523.65,4523.84,0.19,52
2026.08.21 01:56,2026.08.20 18:56,4523.97,4524.26,0.29,43
2026.08.21 01:57,2026.08.20 18:57,4524.35,4524.55,0.20,41
2026.08.21 01:58,2026.08.20 18:58,4523.81,4524.02,0.21,45
2026.08.21 01:59,2026.08.20 18:59,4524.43,4524.61,0.18,39
2026.08.21 02:00,2026.08.20 19:00,4523.90,4524.11,0.21,69
2026.08.21 02:01,2026.08.20 19:01,4524.69,4524.94,0.25,60
2026.08.21 02:02,2026.08.20 19:02,4527.31,4527.64,0.33,130
2026.08.21 02:03,2026.08.20 19:03,4529.07,4529.38,0.31,112
2026.08.21 02:04,2026.08.20 19:04,4529.32,4529.59,0.27,86
2026.08.21 02:05,2026.08.20 19:05,4530.25,4530.58,0.33,53
2026.08.21 02:06,2026.08.20 19:06,4529.80,4530.17,0.37,105
2026.08.21 02:07,2026.08.20 19:07,4528.16,4528.38,0.22,109
2026.08.21 02:08,2026.08.20 19:08,4526.10,4526.38,0.28,75
2026.08.21 02:09,2026.08.20 19:09,4527.62,4527.88,0.26,103
2026.08.21 02:10,2026.08.20 19:10,4528.43,4528.70,0.27,45
2026.08.21 02:11,2026.08.20 19:11,4528.88,4529.15,0.27,50
2026.08.21 02:12,2026.08.20 19:12,4531.18,4531.52,0.34,106
2026.08.21 02:13,2026.08.20 19:13,4532.00,4532.18,0.18,83
2026.08.21 02:14,2026.08.20 19:14,4531.83,4532.04,0.21,80
2026.08.21 02:15,2026.08.20 19:15,4530.89,4531.06,0.17,66
2026.08.21 02:16,2026.08.20 19:16,4530.26,4530.43,0.17,104
2026.08.21 02:17,2026.08.20 19:17,4530.41,4530.67,0.26,102
2026.08.21 02:18,2026.08.20 19:18,4531.66,4531.89,0.23,65
2026.08.21 02:19,2026.08.20 19:19,4531.14,4531.41,0.27,88
2026.08.21 02:20,2026.08.20 19:20,4529.88,4530.09,0.21,43
2026.08.21 02:21,2026.08.20 19:21,4529.15,4529.40,0.25,82
2026.08.21 02:22,2026.08.20 19:22,4528.59,4528.76,0.17,77
2026.08.21 02:23,2026.08.20 19:23,4528.72,4528.96,0.24,78
2026.08.21 02:24,2026.08.20 19:24,4528.87,4529.04,0.17,60
2026.08.21 02:25,2026.08.20 19:25,4530.29,4530.51,0.22,60
2026.08.21 02:26,2026.08.20 19:26,4528.77,4528.99,0.22,123
2026.08.21 02:27,2026.08.20 19:27,4528.69,4528.93,0.24,88
2026.08.21 02:28,2026.08.20 19:28,4526.04,4526.21,0.17,132
2026.08.21 02:29,2026.08.20 19:29,4527.10,4527.27,0.17,99
2026.08.21 02:30,2026.08.20 19:30,4528.51,4528.92,0.41,108
2026.08.21 02:31,2026.08.20 19:31,4524.97,4525.44,0.47,88
2026.08.21 02:32,2026.08.20 19:32,4524.67,4524.94,0.27,111
2026.08.21 02:33,2026.08.20 19:33,4524.34,4524.63,0.29,73
2026.08.21 02:34,2026.08.20 19:34,4523.71,4523.93,0.22,88
2026.08.21 02:35,2026.08.20 19:35,4522.18,4522.46,0.28,89
2026.08.21 02:36,2026.08.20 19:36,4522.19,4522.41,0.22,166
2026.08.21 02:37,2026.08.20 19:37,4523.25,4523.51,0.26,88
2026.08.21 02:38,2026.08.20 19:38,4523.25,4523.47,0.22,76
2026.08.21 02:39,2026.08.20 19:39,4523.97,4524.21,0.24,66
2026.08.21 02:40,2026.08.20 19:40,4524.35,4524.56,0.21,61
2026.08.21 02:41,2026.08.20 19:41,4524.70,4524.88,0.18,66
2026.08.21 02:42,2026.08.20 19:42,4524.07,4524.34,0.27,62
2026.08.21 02:43,2026.08.20 19:43,4524.67,4524.91,0.24,42
2026.08.21 02:44,2026.08.20 19:44,4524.07,4524.35,0.28,41
2026.08.21 02:45,2026.08.20 19:45,4523.49,4523.72,0.23,65
2026.08.21 02:46,2026.08.20 19:46,4524.56,4524.77,0.21,82
2026.08.21 02:47,2026.08.20 19:47,4525.42,4525.70,0.28,47
2026.08.21 02:48,2026.08.20 19:48,4526.01,4526.23,0.22,63
2026.08.21 02:49,2026.08.20 19:49,4526.93,4527.10,0.17,115
2026.08.21 02:50,2026.08.20 19:50,4527.27,4527.44,0.17,101
2026.08.21 02:51,2026.08.20 19:51,4526.51,4526.70,0.19,111
2026.08.21 02:52,2026.08.20 19:52,4526.12,4526.29,0.17,79
2026.08.21 02:53,2026.08.20 19:53,4527.33,4527.52,0.19,82
2026.08.21 02:54,2026.08.20 19:54,4526.99,4527.23,0.24,95
2026.08.21 02:55,2026.08.20 19:55,4526.58,4526.75,0.17,104
2026.08.21 02:56,2026.08.20 19:56,4526.50,4526.76,0.26,94
2026.08.21 02:57,2026.08.20 19:57,4526.16,4526.37,0.21,80
2026.08.21 02:58,2026.08.20 19:58,4527.61,4527.79,0.18,119
2026.08.21 02:59,2026.08.20 19:59,4527.23,4527.42,0.19,93
2026.08.21 03:00,2026.08.20 20:00,4525.72,4526.05,0.33,192
2026.08.21 03:01,2026.08.20 20:01,4525.23,4525.40,0.17,170
2026.08.21 03:02,2026.08.20 20:02,4525.42,4525.90,0.48,197
2026.08.21 03:03,2026.08.20 20:03,4522.61,4522.99,0.38,131
2026.08.21 03:04,2026.08.20 20:04,4522.95,4523.25,0.30,120
2026.08.21 03:05,2026.08.20 20:05,4521.62,4521.91,0.29,113
2026.08.21 03:06,2026.08.20 20:06,4521.30,4521.65,0.35,133
2026.08.21 03:07,2026.08.20 20:07,4522.32,4522.57,0.25,128
2026.08.21 03:08,2026.08.20 20:08,4520.33,4520.53,0.20,112
2026.08.21 03:09,2026.08.20 20:09,4520.31,4520.60,0.29,145
2026.08.21 03:10,2026.08.20 20:10,4522.89,4523.14,0.25,180
2026.08.21 03:11,2026.08.20 20:11,4520.45,4520.62,0.17,143
2026.08.21 03:12,2026.08.20 20:12,4518.26,4518.43,0.17,183
2026.08.21 03:13,2026.08.20 20:13,4517.75,4518.05,0.30,200
2026.08.21 03:14,2026.08.20 20:14,4518.25,4518.60,0.35,137
2026.08.21 03:15,2026.08.20 20:15,4517.60,4517.77,0.17,173
2026.08.21 03:16,2026.08.20 20:16,4515.57,4515.84,0.27,169
2026.08.21 03:17,2026.08.20 20:17,4517.60,4517.99,0.39,198
2026.08.21 03:18,2026.08.20 20:18,4519.34,4519.58,0.24,121
2026.08.21 03:19,2026.08.20 20:19,4516.90,4517.07,0.17,166
2026.08.21 03:20,2026.08.20 20:20,4518.32,4518.49,0.17,196
2026.08.21 03:21,2026.08.20 20:21,4516.60,4516.83,0.23,171
2026.08.21 03:22,2026.08.20 20:22,4518.75,4518.97,0.22,150
2026.08.21 03:23,2026.08.20 20:23,4518.22,4518.39,0.17,170
2026.08.21 03:24,2026.08.20 20:24,4517.80,4518.04,0.24,169
2026.08.21 03:25,2026.08.20 20:25,4520.13,4520.30,0.17,173
2026.08.21 03:26,2026.08.20 20:26,4520.32,4520.49,0.17,159
2026.08.21 03:27,2026.08.20 20:27,4518.39,4518.64,0.25,169
2026.08.21 03:28,2026.08.20 20:28,4517.99,4518.22,0.23,172
2026.08.21 03:29,2026.08.20 20:29,4515.02,4515.19,0.17,214
2026.08.21 03:30,2026.08.20 20:30,4513.48,4513.65,0.17,158
2026.08.21 03:31,2026.08.20 20:31,4516.42,4516.84,0.42,158
2026.08.21 03:32,2026.08.20 20:32,4514.03,4514.40,0.37,133
2026.08.21 03:33,2026.08.20 20:33,4514.71,4514.97,0.26,99
2026.08.21 03:34,2026.08.20 20:34,4514.41,4514.76,0.35,148
2026.08.21 03:35,2026.08.20 20:35,4514.52,4514.77,0.25,145
2026.08.21 03:36,2026.08.20 20:36,4513.05,4513.22,0.17,183
2026.08.21 03:37,2026.08.20 20:37,4513.41,4513.58,0.17,180
2026.08.21 03:38,2026.08.20 20:38,4513.86,4514.12,0.26,224
2026.08.21 03:39,2026.08.20 20:39,4512.84,4513.06,0.22,158
2026.08.21 03:40,2026.08.20 20:40,4512.37,4512.54,0.17,185
2026.08.21 03:41,2026.08.20 20:41,4511.31,4511.48,0.17,165
2026.08.21 03:42,2026.08.20 20:42,4510.98,4511.15,0.17,108
2026.08.21 03:43,2026.08.20 20:43,4512.41,4512.63,0.22,144
2026.08.21 03:44,2026.08.20 20:44,4513.50,4513.67,0.17,204
2026.08.21 03:45,2026.08.20 20:45,4513.12,4513.29,0.17,203
2026.08.21 03:46,2026.08.20 20:46,4510.72,4511.02,0.30,140
2026.08.21 03:47,2026.08.20 20:47,4510.38,4510.60,0.22,170
2026.08.21 03:48,2026.08.20 20:48,4510.81,4511.11,0.30,138
2026.08.21 03:49,2026.08.20 20:49,4511.68,4511.97,0.29,157
2026.08.21 03:50,2026.08.20 20:50,4510.45,4510.71,0.26,102
2026.08.21 03:51,2026.08.20 20:51,4511.98,4512.34,0.36,127
2026.08.21 03:52,2026.08.20 20:52,4511.21,4511.54,0.33,136
2026.08.21 03:53,2026.08.20 20:53,4511.37,4511.54,0.17,172
2026.08.21 03:54,2026.08.20 20:54,4510.97,4511.14,0.17,197
2026.08.21 03:55,2026.08.20 20:55,4510.66,4511.00,0.34,204
2026.08.21 03:56,2026.08.20 20:56,4510.56,4510.78,0.22,131
2026.08.21 03:57,2026.08.20 20:57,4511.05,4511.39,0.34,120
2026.08.21 03:58,2026.08.20 20:58,4509.83,4510.06,0.23,138
2026.08.21 03:59,2026.08.20 20:59,4509.70,4510.08,0.38,189
2026.08.21 04:00,2026.08.20 21:00,4512.83,4513.19,0.36,378
2026.08.21 04:01,2026.08.20 21:01,4513.66,4514.03,0.37,338
2026.08.21 04:02,2026.08.20 21:02,4515.27,4515.58,0.31,292
2026.08.21 04:03,2026.08.20 21:03,4516.51,4516.84,0.33,270
2026.08.21 04:04,2026.08.20 21:04,4513.66,4513.99,0.33,246
2026.08.21 04:05,2026.08.20 21:05,4514.71,4515.01,0.30,287
2026.08.21 04:06,2026.08.20 21:06,4515.72,4516.07,0.35,295
2026.08.21 04:07,2026.08.20 21:07,4515.07,4515.36,0.29,247
2026.08.21 04:08,2026.08.20 21:08,4514.73,4515.16,0.43,291
2026.08.21 04:09,2026.08.20 21:09,4513.15,4513.38,0.23,328
2026.08.21 04:10,2026.08.20 21:10,4512.49,4512.74,0.25,291
2026.08.21 04:11,2026.08.20 21:11,4513.70,4514.02,0.32,282
2026.08.21 04:12,2026.08.20 21:12,4519.01,4519.32,0.31,337
2026.08.21 04:13,2026.08.20 21:13,4520.16,4520.47,0.31,308
2026.08.21 04:14,2026.08.20 21:14,4520.95,4521.30,0.35,192
2026.08.21 04:15,2026.08.20 21:15,4524.43,4524.72,0.29,248
2026.08.21 04:16,2026.08.20 21:16,4526.22,4526.61,0.39,222
2026.08.21 04:17,2026.08.20 21:17,4523.86,4524.04,0.18,196
2026.08.21 04:18,2026.08.20 21:18,4524.06,4524.35,0.29,191
2026.08.21 04:19,2026.08.20 21:19,4522.45,4522.67,0.22,195
2026.08.21 04:20,2026.08.20 21:20,4525.78,4526.09,0.31,275
2026.08.21 04:21,2026.08.20 21:21,4524.75,4525.03,0.28,252
2026.08.21 04:22,2026.08.20 21:22,4526.16,4526.45,0.29,211
2026.08.21 04:23,2026.08.20 21:23,4529.47,4529.64,0.17,212
2026.08.21 04:24,2026.08.20 21:24,4527.24,4527.70,0.46,229
2026.08.21 04:25,2026.08.20 21:25,4526.46,4526.74,0.28,212
2026.08.21 04:26,2026.08.20 21:26,4527.49,4527.85,0.36,214
2026.08.21 04:27,2026.08.20 21:27,4529.03,4529.38,0.35,211
2026.08.21 04:28,2026.08.20 21:28,4529.78,4530.11,0.33,197
2026.08.21 04:29,2026.08.20 21:29,4529.44,4529.83,0.39,190
2026.08.21 04:30,2026.08.20 21:30,4531.30,4531.66,0.36,284
2026.08.21 04:31,2026.08.20 21:31,4532.20,4532.55,0.35,293
2026.08.21 04:32,2026.08.20 21:32,4534.98,4535.28,0.30,223
2026.08.21 04:33,2026.08.20 21:33,4535.80,4536.10,0.30,257
2026.08.21 04:34,2026.08.20 21:34,4537.42,4537.76,0.34,266
2026.08.21 04:35,2026.08.20 21:35,4538.19,4538.42,0.23,320
2026.08.21 04:36,2026.08.20 21:36,4535.18,4535.38,0.20,347
2026.08.21 04:37,2026.08.20 21:37,4531.00,4531.24,0.24,286
2026.08.21 04:38,2026.08.20 21:38,4529.71,4529.96,0.25,285
2026.08.21 04:39,2026.08.20 21:39,4527.62,4527.90,0.28,256
2026.08.21 04:40,2026.08.20 21:40,4524.15,4524.40,0.25,283
2026.08.21 04:41,2026.08.20 21:41,4526.38,4526.74,0.36,252
2026.08.21 04:42,2026.08.20 21:42,4525.54,4525.92,0.38,193
2026.08.21 04:43,2026.08.20 21:43,4526.72,4527.01,0.29,213
2026.08.21 04:44,2026.08.20 21:44,4525.83,4526.16,0.33,203
2026.08.21 04:45,2026.08.20 21:45,4526.77,4526.98,0.21,215
2026.08.21 04:46,2026.08.20 21:46,4528.24,4528.52,0.28,165
2026.08.21 04:47,2026.08.20 21:47,4530.72,4531.05,0.33,202
2026.08.21 04:48,2026.08.20 21:48,4532.19,4532.36,0.17,201
2026.08.21 04:49,2026.08.20 21:49,4531.97,4532.30,0.33,189
2026.08.21 04:50,2026.08.20 21:50,4528.93,4529.22,0.29,208
2026.08.21 04:51,2026.08.20 21:51,4526.04,4526.28,0.24,208
2026.08.21 04:52,2026.08.20 21:52,4527.41,4527.65,0.24,195
2026.08.21 04:53,2026.08.20 21:53,4526.58,4526.88,0.30,221
2026.08.21 04:54,2026.08.20 21:54,4526.15,4526.39,0.24,240
2026.08.21 04:55,2026.08.20 21:55,4527.48,4527.76,0.28,207
2026.08.21 04:56,2026.08.20 21:56,4528.02,4528.38,0.36,191
2026.08.21 04:57,2026.08.20 21:57,4529.78,4530.10,0.32,200
2026.08.21 04:58,2026.08.20 21:58,4529.63,4529.84,0.21,188
2026.08.21 04:59,2026.08.20 21:59,4530.33,4530.61,0.28,179
2026.08.21 05:00,2026.08.20 22:00,4529.72,4530.04,0.32,236
2026.08.21 05:01,2026.08.20 22:01,4528.95,4529.30,0.35,193
2026.08.21 05:02,2026.08.20 22:02,4527.02,4527.19,0.17,218
2026.08.21 05:03,2026.08.20 22:03,4526.67,4526.97,0.30,248
2026.08.21 05:04,2026.08.20 22:04,4522.52,4522.80,0.28,247
2026.08.21 05:05,2026.08.20 22:05,4521.58,4521.84,0.26,253
2026.08.21 05:06,2026.08.20 22:06,4524.09,4524.26,0.17,233
2026.08.21 05:07,2026.08.20 22:07,4522.92,4523.09,0.17,214
2026.08.21 05:08,2026.08.20 22:08,4524.52,4524.81,0.29,160
2026.08.21 05:09,2026.08.20 22:09,4522.73,4522.97,0.24,172
2026.08.21 05:10,2026.08.20 22:10,4520.61,4520.98,0.37,211
2026.08.21 05:11,2026.08.20 22:11,4521.58,4521.77,0.19,212
2026.08.21 05:12,2026.08.20 22:12,4518.39,4518.72,0.33,228
2026.08.21 05:13,2026.08.20 22:13,4521.60,4521.77,0.17,194
2026.08.21 05:14,2026.08.20 22:14,4521.40,4521.62,0.22,223
2026.08.21 05:15,2026.08.20 22:15,4521.53,4521.71,0.18,131
2026.08.21 05:16,2026.08.20 22:16,4522.24,4522.50,0.26,184
2026.08.21 05:17,2026.08.20 22:17,4521.93,4522.14,0.21,151
2026.08.21 05:18,2026.08.20 22:18,4521.29,4521.56,0.27,109
2026.08.21 05:19,2026.08.20 22:19,4522.67,4522.85,0.18,74
2026.08.21 05:20,2026.08.20 22:20,4522.58,4522.80,0.22,74
2026.08.21 05:21,2026.08.20 22:21,4523.12,4523.38,0.26,98
2026.08.21 05:22,2026.08.20 22:22,4524.82,4525.01,0.19,111
2026.08.21 05:23,2026.08.20 22:23,4526.99,4527.18,0.19,170
2026.08.21 05:24,2026.08.20 22:24,4527.41,4527.58,0.17,135
2026.08.21 05:25,2026.08.20 22:25,4528.77,4528.94,0.17,147
2026.08.21 05:26,2026.08.20 22:26,4529.26,4529.43,0.17,104
2026.08.21 05:27,2026.08.20 22:27,4527.86,4528.11,0.25,147
2026.08.21 05:28,2026.08.20 22:28,4526.48,4526.66,0.18,143
2026.08.21 05:29,2026.08.20 22:29,4525.26,4525.58,0.32,149
2026.08.21 05:30,2026.08.20 22:30,4527.70,4528.02,0.32,288
2026.08.21 05:31,2026.08.20 22:31,4530.02,4530.30,0.28,236
2026.08.21 05:32,2026.08.20 22:32,4527.88,4528.16,0.28,211
2026.08.21 05:33,2026.08.20 22:33,4525.99,4526.32,0.33,194
2026.08.21 05:34,2026.08.20 22:34,4526.69,4527.00,0.31,185
2026.08.21 05:35,2026.08.20 22:35,4527.97,4528.20,0.23,223
2026.08.21 05:36,2026.08.20 22:36,4526.81,4527.00,0.19,156
2026.08.21 05:37,2026.08.20 22:37,4527.34,4527.52,0.18,170
2026.08.21 05:38,2026.08.20 22:38,4529.92,4530.19,0.27,182
2026.08.21 05:39,2026.08.20 22:39,4531.13,4531.30,0.17,172
2026.08.21 05:40,2026.08.20 22:40,4532.49,4532.69,0.20,169
2026.08.21 05:41,2026.08.20 22:41,4534.63,4534.86,0.23,147
2026.08.21 05:42,2026.08.20 22:42,4534.28,4534.50,0.22,135
2026.08.21 05:43,2026.08.20 22:43,4535.81,4535.98,0.17,176
2026.08.21 05:44,2026.08.20 22:44,4538.17,4538.34,0.17,224
2026.08.21 05:45,2026.08.20 22:45,4537.16,4537.41,0.25,233
2026.08.21 05:46,2026.08.20 22:46,4536.18,4536.35,0.17,163
2026.08.21 05:47,2026.08.20 22:47,4537.58,4537.82,0.24,131
2026.08.21 05:48,2026.08.20 22:48,4538.33,4538.56,0.23,169
2026.08.21 05:49,2026.08.20 22:49,4539.24,4539.46,0.22,161
2026.08.21 05:50,2026.08.20 22:50,4536.70,4536.87,0.17,154
2026.08.21 05:51,2026.08.20 22:51,4540.21,4540.46,0.25,181
2026.08.21 05:52,2026.08.20 22:52,4541.16,4541.50,0.34,244
2026.08.21 05:53,2026.08.20 22:53,4539.83,4540.00,0.17,180
2026.08.21 05:54,2026.08.20 22:54,4541.13,4541.30,0.17,155
2026.08.21 05:55,2026.08.20 22:55,4539.49,4539.66,0.17,216
2026.08.21 05:56,2026.08.20 22:56,4538.94,4539.19,0.25,181
2026.08.21 05:57,2026.08.20 22:57,4536.91,4537.09,0.18,157
2026.08.21 05:58,2026.08.20 22:58,4534.19,4534.36,0.17,182
2026.08.21 05:59,2026.08.20 22:59,4533.74,4533.93,0.19,201
2026.08.21 06:00,2026.08.20 23:00,4534.03,4534.23,0.20,193
2026.08.21 06:01,2026.08.20 23:01,4534.25,4534.42,0.17,150
2026.08.21 06:02,2026.08.20 23:02,4536.01,4536.27,0.26,178
2026.08.21 06:03,2026.08.20 23:03,4535.86,4536.03,0.17,159
2026.08.21 06:04,2026.08.20 23:04,4534.26,4534.50,0.24,175
2026.08.21 06:05,2026.08.20 23:05,4533.29,4533.58,0.29,112
2026.08.21 06:06,2026.08.20 23:06,4533.52,4533.77,0.25,148
2026.08.21 06:07,2026.08.20 23:07,4533.39,4533.61,0.22,133
2026.08.21 06:08,2026.08.20 23:08,4535.72,4535.97,0.25,131
2026.08.21 06:09,2026.08.20 23:09,4534.28,4534.54,0.26,140
2026.08.21 06:10,2026.08.20 23:10,4534.91,4535.12,0.21,142
2026.08.21 06:11,2026.08.20 23:11,4536.02,4536.19,0.17,126
2026.08.21 06:12,2026.08.20 23:12,4535.22,4535.43,0.21,111
2026.08.21 06:13,2026.08.20 23:13,4534.62,4534.86,0.24,197
2026.08.21 06:14,2026.08.20 23:14,4532.36,4532.67,0.31,170
2026.08.21 06:15,2026.08.20 23:15,4533.07,4533.24,0.17,159
2026.08.21 06:16,2026.08.20 23:16,4533.53,4533.76,0.23,130
2026.08.21 06:17,2026.08.20 23:17,4532.98,4533.15,0.17,111
2026.08.21 06:18,2026.08.20 23:18,4534.03,4534.21,0.18,147
2026.08.21 06:19,2026.08.20 23:19,4532.57,4532.74,0.17,155
2026.08.21 06:20,2026.08.20 23:20,4533.95,4534.20,0.25,159
2026.08.21 06:21,2026.08.20 23:21,4532.54,4532.73,0.19,108
2026.08.21 06:22,2026.08.20 23:22,4534.11,4534.33,0.22,100
2026.08.21 06:23,2026.08.20 23:23,4533.77,4534.03,0.26,106
2026.08.21 06:24,2026.08.20 23:24,4533.84,4534.07,0.23,155
2026.08.21 06:25,2026.08.20 23:25,4533.77,4533.97,0.20,143
2026.08.21 06:26,2026.08.20 23:26,4532.18,4532.38,0.20,185
2026.08.21 06:27,2026.08.20 23:27,4531.60,4531.89,0.29,153
2026.08.21 06:28,2026.08.20 23:28,4531.89,4532.06,0.17,170
2026.08.21 06:29,2026.08.20 23:29,4530.67,4530.94,0.27,197
2026.08.21 06:30,2026.08.20 23:30,4531.13,4531.43,0.30,150
2026.08.21 06:31,2026.08.20 23:31,4532.53,4532.81,0.28,182
2026.08.21 06:32,2026.08.20 23:32,4535.12,4535.29,0.17,148
2026.08.21 06:33,2026.08.20 23:33,4534.83,4535.11,0.28,124
2026.08.21 06:34,2026.08.20 23:34,4535.28,4535.45,0.17,131
2026.08.21 06:35,2026.08.20 23:35,4531.79,4532.08,0.29,113
2026.08.21 06:36,2026.08.20 23:36,4531.49,4531.75,0.26,141
2026.08.21 06:37,2026.08.20 23:37,4531.12,4531.39,0.27,103
2026.08.21 06:38,2026.08.20 23:38,4530.45,4530.68,0.23,124
2026.08.21 06:39,2026.08.20 23:39,4529.47,4529.66,0.19,124
2026.08.21 06:40,2026.08.20 23:40,4527.31,4527.59,0.28,156
2026.08.21 06:41,2026.08.20 23:41,4527.22,4527.43,0.21,159
2026.08.21 06:42,2026.08.20 23:42,4528.91,4529.18,0.27,106
2026.08.21 06:43,2026.08.20 23:43,4529.34,4529.57,0.23,87
2026.08.21 06:44,2026.08.20 23:44,4529.29,4529.57,0.28,103
2026.08.21 06:45,2026.08.20 23:45,4528.77,4528.97,0.20,81
2026.08.21 06:46,2026.08.20 23:46,4529.96,4530.18,0.22,85
2026.08.21 06:47,2026.08.20 23:47,4530.97,4531.20,0.23,113
2026.08.21 06:48,2026.08.20 23:48,4532.75,4532.96,0.21,166
2026.08.21 06:49,2026.08.20 23:49,4531.71,4531.88,0.17,95
2026.08.21 06:50,2026.08.20 23:50,4532.18,4532.38,0.20,91
2026.08.21 06:51,2026.08.20 23:51,4533.40,4533.57,0.17,68
2026.08.21 06:52,2026.08.20 23:52,4531.77,4532.00,0.23,83
2026.08.21 06:53,2026.08.20 23:53,4532.71,4532.88,0.17,82
2026.08.21 06:54,2026.08.20 23:54,4533.05,4533.22,0.17,53
2026.08.21 06:55,2026.08.20 23:55,4533.41,4533.60,0.19,84
2026.08.21 06:56,2026.08.20 23:56,4532.52,4532.69,0.17,75
2026.08.21 06:57,2026.08.20 23:57,4533.30,4533.54,0.24,121
2026.08.21 06:58,2026.08.20 23:58,4535.23,4535.44,0.21,105
2026.08.21 06:59,2026.08.20 23:59,4535.60,4535.82,0.22,83
2026.08.21 07:00,2026.08.21 00:00,4537.02,4537.26,0.24,145
2026.08.21 07:01,2026.08.21 00:01,4537.52,4537.78,0.26,161
2026.08.21 07:02,2026.08.21 00:02,4538.35,4538.57,0.22,139
2026.08.21 07:03,2026.08.21 00:03,4537.82,4538.07,0.25,106
2026.08.21 07:04,2026.08.21 00:04,4538.41,4538.58,0.17,105
2026.08.21 07:05,2026.08.21 00:05,4538.41,4538.64,0.23,83
2026.08.21 07:06,2026.08.21 00:06,4537.09,4537.26,0.17,131
2026.08.21 07:07,2026.08.21 00:07,4536.31,4536.48,0.17,101
2026.08.21 07:08,2026.08.21 00:08,4537.18,4537.38,0.20,75
2026.08.21 07:09,2026.08.21 00:09,4538.18,4538.49,0.31,131
2026.08.21 07:10,2026.08.21 00:10,4539.00,4539.17,0.17,125
2026.08.21 07:11,2026.08.21 00:11,4537.77,4537.94,0.17,127
2026.08.21 07:12,2026.08.21 00:12,4538.53,4538.70,0.17,93
2026.08.21 07:13,2026.08.21 00:13,4539.92,4540.09,0.17,105
2026.08.21 07:14,2026.08.21 00:14,4540.19,4540.36,0.17,222
2026.08.21 07:15,2026.08.21 00:15,4538.46,4538.73,0.27,193
2026.08.21 07:16,2026.08.21 00:16,4538.50,4538.67,0.17,152
2026.08.21 07:17,2026.08.21 00:17,4538.05,4538.22,0.17,133
2026.08.21 07:18,2026.08.21 00:18,4540.09,4540.41,0.32,134
2026.08.21 07:19,2026.08.21 00:19,4541.06,4541.23,0.17,80
2026.08.21 07:20,2026.08.21 00:20,4542.47,4542.72,0.25,114
2026.08.21 07:21,2026.08.21 00:21,4543.14,4543.31,0.17,144
2026.08.21 07:22,2026.08.21 00:22,4542.17,4542.41,0.24,126
2026.08.21 07:23,2026.08.21 00:23,4542.79,4543.09,0.30,106
2026.08.21 07:24,2026.08.21 00:24,4543.24,4543.43,0.19,81
2026.08.21 07:25,2026.08.21 00:25,4544.48,4544.70,0.22,98
2026.08.21 07:26,2026.08.21 00:26,4545.92,4546.17,0.25,123
2026.08.21 07:27,2026.08.21 00:27,4545.93,4546.10,0.17,125
2026.08.21 07:28,2026.08.21 00:28,4545.18,4545.46,0.28,152
2026.08.21 07:29,2026.08.21 00:29,4547.13,4547.30,0.17,116
2026.08.21 07:30,2026.08.21 00:30,4547.20,4547.37,0.17,174
2026.08.21 07:31,2026.08.21 00:31,4547.50,4547.77,0.27,81
2026.08.21 07:32,2026.08.21 00:32,4543.72,4543.98,0.26,138
2026.08.21 07:33,2026.08.21 00:33,4544.37,4544.61,0.24,122
2026.08.21 07:34,2026.08.21 00:34,4544.19,4544.41,0.22,115
2026.08.21 07:35,2026.08.21 00:35,4543.91,4544.18,0.27,86
2026.08.21 07:36,2026.08.21 00:36,4543.27,4543.54,0.27,89
2026.08.21 07:37,2026.08.21 00:37,4543.13,4543.34,0.21,69
2026.08.21 07:38,2026.08.21 00:38,4542.20,4542.44,0.24,105
2026.08.21 07:39,2026.08.21 00:39,4542.48,4542.74,0.26,76
2026.08.21 07:40,2026.08.21 00:40,4542.81,4543.02,0.21,121
2026.08.21 07:41,2026.08.21 00:41,4541.42,4541.61,0.19,124
2026.08.21 07:42,2026.08.21 00:42,4541.72,4542.05,0.33,114
2026.08.21 07:43,2026.08.21 00:43,4541.78,4541.95,0.17,110
2026.08.21 07:44,2026.08.21 00:44,4541.57,4541.77,0.20,103
2026.08.21 07:45,2026.08.21 00:45,4540.77,4540.94,0.17,91
2026.08.21 07:46,2026.08.21 00:46,4541.35,4541.53,0.18,120
2026.08.21 07:47,2026.08.21 00:47,4540.66,4540.94,0.28,69
2026.08.21 07:48,2026.08.21 00:48,4541.78,4541.95,0.17,83
2026.08.21 07:49,2026.08.21 00:49,4541.57,4541.75,0.18,102
2026.08.21 07:50,2026.08.21 00:50,4541.60,4541.77,0.17,96
2026.08.21 07:51,2026.08.21 00:51,4541.71,4541.88,0.17,71
2026.08.21 07:52,2026.08.21 00:52,4542.30,4542.58,0.28,123
2026.08.21 07:53,2026.08.21 00:53,4541.48,4541.65,0.17,90
2026.08.21 07:54,2026.08.21 00:54,4541.36,4541.53,0.17,76
2026.08.21 07:55,2026.08.21 00:55,4541.38,4541.63,0.25,77
2026.08.21 07:56,2026.08.21 00:56,4541.77,4541.94,0.17,65
2026.08.21 07:57,2026.08.21 00:57,4540.75,4541.02,0.27,87
2026.08.21 07:58,2026.08.21 00:58,4541.11,4541.28,0.17,91
2026.08.21 07:59,2026.08.21 00:59,4540.49,4540.75,0.26,100
2026.08.21 08:00,2026.08.21 01:00,4539.40,4539.57,0.17,136
2026.08.21 08:01,2026.08.21 01:01,4537.90,4538.07,0.17,122
2026.08.21 08:02,2026.08.21 01:02,4537.15,4537.32,0.17,105
2026.08.21 08:03,2026.08.21 01:03,4537.38,4537.55,0.17,104
2026.08.21 08:04,2026.08.21 01:04,4537.76,4538.02,0.26,114
2026.08.21 08:05,2026.08.21 01:05,4538.71,4538.90,0.19,160
2026.08.21 08:06,2026.08.21 01:06,4538.23,4538.47,0.24,72
2026.08.21 08:07,2026.08.21 01:07,4536.75,4536.98,0.23,105
2026.08.21 08:08,2026.08.21 01:08,4536.68,4536.99,0.31,137
2026.08.21 08:09,2026.08.21 01:09,4536.60,4536.88,0.28,92
2026.08.21 08:10,2026.08.21 01:10,4535.96,4536.17,0.21,150
2026.08.21 08:11,2026.08.21 01:11,4536.16,4536.40,0.24,114
2026.08.21 08:12,2026.08.21 01:12,4535.79,4536.03,0.24,95
2026.08.21 08:13,2026.08.21 01:13,4535.78,4535.97,0.19,88
2026.08.21 08:14,2026.08.21 01:14,4537.76,4537.94,0.18,105
2026.08.21 08:15,2026.08.21 01:15,4538.49,4538.66,0.17,54
2026.08.21 08:16,2026.08.21 01:16,4533.61,4533.81,0.20,153
2026.08.21 08:17,2026.08.21 01:17,4532.53,4532.82,0.29,217
2026.08.21 08:18,2026.08.21 01:18,4534.54,4534.71,0.17,158
2026.08.21 08:19,2026.08.21 01:19,4533.23,4533.40,0.17,121
2026.08.21 08:20,2026.08.21 01:20,4533.63,4533.92,0.29,116
2026.08.21 08:21,2026.08.21 01:21,4533.53,4533.82,0.29,74
2026.08.21 08:22,2026.08.21 01:22,4533.63,4533.93,0.30,78
2026.08.21 08:23,2026.08.21 01:23,4533.99,4534.20,0.21,70
2026.08.21 08:24,2026.08.21 01:24,4533.92,4534.16,0.24,89
2026.08.21 08:25,2026.08.21 01:25,4533.73,4533.90,0.17,113
2026.08.21 08:26,2026.08.21 01:26,4531.75,4531.92,0.17,104
2026.08.21 08:27,2026.08.21 01:27,4530.84,4531.01,0.17,152
2026.08.21 08:28,2026.08.21 01:28,4531.35,4531.52,0.17,135
2026.08.21 08:29,2026.08.21 01:29,4529.82,4530.06,0.24,91
2026.08.21 08:30,2026.08.21 01:30,4533.48,4533.83,0.35,273
2026.08.21 08:31,2026.08.21 01:31,4532.93,4533.10,0.17,216
2026.08.21 08:32,2026.08.21 01:32,4536.33,4536.51,0.18,182
2026.08.21 08:33,2026.08.21 01:33,4537.53,4537.88,0.35,224
2026.08.21 08:34,2026.08.21 01:34,4538.33,4538.53,0.20,217
2026.08.21 08:35,2026.08.21 01:35,4540.31,4540.55,0.24,233
2026.08.21 08:36,2026.08.21 01:36,4539.47,4539.76,0.29,159
2026.08.21 08:37,2026.08.21 01:37,4537.77,4538.02,0.25,160
2026.08.21 08:38,2026.08.21 01:38,4539.20,4539.50,0.30,129
2026.08.21 08:39,2026.08.21 01:39,4536.83,4537.12,0.29,183
2026.08.21 08:40,2026.08.21 01:40,4536.85,4537.02,0.17,184
2026.08.21 08:41,2026.08.21 01:41,4537.33,4537.62,0.29,136
2026.08.21 08:42,2026.08.21 01:42,4538.39,4538.64,0.25,166
2026.08.21 08:43,2026.08.21 01:43,4539.23,4539.49,0.26,169
2026.08.21 08:44,2026.08.21 01:44,4542.84,4543.05,0.21,219
2026.08.21 08:45,2026.08.21 01:45,4542.03,4542.27,0.24,161
2026.08.21 08:46,2026.08.21 01:46,4542.59,4542.82,0.23,148
2026.08.21 08:47,2026.08.21 01:47,4542.93,4543.24,0.31,148
2026.08.21 08:48,2026.08.21 01:48,4544.59,4544.87,0.28,150
2026.08.21 08:49,2026.08.21 01:49,4545.15,4545.42,0.27,166
2026.08.21 08:50,2026.08.21 01:50,4545.75,4545.95,0.20,179
2026.08.21 08:51,2026.08.21 01:51,4548.29,4548.46,0.17,186
2026.08.21 08:52,2026.08.21 01:52,4548.72,4548.94,0.22,178
2026.08.21 08:53,2026.08.21 01:53,4547.98,4548.26,0.28,169
2026.08.21 08:54,2026.08.21 01:54,4548.06,4548.29,0.23,177
2026.08.21 08:55,2026.08.21 01:55,4552.04,4552.28,0.24,272
2026.08.21 08:56,2026.08.21 01:56,4552.28,4552.45,0.17,203
2026.08.21 08:57,2026.08.21 01:57,4553.59,4553.77,0.18,180
2026.08.21 08:58,2026.08.21 01:58,4556.05,4556.27,0.22,201
2026.08.21 08:59,2026.08.21 01:59,4554.22,4554.39,0.17,213
2026.08.21 09:00,2026.08.21 02:00,4554.41,4554.58,0.17,277
2026.08.21 09:01,2026.08.21 02:01,4552.21,4552.38,0.17,242
2026.08.21 09:02,2026.08.21 02:02,4548.15,4548.32,0.17,286
2026.08.21 09:03,2026.08.21 02:03,4548.51,4548.68,0.17,222
2026.08.21 09:04,2026.08.21 02:04,4549.35,4549.52,0.17,177
2026.08.21 09:05,2026.08.21 02:05,4550.86,4551.03,0.17,195
2026.08.21 09:06,2026.08.21 02:06,4549.27,4549.44,0.17,174
2026.08.21 09:07,2026.08.21 02:07,4548.34,4548.51,0.17,209
2026.08.21 09:08,2026.08.21 02:08,4548.00,4548.17,0.17,212
2026.08.21 09:09,2026.08.21 02:09,4548.45,4548.62,0.17,170
2026.08.21 09:10,2026.08.21 02:10,4547.15,4547.32,0.17,184
2026.08.21 09:11,2026.08.21 02:11,4546.05,4546.22,0.17,223
2026.08.21 09:12,2026.08.21 02:12,4546.74,4546.91,0.17,239
2026.08.21 09:13,2026.08.21 02:13,4549.45,4549.62,0.17,203
2026.08.21 09:14,2026.08.21 02:14,4551.64,4551.81,0.17,216
2026.08.21 09:15,2026.08.21 02:15,4551.85,4552.02,0.17,232
2026.08.21 09:16,2026.08.21 02:16,4556.37,4556.54,0.17,207
2026.08.21 09:17,2026.08.21 02:17,4554.60,4554.77,0.17,201
2026.08.21 09:18,2026.08.21 02:18,4553.90,4554.07,0.17,205
2026.08.21 09:19,2026.08.21 02:19,4555.90,4556.07,0.17,198
2026.08.21 09:20,2026.08.21 02:20,4554.91,4555.08,0.17,220
2026.08.21 09:21,2026.08.21 02:21,4552.87,4553.04,0.17,207
2026.08.21 09:22,2026.08.21 02:22,4552.19,4552.36,0.17,187
2026.08.21 09:23,2026.08.21 02:23,4550.21,4550.38,0.17,192
2026.08.21 09:24,2026.08.21 02:24,4550.39,4550.56,0.17,185
2026.08.21 09:25,2026.08.21 02:25,4552.41,4552.58,0.17,184
2026.08.21 09:26,2026.08.21 02:26,4555.07,4555.24,0.17,197
2026.08.21 09:27,2026.08.21 02:27,4556.86,4557.03,0.17,214
2026.08.21 09:28,2026.08.21 02:28,4556.43,4556.60,0.17,214
2026.08.21 09:29,2026.08.21 02:29,4555.11,4555.28,0.17,213
2026.08.21 09:30,2026.08.21 02:30,4556.55,4556.72,0.17,215
2026.08.21 09:31,2026.08.21 02:31,4556.88,4557.05,0.17,194
2026.08.21 09:32,2026.08.21 02:32,4559.61,4559.78,0.17,225
2026.08.21 09:33,2026.08.21 02:33,4562.45,4562.62,0.17,252
2026.08.21 09:34,2026.08.21 02:34,4563.07,4563.24,0.17,287
2026.08.21 09:35,2026.08.21 02:35,4564.37,4564.54,0.17,265
2026.08.21 09:36,2026.08.21 02:36,4564.58,4564.75,0.17,193
2026.08.21 09:37,2026.08.21 02:37,4565.40,4565.57,0.17,230
2026.08.21 09:38,2026.08.21 02:38,4564.86,4565.03,0.17,180
2026.08.21 09:39,2026.08.21 02:39,4564.69,4564.86,0.17,170
2026.08.21 09:40,2026.08.21 02:40,4561.38,4561.55,0.17,242
2026.08.21 09:41,2026.08.21 02:41,4561.07,4561.24,0.17,198
2026.08.21 09:42,2026.08.21 02:42,4564.26,4564.43,0.17,222
2026.08.21 09:43,2026.08.21 02:43,4563.76,4563.93,0.17,192
2026.08.21 09:44,2026.08.21 02:44,4564.18,4564.35,0.17,189
2026.08.21 09:45,2026.08.21 02:45,4563.35,4563.52,0.17,242
2026.08.21 09:46,2026.08.21 02:46,4563.73,4563.90,0.17,140
2026.08.21 09:47,2026.08.21 02:47,4563.77,4563.94,0.17,152
2026.08.21 09:48,2026.08.21 02:48,4566.12,4566.29,0.17,170
2026.08.21 09:49,2026.08.21 02:49,4566.67,4566.84,0.17,212
2026.08.21 09:50,2026.08.21 02:50,4566.18,4566.35,0.17,190
2026.08.21 09:51,2026.08.21 02:51,4565.87,4566.04,0.17,200
2026.08.21 09:52,2026.08.21 02:52,4565.53,4565.70,0.17,162
2026.08.21 09:53,2026.08.21 02:53,4565.16,4565.33,0.17,175
2026.08.21 09:54,2026.08.21 02:54,4564.35,4564.52,0.17,173
2026.08.21 09:55,2026.08.21 02:55,4565.99,4566.16,0.17,157
2026.08.21 09:56,2026.08.21 02:56,4564.83,4565.00,0.17,218
2026.08.21 09:57,2026.08.21 02:57,4562.95,4563.12,0.17,157
2026.08.21 09:58,2026.08.21 02:58,4562.30,4562.47,0.17,176
2026.08.21 09:59,2026.08.21 02:59,4561.24,4561.41,0.17,217
2026.08.21 10:00,2026.08.21 03:00,4562.36,4562.53,0.17,204
2026.08.21 10:01,2026.08.21 03:01,4561.90,4562.07,0.17,181
2026.08.21 10:02,2026.08.21 03:02,4562.36,4562.53,0.17,157
2026.08.21 10:03,2026.08.21 03:03,4562.95,4563.12,0.17,153
2026.08.21 10:04,2026.08.21 03:04,4564.18,4564.35,0.17,168
2026.08.21 10:05,2026.08.21 03:05,4564.00,4564.17,0.17,191
2026.08.21 10:06,2026.08.21 03:06,4563.81,4563.98,0.17,142
2026.08.21 10:07,2026.08.21 03:07,4563.58,4563.75,0.17,162
2026.08.21 10:08,2026.08.21 03:08,4562.17,4562.34,0.17,189
2026.08.21 10:09,2026.08.21 03:09,4559.22,4559.39,0.17,188
2026.08.21 10:10,2026.08.21 03:10,4559.19,4559.36,0.17,186
2026.08.21 10:11,2026.08.21 03:11,4560.37,4560.54,0.17,160
2026.08.21 10:12,2026.08.21 03:12,4559.23,4559.40,0.17,175
2026.08.21 10:13,2026.08.21 03:13,4559.66,4559.83,0.17,133
2026.08.21 10:14,2026.08.21 03:14,4561.57,4561.74,0.17,147
2026.08.21 10:15,2026.08.21 03:15,4561.48,4561.65,0.17,172
2026.08.21 10:16,2026.08.21 03:16,4562.74,4562.91,0.17,149
2026.08.21 10:17,2026.08.21 03:17,4565.47,4565.64,0.17,159
2026.08.21 10:18,2026.08.21 03:18,4566.52,4566.69,0.17,161
2026.08.21 10:19,2026.08.21 03:19,4566.17,4566.34,0.17,138
2026.08.21 10:20,2026.08.21 03:20,4565.12,4565.29,0.17,175
2026.08.21 10:21,2026.08.21 03:21,4566.29,4566.46,0.17,197
2026.08.21 10:22,2026.08.21 03:22,4564.10,4564.27,0.17,168
2026.08.21 10:23,2026.08.21 03:23,4564.89,4565.06,0.17,177
2026.08.21 10:24,2026.08.21 03:24,4562.95,4563.12,0.17,148
2026.08.21 10:25,2026.08.21 03:25,4562.61,4562.78,0.17,156
2026.08.21 10:26,2026.08.21 03:26,4561.51,4561.68,0.17,153
2026.08.21 10:27,2026.08.21 03:27,4561.85,4562.02,0.17,123
2026.08.21 10:28,2026.08.21 03:28,4562.40,4562.57,0.17,130
2026.08.21 10:29,2026.08.21 03:29,4560.96,4561.13,0.17,128
2026.08.21 10:30,2026.08.21 03:30,4563.82,4563.99,0.17,222
2026.08.21 10:31,2026.08.21 03:31,4562.31,4562.48,0.17,184
2026.08.21 10:32,2026.08.21 03:32,4562.26,4562.43,0.17,158
2026.08.21 10:33,2026.08.21 03:33,4562.44,4562.61,0.17,174
2026.08.21 10:34,2026.08.21 03:34,4561.26,4561.43,0.17,129
2026.08.21 10:35,2026.08.21 03:35,4561.68,4561.85,0.17,159
2026.08.21 10:36,2026.08.21 03:36,4562.70,4562.87,0.17,187
2026.08.21 10:37,2026.08.21 03:37,4561.15,4561.32,0.17,143
2026.08.21 10:38,2026.08.21 03:38,4564.36,4564.53,0.17,175
2026.08.21 10:39,2026.08.21 03:39,4564.79,4564.96,0.17,159
2026.08.21 10:40,2026.08.21 03:40,4563.72,4563.89,0.17,164
2026.08.21 10:41,2026.08.21 03:41,4564.64,4564.81,0.17,151
2026.08.21 10:42,2026.08.21 03:42,4565.94,4566.11,0.17,144
2026.08.21 10:43,2026.08.21 03:43,4565.72,4565.89,0.17,173
2026.08.21 10:44,2026.08.21 03:44,4564.84,4565.01,0.17,172
2026.08.21 10:45,2026.08.21 03:45,4564.02,4564.19,0.17,146
2026.08.21 10:46,2026.08.21 03:46,4563.99,4564.16,0.17,157
2026.08.21 10:47,2026.08.21 03:47,4567.89,4568.06,0.17,191
2026.08.21 10:48,2026.08.21 03:48,4564.93,4565.10,0.17,219
2026.08.21 10:49,2026.08.21 03:49,4565.86,4566.03,0.17,163
2026.08.21 10:50,2026.08.21 03:50,4565.22,4565.39,0.17,195
2026.08.21 10:51,2026.08.21 03:51,4563.68,4563.85,0.17,134
2026.08.21 10:52,2026.08.21 03:52,4563.13,4563.30,0.17,166
2026.08.21 10:53,2026.08.21 03:53,4562.55,4562.72,0.17,137
2026.08.21 10:54,2026.08.21 03:54,4561.89,4562.06,0.17,135
2026.08.21 10:55,2026.08.21 03:55,4562.95,4563.12,0.17,135
2026.08.21 10:56,2026.08.21 03:56,4563.52,4563.69,0.17,175
2026.08.21 10:57,2026.08.21 03:57,4563.63,4563.80,0.17,147
2026.08.21 10:58,2026.08.21 03:58,4563.38,4563.55,0.17,120
2026.08.21 10:59,2026.08.21 03:59,4564.16,4564.33,0.17,139
2026.08.21 11:00,2026.08.21 04:00,4564.75,4564.92,0.17,236
2026.08.21 11:01,2026.08.21 04:01,4564.75,4564.92,0.17,190
2026.08.21 11:02,2026.08.21 04:02,4564.79,4564.96,0.17,129
2026.08.21 11:03,2026.08.21 04:03,4562.33,4562.50,0.17,180
2026.08.21 11:04,2026.08.21 04:04,4561.54,4561.71,0.17,159
2026.08.21 11:05,2026.08.21 04:05,4560.12,4560.29,0.17,173
2026.08.21 11:06,2026.08.21 04:06,4560.04,4560.21,0.17,240
2026.08.21 11:07,2026.08.21 04:07,4560.32,4560.49,0.17,187
2026.08.21 11:08,2026.08.21 04:08,4560.86,4561.03,0.17,180
2026.08.21 11:09,2026.08.21 04:09,4561.58,4561.75,0.17,190
2026.08.21 11:10,2026.08.21 04:10,4562.31,4562.48,0.17,152
2026.08.21 11:11,2026.08.21 04:11,4565.33,4565.50,0.17,162
2026.08.21 11:12,2026.08.21 04:12,4565.26,4565.43,0.17,165
2026.08.21 11:13,2026.08.21 04:13,4567.61,4567.78,0.17,189
2026.08.21 11:14,2026.08.21 04:14,4564.75,4564.92,0.17,209
2026.08.21 11:15,2026.08.21 04:15,4564.98,4565.15,0.17,176
2026.08.21 11:16,2026.08.21 04:16,4567.55,4567.72,0.17,136
2026.08.21 11:17,2026.08.21 04:17,4569.57,4569.74,0.17,217
2026.08.21 11:18,2026.08.21 04:18,4569.22,4569.39,0.17,178
2026.08.21 11:19,2026.08.21 04:19,4572.24,4572.41,0.17,243
2026.08.21 11:20,2026.08.21 04:20,4573.15,4573.32,0.17,203
2026.08.21 11:21,2026.08.21 04:21,4575.55,4575.72,0.17,235
2026.08.21 11:22,2026.08.21 04:22,4575.11,4575.28,0.17,209
2026.08.21 11:23,2026.08.21 04:23,4578.33,4578.50,0.17,235
2026.08.21 11:24,2026.08.21 04:24,4577.93,4578.10,0.17,230
2026.08.21 11:25,2026.08.21 04:25,4579.62,4579.79,0.17,275
2026.08.21 11:26,2026.08.21 04:26,4580.45,4580.62,0.17,219
2026.08.21 11:27,2026.08.21 04:27,4580.89,4581.06,0.17,230
2026.08.21 11:28,2026.08.21 04:28,4580.09,4580.26,0.17,221
2026.08.21 11:29,2026.08.21 04:29,4579.22,4579.39,0.17,210
2026.08.21 11:30,2026.08.21 04:30,4578.04,4578.21,0.17,240
2026.08.21 11:31,2026.08.21 04:31,4579.59,4579.76,0.17,218
2026.08.21 11:32,2026.08.21 04:32,4581.34,4581.51,0.17,222
2026.08.21 11:33,2026.08.21 04:33,4580.76,4580.93,0.17,173
2026.08.21 11:34,2026.08.21 04:34,4581.37,4581.54,0.17,172
2026.08.21 11:35,2026.08.21 04:35,4582.47,4582.64,0.17,177
2026.08.21 11:36,2026.08.21 04:36,4581.73,4581.90,0.17,176
2026.08.21 11:37,2026.08.21 04:37,4582.60,4582.77,0.17,171
2026.08.21 11:38,2026.08.21 04:38,4577.35,4577.52,0.17,232
2026.08.21 11:39,2026.08.21 04:39,4579.60,4579.77,0.17,205
2026.08.21 11:40,2026.08.21 04:40,4580.28,4580.45,0.17,200
2026.08.21 11:41,2026.08.21 04:41,4582.09,4582.26,0.17,185
2026.08.21 11:42,2026.08.21 04:42,4582.03,4582.20,0.17,219
2026.08.21 11:43,2026.08.21 04:43,4582.67,4582.84,0.17,175
2026.08.21 11:44,2026.08.21 04:44,4581.97,4582.14,0.17,212
2026.08.21 11:45,2026.08.21 04:45,4581.77,4581.94,0.17,177
2026.08.21 11:46,2026.08.21 04:46,4582.38,4582.55,0.17,164
2026.08.21 11:47,2026.08.21 04:47,4582.76,4582.93,0.17,159
2026.08.21 11:48,2026.08.21 04:48,4580.64,4580.81,0.17,195
2026.08.21 11:49,2026.08.21 04:49,4581.18,4581.35,0.17,178
2026.08.21 11:50,2026.08.21 04:50,4580.59,4580.76,0.17,176
2026.08.21 11:51,2026.08.21 04:51,4581.46,4581.63,0.17,217
2026.08.21 11:52,2026.08.21 04:52,4581.90,4582.07,0.17,167
2026.08.21 11:53,2026.08.21 04:53,4581.80,4581.97,0.17,166
2026.08.21 11:54,2026.08.21 04:54,4581.53,4581.70,0.17,160
2026.08.21 11:55,2026.08.21 04:55,4581.07,4581.24,0.17,164
2026.08.21 11:56,2026.08.21 04:56,4580.90,4581.07,0.17,138
2026.08.21 11:57,2026.08.21 04:57,4582.48,4582.65,0.17,149
2026.08.21 11:58,2026.08.21 04:58,4583.42,4583.59,0.17,171
2026.08.21 11:59,2026.08.21 04:59,4584.01,4584.18,0.17,173
2026.08.21 12:00,2026.08.21 05:00,4584.23,4584.40,0.17,209
2026.08.21 12:01,2026.08.21 05:01,4585.09,4585.26,0.17,159
2026.08.21 12:02,2026.08.21 05:02,4583.11,4583.28,0.17,190
2026.08.21 12:03,2026.08.21 05:03,4583.76,4583.93,0.17,167
2026.08.21 12:04,2026.08.21 05:04,4585.83,4586.00,0.17,185
2026.08.21 12:05,2026.08.21 05:05,4586.35,4586.52,0.17,192
2026.08.21 12:06,2026.08.21 05:06,4587.38,4587.55,0.17,218
2026.08.21 12:07,2026.08.21 05:07,4590.57,4590.74,0.17,214
2026.08.21 12:08,2026.08.21 05:08,4594.08,4594.25,0.17,278
2026.08.21 12:09,2026.08.21 05:09,4596.08,4596.25,0.17,260
2026.08.21 12:10,2026.08.21 05:10,4597.51,4597.68,0.17,263
2026.08.21 12:11,2026.08.21 05:11,4597.69,4597.86,0.17,200
2026.08.21 12:12,2026.08.21 05:12,4597.36,4597.53,0.17,228
2026.08.21 12:13,2026.08.21 05:13,4599.25,4599.42,0.17,234
2026.08.21 12:14,2026.08.21 05:14,4599.15,4599.32,0.17,192
2026.08.21 12:15,2026.08.21 05:15,4600.59,4600.76,0.17,208
2026.08.21 12:16,2026.08.21 05:16,4600.66,4600.83,0.17,222
2026.08.21 12:17,2026.08.21 05:17,4600.82,4600.99,0.17,176
2026.08.21 12:18,2026.08.21 05:18,4596.71,4596.88,0.17,254
2026.08.21 12:19,2026.08.21 05:19,4592.35,4592.52,0.17,243
2026.08.21 12:20,2026.08.21 05:20,4591.09,4591.26,0.17,257
2026.08.21 12:21,2026.08.21 05:21,4589.23,4589.40,0.17,252
2026.08.21 12:22,2026.08.21 05:22,4588.32,4588.49,0.17,191
2026.08.21 12:23,2026.08.21 05:23,4586.25,4586.42,0.17,248
2026.08.21 12:24,2026.08.21 05:24,4585.86,4586.03,0.17,209
2026.08.21 12:25,2026.08.21 05:25,4586.83,4587.00,0.17,199
2026.08.21 12:26,2026.08.21 05:26,4586.63,4586.80,0.17,205
2026.08.21 12:27,2026.08.21 05:27,4583.68,4583.85,0.17,199
2026.08.21 12:28,2026.08.21 05:28,4581.63,4581.80,0.17,204
2026.08.21 12:29,2026.08.21 05:29,4582.68,4582.85,0.17,167
2026.08.21 12:30,2026.08.21 05:30,4582.83,4583.00,0.17,238
2026.08.21 12:31,2026.08.21 05:31,4583.87,4584.04,0.17,214
2026.08.21 12:32,2026.08.21 05:32,4583.44,4583.61,0.17,201
2026.08.21 12:33,2026.08.21 05:33,4582.80,4582.97,0.17,171
2026.08.21 12:34,2026.08.21 05:34,4581.19,4581.36,0.17,135
2026.08.21 12:35,2026.08.21 05:35,4581.96,4582.13,0.17,199
2026.08.21 12:36,2026.08.21 05:36,4583.94,4584.11,0.17,149
2026.08.21 12:37,2026.08.21 05:37,4585.49,4585.66,0.17,148
2026.08.21 12:38,2026.08.21 05:38,4584.65,4584.82,0.17,107
2026.08.21 12:39,2026.08.21 05:39,4585.89,4586.06,0.17,151
2026.08.21 12:40,2026.08.21 05:40,4585.90,4586.07,0.17,163
2026.08.21 12:41,2026.08.21 05:41,4586.48,4586.65,0.17,142
2026.08.21 12:42,2026.08.21 05:42,4584.60,4584.77,0.17,156
2026.08.21 12:43,2026.08.21 05:43,4583.69,4583.86,0.17,120
2026.08.21 12:44,2026.08.21 05:44,4583.29,4583.46,0.17,158
2026.08.21 12:45,2026.08.21 05:45,4583.05,4583.22,0.17,148
2026.08.21 12:46,2026.08.21 05:46,4581.59,4581.76,0.17,132
2026.08.21 12:47,2026.08.21 05:47,4582.38,4582.55,0.17,137
2026.08.21 12:48,2026.08.21 05:48,4581.76,4581.93,0.17,141
2026.08.21 12:49,2026.08.21 05:49,4581.24,4581.41,0.17,132
2026.08.21 12:50,2026.08.21 05:50,4581.53,4581.70,0.17,131
2026.08.21 12:51,2026.08.21 05:51,4581.83,4582.00,0.17,137
2026.08.21 12:52,2026.08.21 05:52,4581.66,4581.83,0.17,114
2026.08.21 12:53,2026.08.21 05:53,4582.63,4582.80,0.17,160
2026.08.21 12:54,2026.08.21 05:54,4585.05,4585.22,0.17,150
2026.08.21 12:55,2026.08.21 05:55,4585.02,4585.19,0.17,155
2026.08.21 12:56,2026.08.21 05:56,4584.35,4584.52,0.17,112
2026.08.21 12:57,2026.08.21 05:57,4584.36,4584.53,0.17,105
2026.08.21 12:58,2026.08.21 05:58,4581.48,4581.65,0.17,161
2026.08.21 12:59,2026.08.21 05:59,4582.33,4582.50,0.17,125
2026.08.21 13:00,2026.08.21 06:00,4582.78,4582.95,0.17,174
2026.08.21 13:01,2026.08.21 06:01,4586.42,4586.59,0.17,184
2026.08.21 13:02,2026.08.21 06:02,4586.64,4586.81,0.17,244
2026.08.21 13:03,2026.08.21 06:03,4587.20,4587.37,0.17,163
2026.08.21 13:04,2026.08.21 06:04,4584.64,4584.81,0.17,159
2026.08.21 13:05,2026.08.21 06:05,4583.99,4584.16,0.17,212
2026.08.21 13:06,2026.08.21 06:06,4584.33,4584.50,0.17,171
2026.08.21 13:07,2026.08.21 06:07,4584.02,4584.19,0.17,202
2026.08.21 13:08,2026.08.21 06:08,4582.05,4582.22,0.17,185
2026.08.21 13:09,2026.08.21 06:09,4583.53,4583.70,0.17,207
2026.08.21 13:10,2026.08.21 06:10,4583.01,4583.18,0.17,217
2026.08.21 13:11,2026.08.21 06:11,4580.20,4580.37,0.17,231
2026.08.21 13:12,2026.08.21 06:12,4580.07,4580.24,0.17,182
2026.08.21 13:13,2026.08.21 06:13,4579.73,4579.90,0.17,238
2026.08.21 13:14,2026.08.21 06:14,4579.00,4579.17,0.17,213
2026.08.21 13:15,2026.08.21 06:15,4580.65,4580.82,0.17,195
2026.08.21 13:16,2026.08.21 06:16,4581.91,4582.08,0.17,169
2026.08.21 13:17,2026.08.21 06:17,4584.16,4584.33,0.17,192
2026.08.21 13:18,2026.08.21 06:18,4586.57,4586.74,0.17,164
2026.08.21 13:19,2026.08.21 06:19,4584.55,4584.72,0.17,166
2026.08.21 13:20,2026.08.21 06:20,4585.06,4585.23,0.17,170
2026.08.21 13:21,2026.08.21 06:21,4583.43,4583.60,0.17,176
2026.08.21 13:22,2026.08.21 06:22,4584.46,4584.63,0.17,110
2026.08.21 13:23,2026.08.21 06:23,4585.67,4585.84,0.17,110
2026.08.21 13:24,2026.08.21 06:24,4585.88,4586.05,0.17,154
2026.08.21 13:25,2026.08.21 06:25,4586.43,4586.60,0.17,131
2026.08.21 13:26,2026.08.21 06:26,4588.60,4588.77,0.17,185
2026.08.21 13:27,2026.08.21 06:27,4586.82,4586.99,0.17,213
2026.08.21 13:28,2026.08.21 06:28,4587.90,4588.07,0.17,172
2026.08.21 13:29,2026.08.21 06:29,4588.26,4588.43,0.17,147
2026.08.21 13:30,2026.08.21 06:30,4587.48,4587.65,0.17,126
2026.08.21 13:31,2026.08.21 06:31,4586.82,4586.99,0.17,157
2026.08.21 13:32,2026.08.21 06:32,4588.30,4588.47,0.17,119
2026.08.21 13:33,2026.08.21 06:33,4589.05,4589.22,0.17,137
2026.08.21 13:34,2026.08.21 06:34,4590.98,4591.15,0.17,175
2026.08.21 13:35,2026.08.21 06:35,4590.07,4590.24,0.17,179
2026.08.21 13:36,2026.08.21 06:36,4591.26,4591.43,0.17,163
2026.08.21 13:37,2026.08.21 06:37,4591.95,4592.12,0.17,151
2026.08.21 13:38,2026.08.21 06:38,4592.78,4592.95,0.17,136
2026.08.21 13:39,2026.08.21 06:39,4592.04,4592.21,0.17,106
2026.08.21 13:40,2026.08.21 06:40,4593.21,4593.38,0.17,160
2026.08.21 13:41,2026.08.21 06:41,4592.68,4592.85,0.17,128
2026.08.21 13:42,2026.08.21 06:42,4592.48,4592.65,0.17,114
2026.08.21 13:43,2026.08.21 06:43,4593.27,4593.44,0.17,101
2026.08.21 13:44,2026.08.21 06:44,4593.56,4593.73,0.17,126
2026.08.21 13:45,2026.08.21 06:45,4592.42,4592.59,0.17,142
2026.08.21 13:46,2026.08.21 06:46,4591.47,4591.64,0.17,154
2026.08.21 13:47,2026.08.21 06:47,4591.71,4591.88,0.17,131
2026.08.21 13:48,2026.08.21 06:48,4590.41,4590.58,0.17,122
2026.08.21 13:49,2026.08.21 06:49,4590.85,4591.02,0.17,165
2026.08.21 13:50,2026.08.21 06:50,4589.49,4589.66,0.17,155
2026.08.21 13:51,2026.08.21 06:51,4590.40,4590.57,0.17,141
2026.08.21 13:52,2026.08.21 06:52,4590.31,4590.48,0.17,156
2026.08.21 13:53,2026.08.21 06:53,4591.42,4591.59,0.17,220
2026.08.21 13:54,2026.08.21 06:54,4589.92,4590.09,0.17,195
2026.08.21 13:55,2026.08.21 06:55,4589.83,4590.00,0.17,146
2026.08.21 13:56,2026.08.21 06:56,4589.21,4589.38,0.17,163
2026.08.21 13:57,2026.08.21 06:57,4588.32,4588.49,0.17,170
2026.08.21 13:58,2026.08.21 06:58,4588.66,4588.83,0.17,155
2026.08.21 13:59,2026.08.21 06:59,4588.86,4589.03,0.17,174
2026.08.21 14:00,2026.08.21 07:00,4588.19,4588.36,0.17,222
2026.08.21 14:01,2026.08.21 07:01,4590.02,4590.19,0.17,190
2026.08.21 14:02,2026.08.21 07:02,4591.39,4591.56,0.17,179
2026.08.21 14:03,2026.08.21 07:03,4594.03,4594.20,0.17,199
2026.08.21 14:04,2026.08.21 07:04,4593.76,4593.93,0.17,155
2026.08.21 14:05,2026.08.21 07:05,4594.65,4594.82,0.17,193
2026.08.21 14:06,2026.08.21 07:06,4593.10,4593.27,0.17,190
2026.08.21 14:07,2026.08.21 07:07,4593.55,4593.72,0.17,151
2026.08.21 14:08,2026.08.21 07:08,4592.99,4593.16,0.17,153
2026.08.21 14:09,2026.08.21 07:09,4591.88,4592.05,0.17,155
2026.08.21 14:10,2026.08.21 07:10,4592.93,4593.10,0.17,143
2026.08.21 14:11,2026.08.21 07:11,4591.07,4591.24,0.17,128
2026.08.21 14:12,2026.08.21 07:12,4590.03,4590.20,0.17,164
2026.08.21 14:13,2026.08.21 07:13,4589.38,4589.55,0.17,134
2026.08.21 14:14,2026.08.21 07:14,4592.04,4592.21,0.17,144
2026.08.21 14:15,2026.08.21 07:15,4592.49,4592.66,0.17,167
2026.08.21 14:16,2026.08.21 07:16,4593.62,4593.79,0.17,134
2026.08.21 14:17,2026.08.21 07:17,4593.72,4593.89,0.17,166
2026.08.21 14:18,2026.08.21 07:18,4596.98,4597.15,0.17,191
2026.08.21 14:19,2026.08.21 07:19,4596.75,4596.92,0.17,158
2026.08.21 14:20,2026.08.21 07:20,4597.01,4597.18,0.17,176
2026.08.21 14:21,2026.08.21 07:21,4598.72,4598.89,0.17,234
2026.08.21 14:22,2026.08.21 07:22,4597.38,4597.55,0.17,322
2026.08.21 14:23,2026.08.21 07:23,4597.58,4597.75,0.17,197
2026.08.21 14:24,2026.08.21 07:24,4597.15,4597.32,0.17,326
2026.08.21 14:25,2026.08.21 07:25,4599.44,4599.61,0.17,337
2026.08.21 14:26,2026.08.21 07:26,4596.17,4596.34,0.17,277
2026.08.21 14:27,2026.08.21 07:27,4596.50,4596.67,0.17,218
2026.08.21 14:28,2026.08.21 07:28,4597.73,4597.90,0.17,190
2026.08.21 14:29,2026.08.21 07:29,4598.07,4598.24,0.17,237
2026.08.21 14:30,2026.08.21 07:30,4597.23,4597.40,0.17,224
2026.08.21 14:31,2026.08.21 07:31,4596.29,4596.46,0.17,246
2026.08.21 14:32,2026.08.21 07:32,4594.78,4594.95,0.17,225
2026.08.21 14:33,2026.08.21 07:33,4595.69,4595.86,0.17,240
2026.08.21 14:34,2026.08.21 07:34,4596.16,4596.33,0.17,214
2026.08.21 14:35,2026.08.21 07:35,4598.24,4598.41,0.17,215
2026.08.21 14:36,2026.08.21 07:36,4602.39,4602.56,0.17,296
2026.08.21 14:37,2026.08.21 07:37,4603.42,4603.59,0.17,272
2026.08.21 14:38,2026.08.21 07:38,4599.31,4599.48,0.17,250
2026.08.21 14:39,2026.08.21 07:39,4596.52,4596.69,0.17,235
2026.08.21 14:40,2026.08.21 07:40,4595.22,4595.39,0.17,248
2026.08.21 14:41,2026.08.21 07:41,4594.07,4594.24,0.17,235
2026.08.21 14:42,2026.08.21 07:42,4594.01,4594.18,0.17,160
2026.08.21 14:43,2026.08.21 07:43,4595.67,4595.84,0.17,170
2026.08.21 14:44,2026.08.21 07:44,4597.60,4597.77,0.17,208
2026.08.21 14:45,2026.08.21 07:45,4597.45,4597.62,0.17,178
2026.08.21 14:46,2026.08.21 07:46,4598.06,4598.23,0.17,138
2026.08.21 14:47,2026.08.21 07:47,4598.80,4598.97,0.17,188
2026.08.21 14:48,2026.08.21 07:48,4598.28,4598.45,0.17,225
2026.08.21 14:49,2026.08.21 07:49,4599.48,4599.65,0.17,186
2026.08.21 14:50,2026.08.21 07:50,4597.46,4597.63,0.17,231
2026.08.21 14:51,2026.08.21 07:51,4598.06,4598.23,0.17,192
2026.08.21 14:52,2026.08.21 07:52,4597.22,4597.39,0.17,177
2026.08.21 14:53,2026.08.21 07:53,4596.03,4596.20,0.17,207
2026.08.21 14:54,2026.08.21 07:54,4598.14,4598.31,0.17,185
2026.08.21 14:55,2026.08.21 07:55,4597.68,4597.85,0.17,161
2026.08.21 14:56,2026.08.21 07:56,4597.48,4597.65,0.17,202
2026.08.21 14:57,2026.08.21 07:57,4597.64,4597.81,0.17,163
2026.08.21 14:58,2026.08.21 07:58,4596.83,4597.00,0.17,175
2026.08.21 14:59,2026.08.21 07:59,4598.78,4598.95,0.17,150
2026.08.21 15:00,2026.08.21 08:00,4596.53,4596.70,0.17,290
2026.08.21 15:01,2026.08.21 08:01,4601.33,4601.50,0.17,250
2026.08.21 15:02,2026.08.21 08:02,4596.29,4596.46,0.17,234
2026.08.21 15:03,2026.08.21 08:03,4594.67,4594.84,0.17,262
2026.08.21 15:04,2026.08.21 08:04,4596.27,4596.44,0.17,252
2026.08.21 15:05,2026.08.21 08:05,4595.59,4595.76,0.17,260
2026.08.21 15:06,2026.08.21 08:06,4596.04,4596.21,0.17,241
2026.08.21 15:07,2026.08.21 08:07,4598.04,4598.21,0.17,209
2026.08.21 15:08,2026.08.21 08:08,4594.91,4595.08,0.17,216
2026.08.21 15:09,2026.08.21 08:09,4592.14,4592.31,0.17,231
2026.08.21 15:10,2026.08.21 08:10,4592.10,4592.27,0.17,271
2026.08.21 15:11,2026.08.21 08:11,4590.94,4591.11,0.17,226
2026.08.21 15:12,2026.08.21 08:12,4589.61,4589.78,0.17,188
2026.08.21 15:13,2026.08.21 08:13,4591.86,4592.03,0.17,185
2026.08.21 15:14,2026.08.21 08:14,4592.90,4593.07,0.17,259
2026.08.21 15:15,2026.08.21 08:15,4593.75,4593.92,0.17,236
2026.08.21 15:16,2026.08.21 08:16,4589.61,4589.78,0.17,206
2026.08.21 15:17,2026.08.21 08:17,4588.44,4588.61,0.17,227
2026.08.21 15:18,2026.08.21 08:18,4586.64,4586.81,0.17,249
2026.08.21 15:19,2026.08.21 08:19,4587.56,4587.73,0.17,232
2026.08.21 15:20,2026.08.21 08:20,4582.77,4582.94,0.17,289
2026.08.21 15:21,2026.08.21 08:21,4584.15,4584.32,0.17,296
2026.08.21 15:22,2026.08.21 08:22,4583.77,4583.94,0.17,234
2026.08.21 15:23,2026.08.21 08:23,4584.23,4584.40,0.17,230
2026.08.21 15:24,2026.08.21 08:24,4584.40,4584.57,0.17,222
2026.08.21 15:25,2026.08.21 08:25,4585.59,4585.76,0.17,212
2026.08.21 15:26,2026.08.21 08:26,4586.39,4586.56,0.17,182
2026.08.21 15:27,2026.08.21 08:27,4585.77,4585.94,0.17,146
2026.08.21 15:28,2026.08.21 08:28,4586.01,4586.18,0.17,132
2026.08.21 15:29,2026.08.21 08:29,4585.26,4585.43,0.17,130
2026.08.21 15:30,2026.08.21 08:30,4580.05,4580.22,0.17,298
2026.08.21 15:31,2026.08.21 08:31,4583.06,4583.23,0.17,189
2026.08.21 15:32,2026.08.21 08:32,4578.94,4579.11,0.17,241
2026.08.21 15:33,2026.08.21 08:33,4578.12,4578.29,0.17,216
2026.08.21 15:34,2026.08.21 08:34,4577.99,4578.16,0.17,216
2026.08.21 15:35,2026.08.21 08:35,4570.04,4570.21,0.17,306
2026.08.21 15:36,2026.08.21 08:36,4570.43,4570.60,0.17,296
2026.08.21 15:37,2026.08.21 08:37,4569.74,4569.91,0.17,255
2026.08.21 15:38,2026.08.21 08:38,4566.88,4567.05,0.17,247
2026.08.21 15:39,2026.08.21 08:39,4564.34,4564.51,0.17,325
2026.08.21 15:40,2026.08.21 08:40,4566.66,4566.83,0.17,294
2026.08.21 15:41,2026.08.21 08:41,4571.28,4571.45,0.17,318
2026.08.21 15:42,2026.08.21 08:42,4571.31,4571.48,0.17,258
2026.08.21 15:43,2026.08.21 08:43,4575.50,4575.67,0.17,261
2026.08.21 15:44,2026.08.21 08:44,4574.48,4574.65,0.17,262
2026.08.21 15:45,2026.08.21 08:45,4575.83,4576.00,0.17,217
2026.08.21 15:46,2026.08.21 08:46,4576.94,4577.11,0.17,199
2026.08.21 15:47,2026.08.21 08:47,4578.13,4578.30,0.17,244
2026.08.21 15:48,2026.08.21 08:48,4578.04,4578.21,0.17,207
2026.08.21 15:49,2026.08.21 08:49,4579.26,4579.43,0.17,151
2026.08.21 15:50,2026.08.21 08:50,4578.56,4578.75,0.19,204
2026.08.21 15:51,2026.08.21 08:51,4579.49,4579.66,0.17,223
2026.08.21 15:52,2026.08.21 08:52,4578.82,4578.99,0.17,222
2026.08.21 15:53,2026.08.21 08:53,4579.01,4579.18,0.17,204
2026.08.21 15:54,2026.08.21 08:54,4580.37,4580.54,0.17,191
2026.08.21 15:55,2026.08.21 08:55,4578.80,4578.97,0.17,207
2026.08.21 15:56,2026.08.21 08:56,4577.59,4577.76,0.17,214
2026.08.21 15:57,2026.08.21 08:57,4577.07,4577.24,0.17,224
2026.08.21 15:58,2026.08.21 08:58,4576.54,4576.71,0.17,192
2026.08.21 15:59,2026.08.21 08:59,4576.86,4577.04,0.18,198
2026.08.21 16:00,2026.08.21 09:00,4581.38,4581.55,0.17,390
2026.08.21 16:01,2026.08.21 09:01,4582.39,4582.56,0.17,345
2026.08.21 16:02,2026.08.21 09:02,4584.29,4584.46,0.17,296
2026.08.21 16:03,2026.08.21 09:03,4582.28,4582.45,0.17,277
2026.08.21 16:04,2026.08.21 09:04,4580.82,4580.99,0.17,294
2026.08.21 16:05,2026.08.21 09:05,4582.51,4582.68,0.17,314
2026.08.21 16:06,2026.08.21 09:06,4582.87,4583.04,0.17,322
2026.08.21 16:07,2026.08.21 09:07,4581.74,4581.91,0.17,259
2026.08.21 16:08,2026.08.21 09:08,4582.92,4583.09,0.17,256
2026.08.21 16:09,2026.08.21 09:09,4581.18,4581.35,0.17,304
2026.08.21 16:10,2026.08.21 09:10,4582.53,4582.70,0.17,260
2026.08.21 16:11,2026.08.21 09:11,4583.99,4584.16,0.17,285
2026.08.21 16:12,2026.08.21 09:12,4585.82,4585.99,0.17,229
2026.08.21 16:13,2026.08.21 09:13,4584.22,4584.39,0.17,230
2026.08.21 16:14,2026.08.21 09:14,4585.98,4586.15,0.17,185
2026.08.21 16:15,2026.08.21 09:15,4585.75,4585.92,0.17,249
2026.08.21 16:16,2026.08.21 09:16,4583.94,4584.11,0.17,283
2026.08.21 16:17,2026.08.21 09:17,4581.72,4581.89,0.17,284
2026.08.21 16:18,2026.08.21 09:18,4580.51,4580.68,0.17,280
2026.08.21 16:19,2026.08.21 09:19,4580.68,4580.85,0.17,243
2026.08.21 16:20,2026.08.21 09:20,4583.83,4584.00,0.17,261
2026.08.21 16:21,2026.08.21 09:21,4585.96,4586.13,0.17,243
2026.08.21 16:22,2026.08.21 09:22,4584.00,4584.17,0.17,228
2026.08.21 16:23,2026.08.21 09:23,4583.40,4583.57,0.17,228
2026.08.21 16:24,2026.08.21 09:24,4583.30,4583.47,0.17,199
2026.08.21 16:25,2026.08.21 09:25,4583.04,4583.21,0.17,237
2026.08.21 16:26,2026.08.21 09:26,4582.00,4582.17,0.17,231
2026.08.21 16:27,2026.08.21 09:27,4582.70,4582.87,0.17,238
2026.08.21 16:28,2026.08.21 09:28,4584.85,4585.02,0.17,288
2026.08.21 16:29,2026.08.21 09:29,4584.17,4584.34,0.17,288
2026.08.21 16:30,2026.08.21 09:30,4583.38,4583.55,0.17,455
2026.08.21 16:31,2026.08.21 09:31,4582.49,4582.66,0.17,385
2026.08.21 16:32,2026.08.21 09:32,4581.09,4581.26,0.17,416
2026.08.21 16:33,2026.08.21 09:33,4575.24,4575.41,0.17,431
2026.08.21 16:34,2026.08.21 09:34,4573.95,4574.12,0.17,387
2026.08.21 16:35,2026.08.21 09:35,4578.82,4578.99,0.17,410
2026.08.21 16:36,2026.08.21 09:36,4582.01,4582.18,0.17,404
2026.08.21 16:37,2026.08.21 09:37,4587.92,4588.09,0.17,439
2026.08.21 16:38,2026.08.21 09:38,4589.46,4589.63,0.17,414
2026.08.21 16:39,2026.08.21 09:39,4587.16,4587.33,0.17,438
2026.08.21 16:40,2026.08.21 09:40,4589.33,4589.50,0.17,424
2026.08.21 16:41,2026.08.21 09:41,4589.46,4589.63,0.17,410
2026.08.21 16:42,2026.08.21 09:42,4587.70,4587.87,0.17,355
2026.08.21 16:43,2026.08.21 09:43,4588.29,4588.46,0.17,371
2026.08.21 16:44,2026.08.21 09:44,4586.90,4587.27,0.37,241
2026.08.21 16:45,2026.08.21 09:45,4587.45,4587.62,0.17,304
2026.08.21 16:46,2026.08.21 09:46,4590.33,4590.50,0.17,326
2026.08.21 16:47,2026.08.21 09:47,4590.24,4590.41,0.17,330
2026.08.21 16:48,2026.08.21 09:48,4590.46,4590.63,0.17,352
2026.08.21 16:49,2026.08.21 09:49,4589.75,4589.92,0.17,332
2026.08.21 16:50,2026.08.21 09:50,4589.12,4589.29,0.17,341
2026.08.21 16:51,2026.08.21 09:51,4584.99,4585.16,0.17,357
2026.08.21 16:52,2026.08.21 09:52,4582.97,4583.14,0.17,394
2026.08.21 16:53,2026.08.21 09:53,4578.97,4579.14,0.17,378
2026.08.21 16:54,2026.08.21 09:54,4582.11,4582.28,0.17,414
2026.08.21 16:55,2026.08.21 09:55,4584.39,4584.56,0.17,385
2026.08.21 16:56,2026.08.21 09:56,4584.15,4584.32,0.17,338
2026.08.21 16:57,2026.08.21 09:57,4582.63,4582.80,0.17,331
2026.08.21 16:58,2026.08.21 09:58,4581.84,4582.01,0.17,318
2026.08.21 16:59,2026.08.21 09:59,4581.36,4581.53,0.17,329
2026.08.21 17:00,2026.08.21 10:00,4582.07,4582.24,0.17,394
2026.08.21 17:01,2026.08.21 10:01,4582.62,4582.79,0.17,381
2026.08.21 17:02,2026.08.21 10:02,4587.12,4587.29,0.17,362
2026.08.21 17:03,2026.08.21 10:03,4586.47,4586.64,0.17,332
2026.08.21 17:04,2026.08.21 10:04,4589.43,4589.60,0.17,290
2026.08.21 17:05,2026.08.21 10:05,4589.22,4589.39,0.17,332
2026.08.21 17:06,2026.08.21 10:06,4587.98,4588.15,0.17,344
2026.08.21 17:07,2026.08.21 10:07,4585.06,4585.23,0.17,318
2026.08.21 17:08,2026.08.21 10:08,4586.43,4586.60,0.17,352
2026.08.21 17:09,2026.08.21 10:09,4587.16,4587.33,0.17,309
2026.08.21 17:10,2026.08.21 10:10,4587.11,4587.28,0.17,310
2026.08.21 17:11,2026.08.21 10:11,4589.60,4589.77,0.17,314
2026.08.21 17:12,2026.08.21 10:12,4588.67,4588.84,0.17,314
2026.08.21 17:13,2026.08.21 10:13,4588.88,4589.05,0.17,326
2026.08.21 17:14,2026.08.21 10:14,4590.18,4590.35,0.17,307
2026.08.21 17:15,2026.08.21 10:15,4588.47,4588.64,0.17,385
2026.08.21 17:16,2026.08.21 10:16,4589.21,4589.38,0.17,344
2026.08.21 17:17,2026.08.21 10:17,4589.65,4589.82,0.17,352
2026.08.21 17:18,2026.08.21 10:18,4590.28,4590.45,0.17,328
2026.08.21 17:19,2026.08.21 10:19,4590.28,4590.45,0.17,330
2026.08.21 17:20,2026.08.21 10:20,4592.68,4592.85,0.17,378
2026.08.21 17:21,2026.08.21 10:21,4597.45,4597.62,0.17,381
2026.08.21 17:22,2026.08.21 10:22,4596.16,4596.33,0.17,391
2026.08.21 17:23,2026.08.21 10:23,4597.95,4598.12,0.17,387
2026.08.21 17:24,2026.08.21 10:24,4598.40,4598.57,0.17,340
2026.08.21 17:25,2026.08.21 10:25,4599.79,4599.96,0.17,374
2026.08.21 17:26,2026.08.21 10:26,4599.63,4599.80,0.17,348
2026.08.21 17:27,2026.08.21 10:27,4602.42,4602.59,0.17,347
2026.08.21 17:28,2026.08.21 10:28,4601.93,4602.10,0.17,309
2026.08.21 17:29,2026.08.21 10:29,4603.00,4603.17,0.17,316
2026.08.21 17:30,2026.08.21 10:30,4599.84,4600.01,0.17,366
2026.08.21 17:31,2026.08.21 10:31,4599.83,4600.00,0.17,346
2026.08.21 17:32,2026.08.21 10:32,4595.83,4596.00,0.17,376
2026.08.21 17:33,2026.08.21 10:33,4592.70,4592.87,0.17,323
2026.08.21 17:34,2026.08.21 10:34,4588.72,4588.89,0.17,322
2026.08.21 17:35,2026.08.21 10:35,4591.37,4591.54,0.17,402
2026.08.21 17:36,2026.08.21 10:36,4588.04,4588.21,0.17,383
2026.08.21 17:37,2026.08.21 10:37,4584.57,4584.74,0.17,376
2026.08.21 17:38,2026.08.21 10:38,4583.08,4583.25,0.17,428
2026.08.21 17:39,2026.08.21 10:39,4581.83,4582.00,0.17,418
2026.08.21 17:40,2026.08.21 10:40,4584.90,4585.07,0.17,414
2026.08.21 17:41,2026.08.21 10:41,4585.65,4585.82,0.17,351
2026.08.21 17:42,2026.08.21 10:42,4585.45,4585.62,0.17,344
2026.08.21 17:43,2026.08.21 10:43,4589.15,4589.32,0.17,350
2026.08.21 17:44,2026.08.21 10:44,4583.15,4583.32,0.17,358
2026.08.21 17:45,2026.08.21 10:45,4584.67,4584.84,0.17,379
2026.08.21 17:46,2026.08.21 10:46,4585.31,4585.48,0.17,367
2026.08.21 17:47,2026.08.21 10:47,4588.83,4589.00,0.17,341
2026.08.21 17:48,2026.08.21 10:48,4589.35,4589.52,0.17,321
2026.08.21 17:49,2026.08.21 10:49,4591.80,4591.97,0.17,335
2026.08.21 17:50,2026.08.21 10:50,4594.53,4594.70,0.17,362
2026.08.21 17:51,2026.08.21 10:51,4592.08,4592.25,0.17,323
2026.08.21 17:52,2026.08.21 10:52,4589.23,4589.40,0.17,350
2026.08.21 17:53,2026.08.21 10:53,4590.42,4590.59,0.17,356
2026.08.21 17:54,2026.08.21 10:54,4589.10,4589.27,0.17,350
2026.08.21 17:55,2026.08.21 10:55,4585.98,4586.15,0.17,385
2026.08.21 17:56,2026.08.21 10:56,4589.58,4589.75,0.17,337
2026.08.21 17:57,2026.08.21 10:57,4590.24,4590.41,0.17,349
2026.08.21 17:58,2026.08.21 10:58,4592.02,4592.19,0.17,311
2026.08.21 17:59,2026.08.21 10:59,4591.01,4591.18,0.17,298
2026.08.21 18:00,2026.08.21 11:00,4587.62,4587.79,0.17,380
2026.08.21 18:01,2026.08.21 11:01,4589.03,4589.20,0.17,381
2026.08.21 18:02,2026.08.21 11:02,4590.83,4591.00,0.17,399
2026.08.21 18:03,2026.08.21 11:03,4593.82,4593.99,0.17,341
2026.08.21 18:04,2026.08.21 11:04,4593.77,4593.94,0.17,354
2026.08.21 18:05,2026.08.21 11:05,4595.47,4595.64,0.17,335
2026.08.21 18:06,2026.08.21 11:06,4596.84,4597.01,0.17,302
2026.08.21 18:07,2026.08.21 11:07,4596.76,4596.93,0.17,259
2026.08.21 18:08,2026.08.21 11:08,4596.31,4596.50,0.19,288
2026.08.21 18:09,2026.08.21 11:09,4594.05,4594.28,0.23,279
2026.08.21 18:10,2026.08.21 11:10,4597.60,4597.77,0.17,262
2026.08.21 18:11,2026.08.21 11:11,4595.79,4595.96,0.17,276
2026.08.21 18:12,2026.08.21 11:12,4595.33,4595.50,0.17,257
2026.08.21 18:13,2026.08.21 11:13,4595.57,4595.74,0.17,269
2026.08.21 18:14,2026.08.21 11:14,4595.15,4595.33,0.18,256
2026.08.21 18:15,2026.08.21 11:15,4598.42,4598.60,0.18,289
2026.08.21 18:16,2026.08.21 11:16,4597.19,4597.37,0.18,250
2026.08.21 18:17,2026.08.21 11:17,4596.65,4596.83,0.18,244
2026.08.21 18:18,2026.08.21 11:18,4598.06,4598.29,0.23,276
2026.08.21 18:19,2026.08.21 11:19,4597.56,4597.73,0.17,277
2026.08.21 18:20,2026.08.21 11:20,4596.62,4596.80,0.18,263
2026.08.21 18:21,2026.08.21 11:21,4596.89,4597.11,0.22,249
2026.08.21 18:22,2026.08.21 11:22,4599.56,4599.73,0.17,256
2026.08.21 18:23,2026.08.21 11:23,4601.03,4601.20,0.17,225
2026.08.21 18:24,2026.08.21 11:24,4605.80,4605.97,0.17,240
2026.08.21 18:25,2026.08.21 11:25,4602.12,4602.29,0.17,371
2026.08.21 18:26,2026.08.21 11:26,4600.74,4600.91,0.17,326
2026.08.21 18:27,2026.08.21 11:27,4602.25,4602.42,0.17,295
2026.08.21 18:28,2026.08.21 11:28,4604.88,4605.05,0.17,315
2026.08.21 18:29,2026.08.21 11:29,4603.58,4603.75,0.17,344
2026.08.21 18:30,2026.08.21 11:30,4600.83,4601.01,0.18,303
2026.08.21 18:31,2026.08.21 11:31,4600.87,4601.04,0.17,303
2026.08.21 18:32,2026.08.21 11:32,4601.80,4602.00,0.20,322
2026.08.21 18:33,2026.08.21 11:33,4605.34,4605.51,0.17,285
2026.08.21 18:34,2026.08.21 11:34,4606.41,4606.58,0.17,305
2026.08.21 18:35,2026.08.21 11:35,4607.47,4607.64,0.17,329
2026.08.21 18:36,2026.08.21 11:36,4608.11,4608.28,0.17,315
2026.08.21 18:37,2026.08.21 11:37,4605.78,4605.95,0.17,258
2026.08.21 18:38,2026.08.21 11:38,4606.80,4606.97,0.17,241
2026.08.21 18:39,2026.08.21 11:39,4606.45,4606.62,0.17,275
2026.08.21 18:40,2026.08.21 11:40,4607.54,4607.71,0.17,271
2026.08.21 18:41,2026.08.21 11:41,4608.54,4608.71,0.17,300
2026.08.21 18:42,2026.08.21 11:42,4610.14,4610.31,0.17,346
2026.08.21 18:43,2026.08.21 11:43,4610.15,4610.32,0.17,306
2026.08.21 18:44,2026.08.21 11:44,4610.31,4610.48,0.17,263
2026.08.21 18:45,2026.08.21 11:45,4610.45,4610.62,0.17,348
2026.08.21 18:46,2026.08.21 11:46,4609.33,4609.50,0.17,313
2026.08.21 18:47,2026.08.21 11:47,4609.25,4609.42,0.17,246
2026.08.21 18:48,2026.08.21 11:48,4607.79,4607.96,0.17,308
2026.08.21 18:49,2026.08.21 11:49,4607.69,4607.86,0.17,270
2026.08.21 18:50,2026.08.21 11:50,4608.05,4608.22,0.17,293
2026.08.21 18:51,2026.08.21 11:51,4610.67,4610.84,0.17,311
2026.08.21 18:52,2026.08.21 11:52,4612.88,4613.05,0.17,268
2026.08.21 18:53,2026.08.21 11:53,4613.52,4613.69,0.17,297
2026.08.21 18:54,2026.08.21 11:54,4614.27,4614.44,0.17,262
2026.08.21 18:55,2026.08.21 11:55,4612.67,4612.90,0.23,292
2026.08.21 18:56,2026.08.21 11:56,4615.01,4615.18,0.17,324
2026.08.21 18:57,2026.08.21 11:57,4611.66,4611.83,0.17,328
2026.08.21 18:58,2026.08.21 11:58,4613.23,4613.40,0.17,319
2026.08.21 18:59,2026.08.21 11:59,4615.09,4615.26,0.17,286
2026.08.21 19:00,2026.08.21 12:00,4615.31,4615.48,0.17,317
2026.08.21 19:01,2026.08.21 12:01,4614.46,4614.63,0.17,302
2026.08.21 19:02,2026.08.21 12:02,4616.15,4616.32,0.17,264
2026.08.21 19:03,2026.08.21 12:03,4617.08,4617.25,0.17,272
2026.08.21 19:04,2026.08.21 12:04,4616.86,4617.03,0.17,274
2026.08.21 19:05,2026.08.21 12:05,4615.31,4615.48,0.17,307
2026.08.21 19:06,2026.08.21 12:06,4615.29,4615.46,0.17,315
2026.08.21 19:07,2026.08.21 12:07,4615.57,4615.74,0.17,319
2026.08.21 19:08,2026.08.21 12:08,4610.36,4610.53,0.17,287
2026.08.21 19:09,2026.08.21 12:09,4610.75,4610.92,0.17,339
2026.08.21 19:10,2026.08.21 12:10,4612.88,4613.05,0.17,258
2026.08.21 19:11,2026.08.21 12:11,4612.50,4612.67,0.17,263
2026.08.21 19:12,2026.08.21 12:12,4614.19,4614.36,0.17,229
2026.08.21 19:13,2026.08.21 12:13,4615.11,4615.28,0.17,241
2026.08.21 19:14,2026.08.21 12:14,4614.86,4615.03,0.17,260
2026.08.21 19:15,2026.08.21 12:15,4615.24,4615.41,0.17,278
2026.08.21 19:16,2026.08.21 12:16,4615.56,4615.73,0.17,273
2026.08.21 19:17,2026.08.21 12:17,4615.78,4615.95,0.17,262
2026.08.21 19:18,2026.08.21 12:18,4614.49,4614.66,0.17,222
2026.08.21 19:19,2026.08.21 12:19,4613.78,4613.95,0.17,225
2026.08.21 19:20,2026.08.21 12:20,4619.04,4619.21,0.17,278
2026.08.21 19:21,2026.08.21 12:21,4614.95,4615.12,0.17,428
2026.08.21 19:22,2026.08.21 12:22,4614.20,4614.41,0.21,319
2026.08.21 19:23,2026.08.21 12:23,4613.84,4614.01,0.17,278
2026.08.21 19:24,2026.08.21 12:24,4614.17,4614.34,0.17,258
2026.08.21 19:25,2026.08.21 12:25,4612.54,4612.71,0.17,252
2026.08.21 19:26,2026.08.21 12:26,4611.59,4611.76,0.17,287
2026.08.21 19:27,2026.08.21 12:27,4613.16,4613.33,0.17,252
2026.08.21 19:28,2026.08.21 12:28,4613.37,4613.54,0.17,202
2026.08.21 19:29,2026.08.21 12:29,4613.76,4613.93,0.17,176
2026.08.21 19:30,2026.08.21 12:30,4613.97,4614.14,0.17,250
2026.08.21 19:31,2026.08.21 12:31,4613.23,4613.40,0.17,208
2026.08.21 19:32,2026.08.21 12:32,4615.80,4615.97,0.17,238
2026.08.21 19:33,2026.08.21 12:33,4615.16,4615.33,0.17,224
2026.08.21 19:34,2026.08.21 12:34,4615.57,4615.74,0.17,228
2026.08.21 19:35,2026.08.21 12:35,4616.01,4616.18,0.17,201
2026.08.21 19:36,2026.08.21 12:36,4615.81,4615.98,0.17,226
2026.08.21 19:37,2026.08.21 12:37,4616.78,4616.95,0.17,241
2026.08.21 19:38,2026.08.21 12:38,4620.49,4620.66,0.17,316
2026.08.21 19:39,2026.08.21 12:39,4619.54,4619.71,0.17,257
2026.08.21 19:40,2026.08.21 12:40,4617.72,4617.89,0.17,238
2026.08.21 19:41,2026.08.21 12:41,4619.15,4619.32,0.17,220
2026.08.21 19:42,2026.08.21 12:42,4620.49,4620.66,0.17,229
2026.08.21 19:43,2026.08.21 12:43,4621.34,4621.51,0.17,246
2026.08.21 19:44,2026.08.21 12:44,4621.47,4621.64,0.17,219
2026.08.21 19:45,2026.08.21 12:45,4622.28,4622.45,0.17,221
2026.08.21 19:46,2026.08.21 12:46,4622.30,4622.47,0.17,236
2026.08.21 19:47,2026.08.21 12:47,4624.38,4624.55,0.17,245
2026.08.21 19:48,2026.08.21 12:48,4624.48,4624.65,0.17,264
2026.08.21 19:49,2026.08.21 12:49,4624.32,4624.49,0.17,254
2026.08.21 19:50,2026.08.21 12:50,4625.11,4625.28,0.17,279
2026.08.21 19:51,2026.08.21 12:51,4625.41,4625.58,0.17,280
2026.08.21 19:52,2026.08.21 12:52,4625.59,4625.76,0.17,231
2026.08.21 19:53,2026.08.21 12:53,4626.69,4626.86,0.17,216
2026.08.21 19:54,2026.08.21 12:54,4626.78,4626.95,0.17,227
2026.08.21 19:55,2026.08.21 12:55,4627.04,4627.21,0.17,230
2026.08.21 19:56,2026.08.21 12:56,4627.46,4627.63,0.17,233
2026.08.21 19:57,2026.08.21 12:57,4627.82,4627.99,0.17,211
2026.08.21 19:58,2026.08.21 12:58,4627.87,4628.04,0.17,198
2026.08.21 19:59,2026.08.21 12:59,4628.88,4629.05,0.17,218
2026.08.21 20:00,2026.08.21 13:00,4627.48,4627.65,0.17,292
2026.08.21 20:01,2026.08.21 13:01,4628.12,4628.29,0.17,299
2026.08.21 20:02,2026.08.21 13:02,4629.11,4629.28,0.17,283
2026.08.21 20:03,2026.08.21 13:03,4630.02,4630.19,0.17,269
2026.08.21 20:04,2026.08.21 13:04,4628.79,4628.96,0.17,227
2026.08.21 20:05,2026.08.21 13:05,4627.11,4627.28,0.17,237
2026.08.21 20:06,2026.08.21 13:06,4627.92,4628.09,0.17,228
2026.08.21 20:07,2026.08.21 13:07,4630.18,4630.35,0.17,249
2026.08.21 20:08,2026.08.21 13:08,4630.92,4631.09,0.17,263
2026.08.21 20:09,2026.08.21 13:09,4631.33,4631.50,0.17,261
2026.08.21 20:10,2026.08.21 13:10,4629.07,4629.24,0.17,289
2026.08.21 20:11,2026.08.21 13:11,4627.71,4627.88,0.17,270
2026.08.21 20:12,2026.08.21 13:12,4624.83,4625.00,0.17,315
2026.08.21 20:13,2026.08.21 13:13,4622.42,4622.59,0.17,324
2026.08.21 20:14,2026.08.21 13:14,4623.81,4623.98,0.17,324
2026.08.21 20:15,2026.08.21 13:15,4623.30,4623.47,0.17,349
2026.08.21 20:16,2026.08.21 13:16,4624.28,4624.45,0.17,286
2026.08.21 20:17,2026.08.21 13:17,4622.83,4623.00,0.17,285
2026.08.21 20:18,2026.08.21 13:18,4624.42,4624.59,0.17,305
2026.08.21 20:19,2026.08.21 13:19,4622.28,4622.45,0.17,303
2026.08.21 20:20,2026.08.21 13:20,4622.26,4622.43,0.17,266
2026.08.21 20:21,2026.08.21 13:21,4622.89,4623.06,0.17,239
2026.08.21 20:22,2026.08.21 13:22,4619.07,4619.24,0.17,282
2026.08.21 20:23,2026.08.21 13:23,4616.28,4616.45,0.17,360
2026.08.21 20:24,2026.08.21 13:24,4617.68,4617.85,0.17,338
2026.08.21 20:25,2026.08.21 13:25,4616.94,4617.11,0.17,275
2026.08.21 20:26,2026.08.21 13:26,4617.90,4618.07,0.17,258
2026.08.21 20:27,2026.08.21 13:27,4619.93,4620.10,0.17,251
2026.08.21 20:28,2026.08.21 13:28,4623.40,4623.57,0.17,322
2026.08.21 20:29,2026.08.21 13:29,4622.31,4622.48,0.17,367
2026.08.21 20:30,2026.08.21 13:30,4621.57,4621.74,0.17,279
2026.08.21 20:31,2026.08.21 13:31,4621.38,4621.55,0.17,255
2026.08.21 20:32,2026.08.21 13:32,4620.22,4620.39,0.17,239
2026.08.21 20:33,2026.08.21 13:33,4620.66,4620.83,0.17,223
2026.08.21 20:34,2026.08.21 13:34,4621.50,4621.67,0.17,215
2026.08.21 20:35,2026.08.21 13:35,4624.04,4624.21,0.17,242
2026.08.21 20:36,2026.08.21 13:36,4623.93,4624.10,0.17,195
2026.08.21 20:37,2026.08.21 13:37,4623.63,4623.80,0.17,196
2026.08.21 20:38,2026.08.21 13:38,4623.23,4623.40,0.17,169
2026.08.21 20:39,2026.08.21 13:39,4622.72,4622.89,0.17,183
2026.08.21 20:40,2026.08.21 13:40,4623.08,4623.25,0.17,160
2026.08.21 20:41,2026.08.21 13:41,4624.44,4624.63,0.19,166
2026.08.21 20:42,2026.08.21 13:42,4622.11,4622.28,0.17,219
2026.08.21 20:43,2026.08.21 13:43,4622.96,4623.13,0.17,171
2026.08.21 20:44,2026.08.21 13:44,4618.74,4618.91,0.17,221
2026.08.21 20:45,2026.08.21 13:45,4618.00,4618.17,0.17,281
2026.08.21 20:46,2026.08.21 13:46,4617.89,4618.06,0.17,239
2026.08.21 20:47,2026.08.21 13:47,4618.28,4618.45,0.17,203
2026.08.21 20:48,2026.08.21 13:48,4618.18,4618.35,0.17,224
2026.08.21 20:49,2026.08.21 13:49,4619.01,4619.18,0.17,198
2026.08.21 20:50,2026.08.21 13:50,4620.44,4620.61,0.17,257
2026.08.21 20:51,2026.08.21 13:51,4619.80,4619.97,0.17,242
2026.08.21 20:52,2026.08.21 13:52,4619.13,4619.30,0.17,171
2026.08.21 20:53,2026.08.21 13:53,4620.22,4620.39,0.17,205
2026.08.21 20:54,2026.08.21 13:54,4619.47,4619.66,0.19,192
2026.08.21 20:55,2026.08.21 13:55,4620.36,4620.53,0.17,158
2026.08.21 20:56,2026.08.21 13:56,4620.52,4620.69,0.17,121
2026.08.21 20:57,2026.08.21 13:57,4621.19,4621.36,0.17,165
2026.08.21 20:58,2026.08.21 13:58,4620.38,4620.55,0.17,177
2026.08.21 20:59,2026.08.21 13:59,4620.88,4621.05,0.17,147
2026.08.21 21:00,2026.08.21 14:00,4621.68,4621.87,0.19,183
2026.08.21 21:01,2026.08.21 14:01,4622.33,4622.50,0.17,205
2026.08.21 21:02,2026.08.21 14:02,4624.91,4625.13,0.22,196
2026.08.21 21:03,2026.08.21 14:03,4626.13,4626.31,0.18,192
2026.08.21 21:04,2026.08.21 14:04,4626.00,4626.17,0.17,113
2026.08.21 21:05,2026.08.21 14:05,4624.77,4624.95,0.18,245
2026.08.21 21:06,2026.08.21 14:06,4625.33,4625.55,0.22,186
2026.08.21 21:07,2026.08.21 14:07,4626.00,4626.17,0.17,165
2026.08.21 21:08,2026.08.21 14:08,4626.20,4626.37,0.17,150
2026.08.21 21:09,2026.08.21 14:09,4626.01,4626.18,0.17,158
2026.08.21 21:10,2026.08.21 14:10,4624.03,4624.20,0.17,164
2026.08.21 21:11,2026.08.21 14:11,4624.44,4624.61,0.17,173
2026.08.21 21:12,2026.08.21 14:12,4624.15,4624.32,0.17,128
2026.08.21 21:13,2026.08.21 14:13,4624.41,4624.58,0.17,146
2026.08.21 21:14,2026.08.21 14:14,4624.27,4624.44,0.17,161
2026.08.21 21:15,2026.08.21 14:15,4624.88,4625.05,0.17,161
2026.08.21 21:16,2026.08.21 14:16,4625.58,4625.75,0.17,183
2026.08.21 21:17,2026.08.21 14:17,4625.61,4625.78,0.17,157
2026.08.21 21:18,2026.08.21 14:18,4626.18,4626.35,0.17,135
2026.08.21 21:19,2026.08.21 14:19,4626.48,4626.65,0.17,133
2026.08.21 21:20,2026.08.21 14:20,4626.49,4626.66,0.17,180
2026.08.21 21:21,2026.08.21 14:21,4625.87,4626.04,0.17,154
2026.08.21 21:22,2026.08.21 14:22,4626.42,4626.59,0.17,146
2026.08.21 21:23,2026.08.21 14:23,4626.11,4626.28,0.17,127
2026.08.21 21:24,2026.08.21 14:24,4627.17,4627.34,0.17,174
2026.08.21 21:25,2026.08.21 14:25,4626.87,4627.04,0.17,206
2026.08.21 21:26,2026.08.21 14:26,4626.28,4626.45,0.17,157
2026.08.21 21:27,2026.08.21 14:27,4625.67,4625.84,0.17,179
2026.08.21 21:28,2026.08.21 14:28,4624.94,4625.11,0.17,193
2026.08.21 21:29,2026.08.21 14:29,4625.12,4625.29,0.17,182
2026.08.21 21:30,2026.08.21 14:30,4620.16,4620.33,0.17,220
2026.08.21 21:31,2026.08.21 14:31,4621.27,4621.44,0.17,231
2026.08.21 21:32,2026.08.21 14:32,4620.82,4620.99,0.17,192
2026.08.21 21:33,2026.08.21 14:33,4621.60,4621.77,0.17,192
2026.08.21 21:34,2026.08.21 14:34,4622.48,4622.65,0.17,171
2026.08.21 21:35,2026.08.21 14:35,4621.60,4621.79,0.19,238
2026.08.21 21:36,2026.08.21 14:36,4622.75,4622.92,0.17,195
2026.08.21 21:37,2026.08.21 14:37,4622.39,4622.56,0.17,206
2026.08.21 21:38,2026.08.21 14:38,4619.80,4619.97,0.17,225
2026.08.21 21:39,2026.08.21 14:39,4619.87,4620.04,0.17,250
2026.08.21 21:40,2026.08.21 14:40,4620.46,4620.66,0.20,203
2026.08.21 21:41,2026.08.21 14:41,4620.77,4620.94,0.17,197
2026.08.21 21:42,2026.08.21 14:42,4620.65,4620.82,0.17,182
2026.08.21 21:43,2026.08.21 14:43,4621.37,4621.54,0.17,167
2026.08.21 21:44,2026.08.21 14:44,4621.54,4621.71,0.17,195
2026.08.21 21:45,2026.08.21 14:45,4622.29,4622.46,0.17,195
2026.08.21 21:46,2026.08.21 14:46,4622.80,4622.97,0.17,152
2026.08.21 21:47,2026.08.21 14:47,4623.14,4623.31,0.17,166
2026.08.21 21:48,2026.08.21 14:48,4624.84,4625.01,0.17,251
2026.08.21 21:49,2026.08.21 14:49,4624.74,4624.91,0.17,211
2026.08.21 21:50,2026.08.21 14:50,4624.53,4624.70,0.17,177
2026.08.21 21:51,2026.08.21 14:51,4623.26,4623.43,0.17,183
2026.08.21 21:52,2026.08.21 14:52,4624.16,4624.33,0.17,155
2026.08.21 21:53,2026.08.21 14:53,4624.65,4624.82,0.17,139
2026.08.21 21:54,2026.08.21 14:54,4624.09,4624.26,0.17,139
2026.08.21 21:55,2026.08.21 14:55,4624.00,4624.18,0.18,162
2026.08.21 21:56,2026.08.21 14:56,4624.06,4624.30,0.24,159
2026.08.21 21:57,2026.08.21 14:57,4624.30,4624.47,0.17,141
2026.08.21 21:58,2026.08.21 14:58,4624.04,4624.21,0.17,165
2026.08.21 21:59,2026.08.21 14:59,4624.14,4624.42,0.28,185
2026.08.21 22:00,2026.08.21 15:00,4623.55,4623.72,0.17,266
2026.08.21 22:01,2026.08.21 15:01,4621.97,4622.14,0.17,204
2026.08.21 22:02,2026.08.21 15:02,4625.10,4625.29,0.19,185
2026.08.21 22:03,2026.08.21 15:03,4622.32,4622.49,0.17,170
2026.08.21 22:04,2026.08.21 15:04,4622.02,4622.19,0.17,175
2026.08.21 22:05,2026.08.21 15:05,4620.45,4620.62,0.17,214
2026.08.21 22:06,2026.08.21 15:06,4620.46,4620.63,0.17,158
2026.08.21 22:07,2026.08.21 15:07,4622.00,4622.17,0.17,155
2026.08.21 22:08,2026.08.21 15:08,4621.29,4621.46,0.17,122
2026.08.21 22:09,2026.08.21 15:09,4621.03,4621.20,0.17,147
2026.08.21 22:10,2026.08.21 15:10,4621.22,4621.39,0.17,153
2026.08.21 22:11,2026.08.21 15:11,4621.05,4621.22,0.17,156
2026.08.21 22:12,2026.08.21 15:12,4622.60,4622.77,0.17,138
2026.08.21 22:13,2026.08.21 15:13,4623.18,4623.35,0.17,162
2026.08.21 22:14,2026.08.21 15:14,4622.31,4622.48,0.17,146
2026.08.21 22:15,2026.08.21 15:15,4621.56,4621.73,0.17,133
2026.08.21 22:16,2026.08.21 15:16,4620.22,4620.39,0.17,132
2026.08.21 22:17,2026.08.21 15:17,4621.72,4621.89,0.17,143
2026.08.21 22:18,2026.08.21 15:18,4622.30,4622.47,0.17,170
2026.08.21 22:19,2026.08.21 15:19,4622.10,4622.27,0.17,148
2026.08.21 22:20,2026.08.21 15:20,4622.56,4622.73,0.17,182
2026.08.21 22:21,2026.08.21 15:21,4622.92,4623.09,0.17,140
2026.08.21 22:22,2026.08.21 15:22,4622.15,4622.32,0.17,165
2026.08.21 22:23,2026.08.21 15:23,4622.83,4623.00,0.17,163
2026.08.21 22:24,2026.08.21 15:24,4622.23,4622.40,0.17,164
2026.08.21 22:25,2026.08.21 15:25,4621.79,4621.96,0.17,179
2026.08.21 22:26,2026.08.21 15:26,4621.86,4622.03,0.17,162
2026.08.21 22:27,2026.08.21 15:27,4620.69,4620.86,0.17,147
2026.08.21 22:28,2026.08.21 15:28,4618.07,4618.24,0.17,177
2026.08.21 22:29,2026.08.21 15:29,4618.81,4618.98,0.17,141
2026.08.21 22:30,2026.08.21 15:30,4619.00,4619.17,0.17,209
2026.08.21 22:31,2026.08.21 15:31,4618.61,4618.78,0.17,158
2026.08.21 22:32,2026.08.21 15:32,4618.51,4618.68,0.17,124
2026.08.21 22:33,2026.08.21 15:33,4617.82,4617.99,0.17,184
2026.08.21 22:34,2026.08.21 15:34,4616.75,4616.92,0.17,149
2026.08.21 22:35,2026.08.21 15:35,4617.05,4617.22,0.17,201
2026.08.21 22:36,2026.08.21 15:36,4616.45,4616.62,0.17,131
2026.08.21 22:37,2026.08.21 15:37,4617.47,4617.64,0.17,97
2026.08.21 22:38,2026.08.21 15:38,4616.92,4617.09,0.17,109
2026.08.21 22:39,2026.08.21 15:39,4618.12,4618.29,0.17,155
2026.08.21 22:40,2026.08.21 15:40,4619.20,4619.37,0.17,169
2026.08.21 22:41,2026.08.21 15:41,4618.92,4619.11,0.19,164
2026.08.21 22:42,2026.08.21 15:42,4618.58,4618.75,0.17,153
2026.08.21 22:43,2026.08.21 15:43,4619.03,4619.20,0.17,138
2026.08.21 22:44,2026.08.21 15:44,4617.93,4618.10,0.17,128
2026.08.21 22:45,2026.08.21 15:45,4619.27,4619.44,0.17,156
2026.08.21 22:46,2026.08.21 15:46,4617.99,4618.16,0.17,154
2026.08.21 22:47,2026.08.21 15:47,4621.43,4621.60,0.17,155
2026.08.21 22:48,2026.08.21 15:48,4622.18,4622.35,0.17,201
2026.08.21 22:49,2026.08.21 15:49,4622.32,4622.49,0.17,171
2026.08.21 22:50,2026.08.21 15:50,4621.69,4621.86,0.17,213
2026.08.21 22:51,2026.08.21 15:51,4622.33,4622.50,0.17,142
2026.08.21 22:52,2026.08.21 15:52,4622.85,4623.02,0.17,151
2026.08.21 22:53,2026.08.21 15:53,4622.01,4622.18,0.17,208
2026.08.21 22:54,2026.08.21 15:54,4620.84,4621.01,0.17,184
2026.08.21 22:55,2026.08.21 15:55,4620.58,4620.75,0.17,270
2026.08.21 22:56,2026.08.21 15:56,4618.70,4618.87,0.17,197
2026.08.21 22:57,2026.08.21 15:57,4618.92,4619.09,0.17,228
2026.08.21 22:58,2026.08.21 15:58,4617.46,4617.63,0.17,216
2026.08.21 22:59,2026.08.21 15:59,4616.44,4616.61,0.17,333
2026.08.21 23:00,2026.08.21 16:00,4616.02,4616.19,0.17,184
2026.08.21 23:01,2026.08.21 16:01,4615.54,4615.73,0.19,140
2026.08.21 23:02,2026.08.21 16:02,4616.43,4616.60,0.17,84
2026.08.21 23:03,2026.08.21 16:03,4617.23,4617.40,0.17,94
2026.08.21 23:04,2026.08.21 16:04,4617.10,4617.27,0.17,40
2026.08.21 23:05,2026.08.21 16:05,4616.77,4616.94,0.17,74
2026.08.21 23:06,2026.08.21 16:06,4616.94,4617.11,0.17,94
2026.08.21 23:07,2026.08.21 16:07,4616.63,4616.80,0.17,86
2026.08.21 23:08,2026.08.21 16:08,4616.83,4617.00,0.17,94
2026.08.21 23:09,2026.08.21 16:09,4616.76,4616.93,0.17,94
2026.08.21 23:10,2026.08.21 16:10,4616.89,4617.12,0.23,89
2026.08.21 23:11,2026.08.21 16:11,4616.63,4616.80,0.17,53
2026.08.21 23:12,2026.08.21 16:12,4617.18,4617.41,0.23,63
2026.08.21 23:13,2026.08.21 16:13,4616.73,4616.93,0.20,50
2026.08.21 23:14,2026.08.21 16:14,4617.26,4617.48,0.22,47
2026.08.21 23:15,2026.08.21 16:15,4616.39,4616.56,0.17,85
2026.08.21 23:16,2026.08.21 16:16,4614.64,4614.81,0.17,58
2026.08.21 23:17,2026.08.21 16:17,4614.63,4614.80,0.17,99
2026.08.21 23:18,2026.08.21 16:18,4611.62,4611.79,0.17,130
2026.08.21 23:19,2026.08.21 16:19,4612.85,4613.02,0.17,123
2026.08.21 23:20,2026.08.21 16:20,4612.28,4612.48,0.20,116
2026.08.21 23:21,2026.08.21 16:21,4611.79,4612.02,0.23,87
2026.08.21 23:22,2026.08.21 16:22,4611.85,4612.03,0.18,91
2026.08.21 23:23,2026.08.21 16:23,4610.92,4611.09,0.17,84
2026.08.21 23:24,2026.08.21 16:24,4610.78,4611.07,0.29,118
2026.08.21 23:25,2026.08.21 16:25,4610.60,4610.77,0.17,102
2026.08.21 23:26,2026.08.21 16:26,4610.93,4611.10,0.17,95
2026.08.21 23:27,2026.08.21 16:27,4611.85,4612.02,0.17,79
2026.08.21 23:28,2026.08.21 16:28,4611.30,4611.47,0.17,84
2026.08.21 23:29,2026.08.21 16:29,4610.41,4610.58,0.17,61
2026.08.21 23:30,2026.08.21 16:30,4611.80,4611.97,0.17,134
2026.08.21 23:31,2026.08.21 16:31,4610.50,4610.67,0.17,89
2026.08.21 23:32,2026.08.21 16:32,4610.52,4610.70,0.18,80
2026.08.21 23:33,2026.08.21 16:33,4610.71,4610.88,0.17,76
2026.08.21 23:34,2026.08.21 16:34,4610.30,4610.51,0.21,93
2026.08.21 23:35,2026.08.21 16:35,4610.47,4610.73,0.26,76
2026.08.21 23:36,2026.08.21 16:36,4610.75,4610.97,0.22,98
2026.08.21 23:37,2026.08.21 16:37,4609.74,4609.91,0.17,76
2026.08.21 23:38,2026.08.21 16:38,4607.72,4607.89,0.17,137
2026.08.21 23:39,2026.08.21 16:39,4607.88,4608.05,0.17,85
2026.08.21 23:40,2026.08.21 16:40,4608.97,4609.31,0.34,110
2026.08.21 23:41,2026.08.21 16:41,4609.25,4609.51,0.26,66
2026.08.21 23:42,2026.08.21 16:42,4608.38,4608.70,0.32,51
2026.08.21 23:43,2026.08.21 16:43,4607.99,4608.16,0.17,73
2026.08.21 23:44,2026.08.21 16:44,4608.50,4608.86,0.36,55
2026.08.21 23:45,2026.08.21 16:45,4608.05,4608.24,0.19,75
2026.08.21 23:46,2026.08.21 16:46,4607.91,4608.26,0.35,79
2026.08.21 23:47,2026.08.21 16:47,4607.03,4607.46,0.43,83
2026.08.21 23:48,2026.08.21 16:48,4604.71,4604.96,0.25,143
2026.08.21 23:49,2026.08.21 16:49,4605.87,4606.10,0.23,110
2026.08.21 23:50,2026.08.21 16:50,4605.68,4606.10,0.42,114
2026.08.21 23:51,2026.08.21 16:51,4604.76,4604.99,0.23,145
2026.08.21 23:52,2026.08.21 16:52,4604.79,4605.13,0.34,93
2026.08.21 23:53,2026.08.21 16:53,4604.56,4604.90,0.34,83
